ISO-10303-21;
HEADER;
/* Generated by software containing ST-Developer
 * from STEP Tools, Inc. (www.steptools.com) 
 */

FILE_DESCRIPTION(
/* description */ (''),
/* implementation_level */ '2;1');

FILE_NAME(
/* name */ 'chassis v1.step',
/* time_stamp */ '2026-04-12T23:44:20-06:00',
/* author */ (''),
/* organization */ (''),
/* preprocessor_version */ 'ST-DEVELOPER v20.1',
/* originating_system */ 'Autodesk Translation Framework v14.24.0.0',
/* authorisation */ '');

FILE_SCHEMA (('AUTOMOTIVE_DESIGN { 1 0 10303 214 3 1 1 }'));
ENDSEC;

DATA;
#10=MECHANICAL_DESIGN_GEOMETRIC_PRESENTATION_REPRESENTATION('',(#35,#36),
#8750);
#11=ITEM_DEFINED_TRANSFORMATION($,$,#1376,#1433);
#12=(
REPRESENTATION_RELATIONSHIP($,$,#8764,#8763)
REPRESENTATION_RELATIONSHIP_WITH_TRANSFORMATION(#11)
SHAPE_REPRESENTATION_RELATIONSHIP()
);
#13=CONTEXT_DEPENDENT_SHAPE_REPRESENTATION(#12,#8762);
#14=NEXT_ASSEMBLY_USAGE_OCCURRENCE('MOUNTING SYSTEM V2 v3:2',
'MOUNTING SYSTEM V2 v3:2','MOUNTING SYSTEM V2 v3:2',#8766,#8767,
'MOUNTING SYSTEM V2 v3:2');
#15=FACE_BOUND('',#199,.T.);
#16=FACE_BOUND('',#200,.T.);
#17=FACE_BOUND('',#201,.T.);
#18=FACE_BOUND('',#202,.T.);
#19=FACE_BOUND('',#203,.T.);
#20=FACE_BOUND('',#204,.T.);
#21=FACE_BOUND('',#205,.T.);
#22=FACE_BOUND('',#206,.T.);
#23=FACE_BOUND('',#211,.T.);
#24=FACE_BOUND('',#212,.T.);
#25=FACE_BOUND('',#213,.T.);
#26=FACE_BOUND('',#214,.T.);
#27=FACE_BOUND('',#220,.T.);
#28=FACE_BOUND('',#221,.T.);
#29=FACE_BOUND('',#222,.T.);
#30=FACE_BOUND('',#223,.T.);
#31=SHAPE_REPRESENTATION_RELATIONSHIP('SRR','None',#8764,#33);
#32=SHAPE_REPRESENTATION_RELATIONSHIP('SRR','None',#8763,#34);
#33=ADVANCED_BREP_SHAPE_REPRESENTATION('',(#37),#8749);
#34=ADVANCED_BREP_SHAPE_REPRESENTATION('',(#38),#8748);
#35=STYLED_ITEM('',(#8777),#37);
#36=STYLED_ITEM('',(#8777),#38);
#37=MANIFOLD_SOLID_BREP('Body1',#1361);
#38=MANIFOLD_SOLID_BREP('Body2',#1362);
#39=(
BOUNDED_SURFACE()
B_SPLINE_SURFACE(2,2,((#1831,#1832,#1833,#1834,#1835,#1836,#1837,#1838,
#1839),(#1840,#1841,#1842,#1843,#1844,#1845,#1846,#1847,#1848),(#1849,#1850,
#1851,#1852,#1853,#1854,#1855,#1856,#1857)),.UNSPECIFIED.,.F.,.T.,.F.)
B_SPLINE_SURFACE_WITH_KNOTS((3,3),(3,2,2,2,3),(-1.47775531462125,-0.285758071567524),
(-3.14159265358979,-1.5707963267949,0.,1.5707963267949,3.14159265358979),
 .UNSPECIFIED.)
GEOMETRIC_REPRESENTATION_ITEM()
RATIONAL_B_SPLINE_SURFACE(((1.,0.707106781186548,1.,0.707106781186548,1.,
0.707106781186548,1.,0.707106781186548,1.),(0.82758834989096,0.585193334238883,
0.82758834989096,0.585193334238883,0.82758834989096,0.585193334238883,0.82758834989096,
0.585193334238883,0.82758834989096),(1.,0.707106781186548,1.,0.707106781186548,
1.,0.707106781186548,1.,0.707106781186548,1.)))
REPRESENTATION_ITEM('')
SURFACE()
);
#40=PLANE('',#1385);
#41=PLANE('',#1388);
#42=PLANE('',#1415);
#43=PLANE('',#1416);
#44=CYLINDRICAL_SURFACE('',#1383,0.15);
#45=CYLINDRICAL_SURFACE('',#1418,0.1);
#46=CYLINDRICAL_SURFACE('',#1419,0.1);
#47=CYLINDRICAL_SURFACE('',#1420,0.1);
#48=CYLINDRICAL_SURFACE('',#1421,0.1);
#49=CYLINDRICAL_SURFACE('',#1422,0.1);
#50=CYLINDRICAL_SURFACE('',#1423,0.10000000319143);
#51=CYLINDRICAL_SURFACE('',#1424,0.1);
#52=CYLINDRICAL_SURFACE('',#1425,0.1);
#53=LINE('',#1802,#64);
#54=LINE('',#1807,#65);
#55=LINE('',#3935,#66);
#56=LINE('',#4573,#67);
#57=LINE('',#4705,#68);
#58=LINE('',#5255,#69);
#59=LINE('',#5870,#70);
#60=LINE('',#6078,#71);
#61=LINE('',#6310,#72);
#62=LINE('',#6431,#73);
#63=LINE('',#6530,#74);
#64=VECTOR('',#1446,0.1895);
#65=VECTOR('',#1453,0.15);
#66=VECTOR('',#1518,0.393700787401575);
#67=VECTOR('',#1525,0.1);
#68=VECTOR('',#1528,0.1);
#69=VECTOR('',#1531,0.1);
#70=VECTOR('',#1534,0.1);
#71=VECTOR('',#1537,0.1);
#72=VECTOR('',#1540,0.10000000319143);
#73=VECTOR('',#1543,0.1);
#74=VECTOR('',#1546,0.1);
#75=CONICAL_SURFACE('',#1379,0.1895,0.715584993317675);
#76=FACE_OUTER_BOUND('',#158,.T.);
#77=FACE_OUTER_BOUND('',#159,.T.);
#78=FACE_OUTER_BOUND('',#160,.T.);
#79=FACE_OUTER_BOUND('',#161,.T.);
#80=FACE_OUTER_BOUND('',#162,.T.);
#81=FACE_OUTER_BOUND('',#163,.T.);
#82=FACE_OUTER_BOUND('',#164,.T.);
#83=FACE_OUTER_BOUND('',#165,.T.);
#84=FACE_OUTER_BOUND('',#166,.T.);
#85=FACE_OUTER_BOUND('',#167,.T.);
#86=FACE_OUTER_BOUND('',#168,.T.);
#87=FACE_OUTER_BOUND('',#169,.T.);
#88=FACE_OUTER_BOUND('',#170,.T.);
#89=FACE_OUTER_BOUND('',#171,.T.);
#90=FACE_OUTER_BOUND('',#172,.T.);
#91=FACE_OUTER_BOUND('',#173,.T.);
#92=FACE_OUTER_BOUND('',#174,.T.);
#93=FACE_OUTER_BOUND('',#175,.T.);
#94=FACE_OUTER_BOUND('',#176,.T.);
#95=FACE_OUTER_BOUND('',#177,.T.);
#96=FACE_OUTER_BOUND('',#178,.T.);
#97=FACE_OUTER_BOUND('',#179,.T.);
#98=FACE_OUTER_BOUND('',#180,.T.);
#99=FACE_OUTER_BOUND('',#181,.T.);
#100=FACE_OUTER_BOUND('',#182,.T.);
#101=FACE_OUTER_BOUND('',#183,.T.);
#102=FACE_OUTER_BOUND('',#184,.T.);
#103=FACE_OUTER_BOUND('',#185,.T.);
#104=FACE_OUTER_BOUND('',#186,.T.);
#105=FACE_OUTER_BOUND('',#187,.T.);
#106=FACE_OUTER_BOUND('',#188,.T.);
#107=FACE_OUTER_BOUND('',#189,.T.);
#108=FACE_OUTER_BOUND('',#190,.T.);
#109=FACE_OUTER_BOUND('',#191,.T.);
#110=FACE_OUTER_BOUND('',#192,.T.);
#111=FACE_OUTER_BOUND('',#193,.T.);
#112=FACE_OUTER_BOUND('',#194,.T.);
#113=FACE_OUTER_BOUND('',#195,.T.);
#114=FACE_OUTER_BOUND('',#196,.T.);
#115=FACE_OUTER_BOUND('',#197,.T.);
#116=FACE_OUTER_BOUND('',#198,.T.);
#117=FACE_OUTER_BOUND('',#207,.T.);
#118=FACE_OUTER_BOUND('',#208,.T.);
#119=FACE_OUTER_BOUND('',#209,.T.);
#120=FACE_OUTER_BOUND('',#210,.T.);
#121=FACE_OUTER_BOUND('',#215,.T.);
#122=FACE_OUTER_BOUND('',#216,.T.);
#123=FACE_OUTER_BOUND('',#217,.T.);
#124=FACE_OUTER_BOUND('',#218,.T.);
#125=FACE_OUTER_BOUND('',#219,.T.);
#126=FACE_OUTER_BOUND('',#224,.T.);
#127=FACE_OUTER_BOUND('',#225,.T.);
#128=FACE_OUTER_BOUND('',#226,.T.);
#129=FACE_OUTER_BOUND('',#227,.T.);
#130=FACE_OUTER_BOUND('',#228,.T.);
#131=FACE_OUTER_BOUND('',#229,.T.);
#132=FACE_OUTER_BOUND('',#230,.T.);
#133=FACE_OUTER_BOUND('',#231,.T.);
#134=FACE_OUTER_BOUND('',#232,.T.);
#135=FACE_OUTER_BOUND('',#233,.T.);
#136=FACE_OUTER_BOUND('',#234,.T.);
#137=FACE_OUTER_BOUND('',#235,.T.);
#138=FACE_OUTER_BOUND('',#236,.T.);
#139=FACE_OUTER_BOUND('',#237,.T.);
#140=FACE_OUTER_BOUND('',#238,.T.);
#141=FACE_OUTER_BOUND('',#239,.T.);
#142=FACE_OUTER_BOUND('',#240,.T.);
#143=FACE_OUTER_BOUND('',#241,.T.);
#144=FACE_OUTER_BOUND('',#242,.T.);
#145=FACE_OUTER_BOUND('',#243,.T.);
#146=FACE_OUTER_BOUND('',#244,.T.);
#147=FACE_OUTER_BOUND('',#245,.T.);
#148=FACE_OUTER_BOUND('',#246,.T.);
#149=FACE_OUTER_BOUND('',#247,.T.);
#150=FACE_OUTER_BOUND('',#248,.T.);
#151=FACE_OUTER_BOUND('',#249,.T.);
#152=FACE_OUTER_BOUND('',#250,.T.);
#153=FACE_OUTER_BOUND('',#251,.T.);
#154=FACE_OUTER_BOUND('',#252,.T.);
#155=FACE_OUTER_BOUND('',#253,.T.);
#156=FACE_OUTER_BOUND('',#254,.T.);
#157=FACE_OUTER_BOUND('',#255,.T.);
#158=EDGE_LOOP('',(#794,#795,#796,#797,#798));
#159=EDGE_LOOP('',(#799,#800,#801,#802,#803));
#160=EDGE_LOOP('',(#804,#805,#806,#807));
#161=EDGE_LOOP('',(#808));
#162=EDGE_LOOP('',(#809,#810,#811,#812));
#163=EDGE_LOOP('',(#813,#814,#815,#816,#817,#818,#819));
#164=EDGE_LOOP('',(#820,#821));
#165=EDGE_LOOP('',(#822,#823,#824,#825));
#166=EDGE_LOOP('',(#826,#827,#828,#829,#830));
#167=EDGE_LOOP('',(#831,#832,#833,#834,#835));
#168=EDGE_LOOP('',(#836,#837,#838,#839));
#169=EDGE_LOOP('',(#840,#841,#842,#843));
#170=EDGE_LOOP('',(#844,#845,#846,#847));
#171=EDGE_LOOP('',(#848,#849,#850,#851));
#172=EDGE_LOOP('',(#852,#853,#854,#855));
#173=EDGE_LOOP('',(#856,#857,#858,#859));
#174=EDGE_LOOP('',(#860,#861,#862,#863));
#175=EDGE_LOOP('',(#864,#865,#866,#867));
#176=EDGE_LOOP('',(#868,#869,#870,#871));
#177=EDGE_LOOP('',(#872,#873,#874,#875));
#178=EDGE_LOOP('',(#876,#877,#878,#879));
#179=EDGE_LOOP('',(#880,#881,#882,#883));
#180=EDGE_LOOP('',(#884,#885,#886,#887));
#181=EDGE_LOOP('',(#888,#889,#890,#891));
#182=EDGE_LOOP('',(#892,#893,#894,#895));
#183=EDGE_LOOP('',(#896,#897,#898,#899));
#184=EDGE_LOOP('',(#900,#901,#902,#903));
#185=EDGE_LOOP('',(#904,#905,#906,#907));
#186=EDGE_LOOP('',(#908,#909,#910,#911,#912,#913,#914,#915));
#187=EDGE_LOOP('',(#916,#917,#918,#919,#920,#921,#922));
#188=EDGE_LOOP('',(#923,#924,#925,#926,#927));
#189=EDGE_LOOP('',(#928,#929,#930,#931));
#190=EDGE_LOOP('',(#932,#933,#934,#935));
#191=EDGE_LOOP('',(#936,#937,#938,#939,#940));
#192=EDGE_LOOP('',(#941,#942,#943,#944));
#193=EDGE_LOOP('',(#945,#946,#947,#948));
#194=EDGE_LOOP('',(#949,#950,#951,#952,#953,#954));
#195=EDGE_LOOP('',(#955,#956,#957,#958,#959,#960));
#196=EDGE_LOOP('',(#961,#962,#963,#964));
#197=EDGE_LOOP('',(#965,#966,#967,#968,#969));
#198=EDGE_LOOP('',(#970,#971,#972,#973,#974,#975,#976,#977,#978,#979,#980));
#199=EDGE_LOOP('',(#981));
#200=EDGE_LOOP('',(#982));
#201=EDGE_LOOP('',(#983));
#202=EDGE_LOOP('',(#984));
#203=EDGE_LOOP('',(#985));
#204=EDGE_LOOP('',(#986));
#205=EDGE_LOOP('',(#987));
#206=EDGE_LOOP('',(#988));
#207=EDGE_LOOP('',(#989,#990,#991,#992,#993,#994));
#208=EDGE_LOOP('',(#995,#996,#997,#998,#999));
#209=EDGE_LOOP('',(#1000,#1001,#1002,#1003,#1004,#1005));
#210=EDGE_LOOP('',(#1006,#1007,#1008,#1009));
#211=EDGE_LOOP('',(#1010));
#212=EDGE_LOOP('',(#1011));
#213=EDGE_LOOP('',(#1012));
#214=EDGE_LOOP('',(#1013));
#215=EDGE_LOOP('',(#1014,#1015,#1016,#1017,#1018));
#216=EDGE_LOOP('',(#1019,#1020,#1021,#1022,#1023));
#217=EDGE_LOOP('',(#1024,#1025,#1026,#1027,#1028,#1029));
#218=EDGE_LOOP('',(#1030,#1031,#1032,#1033,#1034));
#219=EDGE_LOOP('',(#1035,#1036,#1037,#1038));
#220=EDGE_LOOP('',(#1039));
#221=EDGE_LOOP('',(#1040));
#222=EDGE_LOOP('',(#1041));
#223=EDGE_LOOP('',(#1042));
#224=EDGE_LOOP('',(#1043,#1044,#1045,#1046,#1047));
#225=EDGE_LOOP('',(#1048,#1049,#1050,#1051,#1052));
#226=EDGE_LOOP('',(#1053,#1054,#1055,#1056,#1057,#1058));
#227=EDGE_LOOP('',(#1059,#1060,#1061,#1062,#1063));
#228=EDGE_LOOP('',(#1064,#1065,#1066,#1067,#1068));
#229=EDGE_LOOP('',(#1069,#1070,#1071,#1072,#1073,#1074));
#230=EDGE_LOOP('',(#1075,#1076,#1077,#1078,#1079));
#231=EDGE_LOOP('',(#1080,#1081,#1082,#1083,#1084));
#232=EDGE_LOOP('',(#1085,#1086,#1087,#1088,#1089,#1090));
#233=EDGE_LOOP('',(#1091,#1092,#1093,#1094,#1095));
#234=EDGE_LOOP('',(#1096,#1097,#1098,#1099,#1100,#1101));
#235=EDGE_LOOP('',(#1102,#1103,#1104,#1105,#1106));
#236=EDGE_LOOP('',(#1107,#1108,#1109,#1110,#1111,#1112));
#237=EDGE_LOOP('',(#1113,#1114,#1115,#1116,#1117));
#238=EDGE_LOOP('',(#1118,#1119,#1120,#1121,#1122));
#239=EDGE_LOOP('',(#1123,#1124,#1125,#1126,#1127));
#240=EDGE_LOOP('',(#1128,#1129,#1130,#1131,#1132,#1133));
#241=EDGE_LOOP('',(#1134,#1135,#1136,#1137,#1138,#1139));
#242=EDGE_LOOP('',(#1140,#1141,#1142,#1143));
#243=EDGE_LOOP('',(#1144,#1145,#1146,#1147,#1148));
#244=EDGE_LOOP('',(#1149,#1150,#1151,#1152));
#245=EDGE_LOOP('',(#1153,#1154,#1155,#1156));
#246=EDGE_LOOP('',(#1157,#1158,#1159,#1160,#1161));
#247=EDGE_LOOP('',(#1162,#1163,#1164,#1165));
#248=EDGE_LOOP('',(#1166,#1167,#1168,#1169));
#249=EDGE_LOOP('',(#1170,#1171,#1172,#1173));
#250=EDGE_LOOP('',(#1174,#1175,#1176,#1177,#1178,#1179));
#251=EDGE_LOOP('',(#1180,#1181,#1182,#1183,#1184,#1185,#1186,#1187));
#252=EDGE_LOOP('',(#1188,#1189,#1190,#1191,#1192,#1193,#1194));
#253=EDGE_LOOP('',(#1195,#1196,#1197,#1198,#1199,#1200));
#254=EDGE_LOOP('',(#1201,#1202,#1203,#1204,#1205,#1206,#1207));
#255=EDGE_LOOP('',(#1208,#1209,#1210,#1211));
#256=CIRCLE('',#1377,8.25);
#257=CIRCLE('',#1378,1.25000002393572);
#258=CIRCLE('',#1380,0.227872049998482);
#259=CIRCLE('',#1381,0.15);
#260=CIRCLE('',#1382,0.227872049998482);
#261=CIRCLE('',#1384,0.15);
#262=CIRCLE('',#1386,1.25000002393572);
#263=CIRCLE('',#1387,0.299999999999999);
#264=CIRCLE('',#1389,0.0300000000000001);
#265=CIRCLE('',#1390,0.03);
#266=CIRCLE('',#1391,0.03);
#267=CIRCLE('',#1392,0.0299999999999995);
#268=CIRCLE('',#1393,0.0299999999999907);
#269=CIRCLE('',#1394,0.0299999999999996);
#270=CIRCLE('',#1395,0.0300000000000002);
#271=CIRCLE('',#1396,0.03);
#272=CIRCLE('',#1397,0.0299999999999999);
#273=CIRCLE('',#1398,0.03);
#274=CIRCLE('',#1399,0.0300000000000001);
#275=CIRCLE('',#1400,0.0299999999999997);
#276=CIRCLE('',#1401,0.0300000000000003);
#277=CIRCLE('',#1402,0.0300000000000002);
#278=CIRCLE('',#1403,0.03);
#279=CIRCLE('',#1404,0.0299999999999992);
#280=CIRCLE('',#1405,0.0300000000000005);
#281=CIRCLE('',#1406,0.03);
#282=CIRCLE('',#1407,0.0299999999999992);
#283=CIRCLE('',#1408,0.0300000000000003);
#284=CIRCLE('',#1409,0.900000000000009);
#285=CIRCLE('',#1410,0.899999999999999);
#286=CIRCLE('',#1411,0.9);
#287=CIRCLE('',#1412,0.9);
#288=CIRCLE('',#1413,0.9);
#289=CIRCLE('',#1414,0.05);
#290=CIRCLE('',#1417,0.05);
#291=CIRCLE('',#1426,0.9);
#292=CIRCLE('',#1427,0.9);
#293=CIRCLE('',#1428,0.900000000000012);
#294=CIRCLE('',#1429,0.899999999999667);
#295=CIRCLE('',#1430,0.900000000000005);
#296=CIRCLE('',#1431,0.9);
#297=CIRCLE('',#1432,0.899999999993169);
#298=B_SPLINE_CURVE_WITH_KNOTS('',3,(#1723,#1724,#1725,#1726),
 .UNSPECIFIED.,.F.,.F.,(4,4),(-1.,0.),.UNSPECIFIED.);
#299=B_SPLINE_CURVE_WITH_KNOTS('',3,(#1728,#1729,#1730,#1731,#1732,#1733,
#1734,#1735,#1736,#1737,#1738,#1739,#1740,#1741,#1742,#1743,#1744,#1745,
#1746,#1747,#1748,#1749,#1750,#1751,#1752,#1753,#1754,#1755),
 .UNSPECIFIED.,.F.,.F.,(4,1,1,1,1,1,1,1,1,1,1,1,1,1,1,1,1,1,1,1,1,1,1,1,
1,4),(-4.12688980211406E-11,4.76027371318297,9.52054742640722,14.2808211396315,
19.0410948528557,23.2063343519269,26.1815054226921,28.5616422793042,35.7020528491406,
37.1896383845231,38.0821897057527,50.7762529410173,57.1232845586497,57.9166635108537,
59.1067319391598,60.2968003674658,63.470316176282,76.1643794115466,78.1478267920567,
82.511411029179,84.098168933587,87.2716847424032,91.2385795034234,95.2054742644436,
98.3789900732598,99.9511209085649),.UNSPECIFIED.);
#300=B_SPLINE_CURVE_WITH_KNOTS('',3,(#1757,#1758,#1759,#1760,#1761,#1762,
#1763,#1764,#1765,#1766,#1767,#1768,#1769,#1770,#1771,#1772,#1773,#1774,
#1775,#1776,#1777,#1778,#1779,#1780,#1781,#1782,#1783,#1784,#1785,#1786,
#1787,#1788,#1789,#1790,#1791,#1792,#1793),.UNSPECIFIED.,.F.,.F.,(4,3,3,
3,3,3,3,3,3,3,3,3,4),(99.9523143183005,101.552505882076,103.932642738689,
105.519400643097,107.899537499709,114.246569117341,116.0316717598,117.816774402259,
123.767116543789,126.147253400401,127.93235604286,129.717458685319,133.287663970238),
 .UNSPECIFIED.);
#301=B_SPLINE_CURVE_WITH_KNOTS('',3,(#1827,#1828,#1829,#1830),
 .UNSPECIFIED.,.F.,.F.,(4,4),(-0.017287063049635,2.58130718402778E-13),
 .UNSPECIFIED.);
#302=B_SPLINE_CURVE_WITH_KNOTS('',3,(#1913,#1914,#1915,#1916,#1917,#1918,
#1919),.UNSPECIFIED.,.F.,.F.,(4,1,1,1,4),(-0.123591481410798,-0.105935555494969,
-0.0882796295791412,-0.0529677777474847,0.),.UNSPECIFIED.);
#303=B_SPLINE_CURVE_WITH_KNOTS('',3,(#1922,#1923,#1924,#1925,#1926,#1927,
#1928),.UNSPECIFIED.,.F.,.F.,(4,1,1,1,4),(0.,0.0529677777474847,0.0882796295791412,
0.105935555494969,0.123591481410798),.UNSPECIFIED.);
#304=B_SPLINE_CURVE_WITH_KNOTS('',3,(#2030,#2031,#2032,#2033,#2034,#2035,
#2036,#2037,#2038,#2039,#2040,#2041,#2042,#2043,#2044,#2045,#2046,#2047,
#2048,#2049),.UNSPECIFIED.,.F.,.F.,(4,2,1,1,1,2,1,1,1,1,2,1,1,1,4),(-10.8379703942577,
-10.4173407089173,-10.1258519757955,-9.83436324267376,-9.54287450955199,
-9.25138577643022,-8.91644836086446,-8.5815109452987,-8.24657352973294,
-7.91163611416718,-6.57188645190414,-5.75040064541612,-4.9289148389281,
-3.28594322595207,0.),.UNSPECIFIED.);
#305=B_SPLINE_CURVE_WITH_KNOTS('',3,(#2051,#2052,#2053,#2054,#2055,#2056,
#2057,#2058,#2059,#2060,#2061,#2062,#2063,#2064,#2065),.UNSPECIFIED.,.F.,
 .F.,(4,1,1,1,2,1,1,1,1,2,4),(0.,3.28594322595207,4.9289148389281,5.75040064541612,
6.57188645190414,7.91163611416718,8.24657352973294,8.5815109452987,8.91644836086446,
9.25138577643022,9.33287645592138),.UNSPECIFIED.);
#306=B_SPLINE_CURVE_WITH_KNOTS('',3,(#2067,#2068,#2069,#2070),
 .UNSPECIFIED.,.F.,.F.,(4,4),(-0.654022843419008,-0.653881788793942),
 .UNSPECIFIED.);
#307=B_SPLINE_CURVE_WITH_KNOTS('',3,(#2071,#2072,#2073,#2074,#2075,#2076,
#2077,#2078,#2079,#2080,#2081,#2082,#2083,#2084,#2085,#2086,#2087,#2088,
#2089,#2090,#2091,#2092,#2093,#2094),.UNSPECIFIED.,.F.,.F.,(4,2,2,2,2,2,
2,2,2,2,2,4),(0.,0.00159690575801298,0.00318090548330668,0.00543396584493948,
0.0100511273283176,0.0236023538668984,0.0916874618566199,0.621980779577846,
1.00107793829233,1.20450524181956,1.43159026692173,1.44013759495688),
 .UNSPECIFIED.);
#308=B_SPLINE_CURVE_WITH_KNOTS('',3,(#2187,#2188,#2189,#2190,#2191,#2192,
#2193,#2194,#2195,#2196,#2197,#2198,#2199),.UNSPECIFIED.,.F.,.F.,(4,2,1,
1,1,2,1,1,4),(2.49041380379714,2.57001953630372,2.89830649208588,3.22659344786803,
3.88316735943233,5.19631518256094,6.84032471288404,10.1283437735302,11.7723533038534),
 .UNSPECIFIED.);
#309=B_SPLINE_CURVE_WITH_KNOTS('',3,(#2202,#2203,#2204,#2205,#2206,#2207,
#2208,#2209,#2210,#2211,#2212,#2213,#2214,#2215,#2216,#2217,#2218,#2219),
 .UNSPECIFIED.,.F.,.F.,(4,1,1,2,1,1,1,2,1,1,1,2,4),(-11.7723533038534,-10.1283437735302,
-6.84032471288404,-5.19631518256094,-3.88316735943233,-3.22659344786803,
-2.89830649208588,-2.57001953630372,-2.2828756987862,-1.99573186126867,
-1.70858802375115,-1.42144418623362,-1.00052807709445),.UNSPECIFIED.);
#310=B_SPLINE_CURVE_WITH_KNOTS('',3,(#2220,#2221,#2222,#2223),
 .UNSPECIFIED.,.F.,.F.,(4,4),(-2.49033811048206,-2.49033668609108),
 .UNSPECIFIED.);
#311=B_SPLINE_CURVE_WITH_KNOTS('',3,(#2288,#2289,#2290,#2291,#2292,#2293,
#2294,#2295,#2296),.UNSPECIFIED.,.F.,.F.,(4,1,1,1,1,1,4),(-0.123550539561639,
-0.0882503854011704,-0.0529502312407022,-0.0353001541604682,-0.0176500770802341,
-0.0132375578101756,0.),.UNSPECIFIED.);
#312=B_SPLINE_CURVE_WITH_KNOTS('',3,(#2299,#2300,#2301,#2302,#2303,#2304,
#2305,#2306,#2307),.UNSPECIFIED.,.F.,.F.,(4,1,1,1,1,1,4),(0.,0.0132375578101756,
0.0176500770802341,0.0353001541604682,0.0529502312407022,0.0882503854011704,
0.123550539561639),.UNSPECIFIED.);
#313=B_SPLINE_CURVE_WITH_KNOTS('',3,(#2339,#2340,#2341,#2342),
 .UNSPECIFIED.,.F.,.F.,(4,4),(-2.03520866904988,-1.46684698640079E-14),
 .UNSPECIFIED.);
#314=B_SPLINE_CURVE_WITH_KNOTS('',3,(#2343,#2344,#2345,#2346),
 .UNSPECIFIED.,.F.,.F.,(4,4),(1.46684698640079E-14,2.03520866904988),
 .UNSPECIFIED.);
#315=B_SPLINE_CURVE_WITH_KNOTS('',3,(#2376,#2377,#2378,#2379),
 .UNSPECIFIED.,.F.,.F.,(4,4),(-0.0167924013125532,0.),.UNSPECIFIED.);
#316=B_SPLINE_CURVE_WITH_KNOTS('',3,(#2382,#2383,#2384,#2385),
 .UNSPECIFIED.,.F.,.F.,(4,4),(0.,0.0167924013125532),.UNSPECIFIED.);
#317=B_SPLINE_CURVE_WITH_KNOTS('',3,(#2417,#2418,#2419,#2420),
 .UNSPECIFIED.,.F.,.F.,(4,4),(-0.000817170139503947,-7.16946261470292E-14),
 .UNSPECIFIED.);
#318=B_SPLINE_CURVE_WITH_KNOTS('',3,(#2421,#2422,#2423,#2424),
 .UNSPECIFIED.,.F.,.F.,(4,4),(7.16946261470292E-14,0.000817170139503947),
 .UNSPECIFIED.);
#319=B_SPLINE_CURVE_WITH_KNOTS('',3,(#2456,#2457,#2458,#2459),
 .UNSPECIFIED.,.F.,.F.,(4,4),(-0.000135692115801232,0.),.UNSPECIFIED.);
#320=B_SPLINE_CURVE_WITH_KNOTS('',3,(#2460,#2461,#2462,#2463),
 .UNSPECIFIED.,.F.,.F.,(4,4),(0.,0.000135692115801232),.UNSPECIFIED.);
#321=B_SPLINE_CURVE_WITH_KNOTS('',3,(#2544,#2545,#2546,#2547,#2548,#2549,
#2550,#2551,#2552,#2553,#2554),.UNSPECIFIED.,.F.,.F.,(4,1,2,1,2,1,4),(-17.5940355813678,
-15.3288737025177,-11.9311308842425,-8.2508434087368,-5.79731842506635,
-2.31892737002654,0.),.UNSPECIFIED.);
#322=B_SPLINE_CURVE_WITH_KNOTS('',3,(#2555,#2556,#2557,#2558,#2559,#2560,
#2561,#2562,#2563,#2564,#2565),.UNSPECIFIED.,.F.,.F.,(4,1,2,1,2,1,4),(0.,
2.31892737002654,5.79731842506635,8.2508434087368,11.9311308842425,15.3288737025177,
17.5940355813678),.UNSPECIFIED.);
#323=B_SPLINE_CURVE_WITH_KNOTS('',3,(#2597,#2598,#2599,#2600),
 .UNSPECIFIED.,.F.,.F.,(4,4),(-0.187070256358719,-1.30974407169838E-13),
 .UNSPECIFIED.);
#324=B_SPLINE_CURVE_WITH_KNOTS('',3,(#2601,#2602,#2603,#2604),
 .UNSPECIFIED.,.F.,.F.,(4,4),(1.30974407169838E-13,0.187070256358719),
 .UNSPECIFIED.);
#325=B_SPLINE_CURVE_WITH_KNOTS('',3,(#2636,#2637,#2638,#2639),
 .UNSPECIFIED.,.F.,.F.,(4,4),(-0.0287903305451108,-2.76805536848123E-16),
 .UNSPECIFIED.);
#326=B_SPLINE_CURVE_WITH_KNOTS('',3,(#2640,#2641,#2642,#2643),
 .UNSPECIFIED.,.F.,.F.,(4,4),(2.76805536848123E-16,0.0287903305451108),
 .UNSPECIFIED.);
#327=B_SPLINE_CURVE_WITH_KNOTS('',3,(#2675,#2676,#2677,#2678),
 .UNSPECIFIED.,.F.,.F.,(4,4),(-0.00363880149487488,-2.8064621257125E-14),
 .UNSPECIFIED.);
#328=B_SPLINE_CURVE_WITH_KNOTS('',3,(#2679,#2680,#2681,#2682),
 .UNSPECIFIED.,.F.,.F.,(4,4),(2.8064621257125E-14,0.00363880149487488),
 .UNSPECIFIED.);
#329=B_SPLINE_CURVE_WITH_KNOTS('',3,(#2749,#2750,#2751,#2752,#2753,#2754,
#2755,#2756,#2757),.UNSPECIFIED.,.F.,.F.,(4,1,1,1,1,1,4),(-5.46611574614818,
-5.27089732664289,-5.0756789071376,-4.68524206812701,-3.90436839010584,
-2.34262103406351,0.),.UNSPECIFIED.);
#330=B_SPLINE_CURVE_WITH_KNOTS('',3,(#2758,#2759,#2760,#2761,#2762,#2763,
#2764,#2765,#2766),.UNSPECIFIED.,.F.,.F.,(4,1,1,1,1,1,4),(0.,2.34262103406351,
3.90436839010584,4.68524206812701,5.0756789071376,5.27089732664289,5.46611574614818),
 .UNSPECIFIED.);
#331=B_SPLINE_CURVE_WITH_KNOTS('',3,(#2798,#2799,#2800,#2801),
 .UNSPECIFIED.,.F.,.F.,(4,4),(-0.00350638086107472,0.),.UNSPECIFIED.);
#332=B_SPLINE_CURVE_WITH_KNOTS('',3,(#2802,#2803,#2804,#2805),
 .UNSPECIFIED.,.F.,.F.,(4,4),(0.,0.00350638086107472),.UNSPECIFIED.);
#333=B_SPLINE_CURVE_WITH_KNOTS('',3,(#2837,#2838,#2839,#2840),
 .UNSPECIFIED.,.F.,.F.,(4,4),(-0.02778404195425,-3.83095762059712E-15),
 .UNSPECIFIED.);
#334=B_SPLINE_CURVE_WITH_KNOTS('',3,(#2841,#2842,#2843,#2844),
 .UNSPECIFIED.,.F.,.F.,(4,4),(3.83095762059712E-15,0.02778404195425),
 .UNSPECIFIED.);
#335=B_SPLINE_CURVE_WITH_KNOTS('',3,(#2876,#2877,#2878,#2879),
 .UNSPECIFIED.,.F.,.F.,(4,4),(-0.180394503322325,-4.45441694352759E-15),
 .UNSPECIFIED.);
#336=B_SPLINE_CURVE_WITH_KNOTS('',3,(#2880,#2881,#2882,#2883),
 .UNSPECIFIED.,.F.,.F.,(4,4),(4.45441694352759E-15,0.180394503322325),
 .UNSPECIFIED.);
#337=B_SPLINE_CURVE_WITH_KNOTS('',3,(#2964,#2965,#2966,#2967,#2968,#2969,
#2970,#2971,#2972,#2973,#2974),.UNSPECIFIED.,.F.,.F.,(4,1,2,1,2,1,4),(-17.6015985124455,
-15.2781878795533,-11.7930719302151,-9.33938493217859,-5.65885443512385,
-2.26354177404968,-2.32579316605434E-13),.UNSPECIFIED.);
#338=B_SPLINE_CURVE_WITH_KNOTS('',3,(#2975,#2976,#2977,#2978,#2979,#2980,
#2981,#2982,#2983,#2984,#2985),.UNSPECIFIED.,.F.,.F.,(4,1,2,1,2,1,4),(2.32579316605434E-13,
2.26354177404968,5.65885443512385,9.33938493217859,11.7930719302151,15.2781878795533,
17.6015985124455),.UNSPECIFIED.);
#339=B_SPLINE_CURVE_WITH_KNOTS('',3,(#3017,#3018,#3019,#3020),
 .UNSPECIFIED.,.F.,.F.,(4,4),(-0.000153787825984598,-5.49739676516647E-15),
 .UNSPECIFIED.);
#340=B_SPLINE_CURVE_WITH_KNOTS('',3,(#3021,#3022,#3023,#3024),
 .UNSPECIFIED.,.F.,.F.,(4,4),(5.49739676516647E-15,0.000153787825984598),
 .UNSPECIFIED.);
#341=B_SPLINE_CURVE_WITH_KNOTS('',3,(#3056,#3057,#3058,#3059),
 .UNSPECIFIED.,.F.,.F.,(4,4),(-0.000959000653907149,-1.35793921445305E-14),
 .UNSPECIFIED.);
#342=B_SPLINE_CURVE_WITH_KNOTS('',3,(#3060,#3061,#3062,#3063),
 .UNSPECIFIED.,.F.,.F.,(4,4),(1.35793921445305E-14,0.000959000653907149),
 .UNSPECIFIED.);
#343=B_SPLINE_CURVE_WITH_KNOTS('',3,(#3093,#3094,#3095,#3096),
 .UNSPECIFIED.,.F.,.F.,(4,4),(-2.15810790120455,0.),.UNSPECIFIED.);
#344=B_SPLINE_CURVE_WITH_KNOTS('',3,(#3099,#3100,#3101,#3102),
 .UNSPECIFIED.,.F.,.F.,(4,4),(0.,2.15810790120455),.UNSPECIFIED.);
#345=B_SPLINE_CURVE_WITH_KNOTS('',3,(#3131,#3132,#3133,#3134),
 .UNSPECIFIED.,.F.,.F.,(4,4),(-0.0183329402102853,-1.43604023462638E-14),
 .UNSPECIFIED.);
#346=B_SPLINE_CURVE_WITH_KNOTS('',3,(#3135,#3136,#3137,#3138),
 .UNSPECIFIED.,.F.,.F.,(4,4),(1.43604023462638E-14,0.0183329402102853),
 .UNSPECIFIED.);
#347=B_SPLINE_CURVE_WITH_KNOTS('',3,(#3368,#3369,#3370,#3371,#3372,#3373,
#3374,#3375,#3376,#3377,#3378,#3379),.UNSPECIFIED.,.F.,.F.,(4,1,1,1,1,2,
2,4),(-3.98192098254349,-3.,-2.,-1.,-0.5,-0.25,-0.125,0.),.UNSPECIFIED.);
#348=B_SPLINE_CURVE_WITH_KNOTS('',3,(#3381,#3382,#3383,#3384,#3385,#3386,
#3387,#3388,#3389,#3390,#3391,#3392,#3393),.UNSPECIFIED.,.F.,.F.,(4,2,2,
1,2,2,4),(0.,0.125,0.25,0.5,0.75,0.875,1.),.UNSPECIFIED.);
#349=B_SPLINE_CURVE_WITH_KNOTS('',3,(#3394,#3395,#3396,#3397,#3398,#3399,
#3400,#3401,#3402,#3403,#3404,#3405),.UNSPECIFIED.,.F.,.F.,(4,2,2,1,1,1,
1,4),(0.,0.125,0.25,0.5,1.,2.,3.,3.98189531278998),.UNSPECIFIED.);
#350=B_SPLINE_CURVE_WITH_KNOTS('',3,(#3671,#3672,#3673,#3674,#3675,#3676,
#3677,#3678,#3679,#3680,#3681,#3682),.UNSPECIFIED.,.F.,.F.,(4,2,2,1,1,1,
1,4),(0.,0.125,0.25,0.5,1.,2.,3.,3.97569319329274),.UNSPECIFIED.);
#351=B_SPLINE_CURVE_WITH_KNOTS('',3,(#3683,#3684,#3685,#3686,#3687,#3688,
#3689,#3690,#3691,#3692,#3693,#3694,#3695,#3696,#3697,#3698),
 .UNSPECIFIED.,.F.,.F.,(4,2,2,1,1,1,1,2,2,4),(0.,0.125,0.25,0.5,1.,2.,2.5,
2.75,2.875,3.),.UNSPECIFIED.);
#352=B_SPLINE_CURVE_WITH_KNOTS('',3,(#3718,#3719,#3720,#3721),
 .UNSPECIFIED.,.F.,.F.,(4,4),(0.,0.142909282484057),.UNSPECIFIED.);
#353=B_SPLINE_CURVE_WITH_KNOTS('',3,(#3815,#3816,#3817,#3818,#3819,#3820,
#3821,#3822,#3823,#3824,#3825,#3826,#3827,#3828,#3829,#3830,#3831,#3832),
 .UNSPECIFIED.,.F.,.F.,(4,1,1,1,1,2,1,1,2,1,1,1,1,4),(-13.0944596869058,
-12.2629225225096,-11.4313853581133,-10.5998481937171,-9.76831102932079,
-8.93677386492452,-7.08505620912447,-6.15919738122444,-4.30747972542439,
-3.44598378033952,-2.58448783525464,-0.861495945084879,-0.646121958813659,
0.),.UNSPECIFIED.);
#354=B_SPLINE_CURVE_WITH_KNOTS('',3,(#3851,#3852,#3853,#3854),
 .UNSPECIFIED.,.F.,.F.,(4,4),(-9.36685574079626E-5,0.),.UNSPECIFIED.);
#355=B_SPLINE_CURVE_WITH_KNOTS('',3,(#3873,#3874,#3875,#3876),
 .UNSPECIFIED.,.F.,.F.,(4,4),(-0.01215540171149,0.),.UNSPECIFIED.);
#356=B_SPLINE_CURVE_WITH_KNOTS('',3,(#3898,#3899,#3900,#3901),
 .UNSPECIFIED.,.F.,.F.,(4,4),(-1.45883898477829,-0.178436060201381),
 .UNSPECIFIED.);
#357=B_SPLINE_CURVE_WITH_KNOTS('',3,(#3902,#3903,#3904,#3905,#3906),
 .UNSPECIFIED.,.F.,.F.,(4,1,4),(2.29832755879695,2.92624258515063,3.76346262028887),
 .UNSPECIFIED.);
#358=B_SPLINE_CURVE_WITH_KNOTS('',3,(#3928,#3929,#3930,#3931),
 .UNSPECIFIED.,.F.,.F.,(4,4),(0.264045174050013,1.45883898477829),
 .UNSPECIFIED.);
#359=B_SPLINE_CURVE_WITH_KNOTS('',3,(#3936,#3937,#3938,#3939,#3940,#3941,
#3942,#3943,#3944,#3945,#3946,#3947),.UNSPECIFIED.,.F.,.F.,(4,1,1,2,1,1,
2,4),(0.,2.65456482328187,3.98184723492281,5.30912964656374,6.60091154558845,
7.2468024951008,7.89269344461316,8.1444880500694),.UNSPECIFIED.);
#360=B_SPLINE_CURVE_WITH_KNOTS('',3,(#3950,#3951,#3952,#3953),
 .UNSPECIFIED.,.F.,.F.,(4,4),(0.,1.19475350869953),.UNSPECIFIED.);
#361=B_SPLINE_CURVE_WITH_KNOTS('',3,(#3955,#3956,#3957,#3958,#3959,#3960,
#3961,#3962,#3963,#3964,#3965,#3966),.UNSPECIFIED.,.F.,.F.,(4,2,1,1,2,1,
1,4),(2.8163083569848,3.06795874134441,3.71361419047974,4.35926963961507,
5.65058053788573,6.97816698897647,8.3057534400672,10.9609263422487),
 .UNSPECIFIED.);
#362=B_SPLINE_CURVE_WITH_KNOTS('',3,(#3968,#3969,#3970,#3971),
 .UNSPECIFIED.,.F.,.F.,(4,4),(2.81630051124228,2.8163083569848),
 .UNSPECIFIED.);
#363=B_SPLINE_CURVE_WITH_KNOTS('',3,(#3972,#3973,#3974,#3975),
 .UNSPECIFIED.,.F.,.F.,(4,4),(-2.72404311553606,-2.7216734801062),
 .UNSPECIFIED.);
#364=B_SPLINE_CURVE_WITH_KNOTS('',3,(#3997,#3998,#3999,#4000),
 .UNSPECIFIED.,.F.,.F.,(4,4),(-1.28051697021643,0.),.UNSPECIFIED.);
#365=B_SPLINE_CURVE_WITH_KNOTS('',3,(#4100,#4101,#4102,#4103,#4104,#4105),
 .UNSPECIFIED.,.F.,.F.,(4,1,1,4),(0.,0.285714285714286,0.571428571428571,
1.),.UNSPECIFIED.);
#366=B_SPLINE_CURVE_WITH_KNOTS('',3,(#4107,#4108,#4109,#4110,#4111,#4112,
#4113,#4114,#4115,#4116,#4117,#4118,#4119,#4120,#4121,#4122),
 .UNSPECIFIED.,.F.,.F.,(4,1,1,1,1,1,1,1,1,1,1,1,1,4),(0.,0.172197820701307,
0.344395641402615,0.68879128280523,0.91838837707364,0.975787650640742,1.03318692420784,
1.20538474490915,1.37758256561046,1.72197820701307,1.89417602771438,2.06637384841569,
2.238571669117,2.36506556095577),.UNSPECIFIED.);
#367=B_SPLINE_CURVE_WITH_KNOTS('',3,(#4123,#4124,#4125,#4126),
 .UNSPECIFIED.,.F.,.F.,(4,4),(2.36506556095577,2.4107694898183),
 .UNSPECIFIED.);
#368=B_SPLINE_CURVE_WITH_KNOTS('',3,(#4127,#4128,#4129,#4130,#4131,#4132,
#4133,#4134,#4135,#4136,#4137,#4138,#4139,#4140,#4141,#4142),
 .UNSPECIFIED.,.T.,.F.,(4,1,1,1,1,1,1,1,1,1,1,1,1,4),(-2.4107694898183,
-2.238571669117,-2.06637384841569,-1.89417602771438,-1.72197820701307,-1.37758256561046,
-1.20538474490915,-1.03318692420784,-0.975787650640742,-0.91838837707364,
-0.68879128280523,-0.344395641402615,-0.172197820701307,0.),
 .UNSPECIFIED.);
#369=B_SPLINE_CURVE_WITH_KNOTS('',3,(#4300,#4301,#4302,#4303,#4304,#4305,
#4306,#4307,#4308,#4309,#4310,#4311),.UNSPECIFIED.,.F.,.F.,(4,2,2,1,1,1,
1,4),(0.,0.125,0.25,0.5,1.,2.,3.,3.97569543430269),.UNSPECIFIED.);
#370=B_SPLINE_CURVE_WITH_KNOTS('',3,(#4312,#4313,#4314,#4315,#4316,#4317,
#4318,#4319,#4320,#4321,#4322,#4323,#4324),.UNSPECIFIED.,.F.,.F.,(4,2,2,
1,2,2,4),(0.,0.125,0.25,0.5,0.75,0.875,1.),.UNSPECIFIED.);
#371=B_SPLINE_CURVE_WITH_KNOTS('',3,(#4326,#4327,#4328,#4329,#4330,#4331,
#4332,#4333,#4334,#4335,#4336,#4337,#4338,#4339,#4340,#4341,#4342,#4343,
#4344,#4345,#4346,#4347,#4348,#4349,#4350,#4351,#4352,#4353,#4354,#4355,
#4356,#4357,#4358,#4359,#4360,#4361,#4362,#4363,#4364,#4365),
 .UNSPECIFIED.,.T.,.F.,(4,3,3,3,3,3,3,3,3,3,3,3,3,4),(-2.40558891737335,
-2.19080419260787,-2.06193335774859,-1.89010557793621,-1.71827779812382,
-1.63236390821763,-1.4390576559287,-1.37462223849906,-1.03096667887429,
-0.687311119249529,-0.515483339437147,-0.343655559624765,-0.214784724765478,
-3.10862446895044E-15),.UNSPECIFIED.);
#372=B_SPLINE_CURVE_WITH_KNOTS('',3,(#4367,#4368,#4369,#4370,#4371,#4372,
#4373,#4374,#4375,#4376,#4377,#4378,#4379,#4380,#4381,#4382,#4383,#4384,
#4385,#4386,#4387,#4388,#4389,#4390,#4391,#4392,#4393,#4394,#4395,#4396,
#4397,#4398,#4399,#4400),.UNSPECIFIED.,.T.,.F.,(4,3,3,3,3,3,3,3,3,3,3,4),
(-2.41322729210856,-2.15466722509696,-2.06848053609308,-1.72373378007756,
-1.37898702406205,-1.20661364605429,-1.03424026804653,-0.861866890038771,
-0.689493512031013,-0.344746756015496,-0.172373378007737,2.1316282072803E-14),
 .UNSPECIFIED.);
#373=B_SPLINE_CURVE_WITH_KNOTS('',3,(#4402,#4403,#4404,#4405,#4406,#4407,
#4408,#4409,#4410,#4411,#4412,#4413,#4414,#4415,#4416,#4417,#4418,#4419,
#4420,#4421,#4422,#4423,#4424,#4425,#4426,#4427,#4428,#4429,#4430,#4431,
#4432),.UNSPECIFIED.,.T.,.F.,(4,3,3,3,3,3,3,3,3,3,4),(-2.40720479734367,
-2.23526159753341,-2.06331839772315,-1.71943199810262,-1.3755455984821,
-1.03165919886157,-0.859715999051311,-0.687772799241048,-0.343886399620524,
-0.171943199810262,-2.66453525910038E-15),.UNSPECIFIED.);
#374=B_SPLINE_CURVE_WITH_KNOTS('',3,(#4434,#4435,#4436,#4437,#4438,#4439,
#4440,#4441,#4442,#4443,#4444,#4445,#4446,#4447,#4448,#4449,#4450,#4451,
#4452,#4453,#4454,#4455,#4456,#4457,#4458,#4459,#4460,#4461,#4462,#4463,
#4464,#4465,#4466,#4467,#4468,#4469,#4470),.UNSPECIFIED.,.T.,.F.,(4,3,3,
3,3,3,3,3,3,3,3,3,4),(-2.4135923576601,-2.32739263060081,-2.06879344942294,
-1.72399454118578,-1.68089467765614,-1.37919563294863,-1.20679617883005,
-1.03439672471147,-0.861997270592889,-0.68959781647431,-0.344798908237152,
-0.172399454118573,6.21724893790088E-15),.UNSPECIFIED.);
#375=B_SPLINE_CURVE_WITH_KNOTS('',3,(#4472,#4473,#4474,#4475,#4476,#4477,
#4478,#4479,#4480,#4481,#4482,#4483,#4484,#4485,#4486,#4487,#4488,#4489,
#4490,#4491,#4492,#4493,#4494,#4495,#4496,#4497,#4498,#4499),
 .UNSPECIFIED.,.T.,.F.,(4,3,3,3,3,3,3,3,3,4),(-2.41402007034625,-2.06916006029678,
-1.72430005024732,-1.37944004019785,-1.14953336683155,-1.03458003014839,
-0.804673356782081,-0.689720020098926,-0.344860010049462,-1.77635683940025E-15),
 .UNSPECIFIED.);
#376=B_SPLINE_CURVE_WITH_KNOTS('',3,(#4501,#4502,#4503,#4504,#4505,#4506,
#4507,#4508,#4509,#4510,#4511,#4512,#4513,#4514,#4515,#4516,#4517,#4518,
#4519,#4520,#4521,#4522,#4523,#4524,#4525,#4526,#4527,#4528,#4529,#4530,
#4531,#4532,#4533,#4534),.UNSPECIFIED.,.T.,.F.,(4,3,3,3,3,3,3,3,3,3,3,4),
(-2.40846642407277,-2.23643310806757,-2.06439979206237,-1.72033316005197,
-1.37626652804158,-1.20423321203638,-1.03219989603118,-0.974855457362785,
-0.688133264020788,-0.344066632010393,-0.172033316005195,2.22044604925031E-15),
 .UNSPECIFIED.);
#377=B_SPLINE_CURVE_WITH_KNOTS('',3,(#4536,#4537,#4538,#4539,#4540,#4541,
#4542,#4543,#4544,#4545,#4546,#4547,#4548,#4549,#4550,#4551),
 .UNSPECIFIED.,.T.,.F.,(4,1,1,1,1,1,1,1,1,1,1,1,1,4),(-2.40657291134698,
-2.23467484625077,-2.06277678115455,-1.89087871605834,-1.71898065096213,
-1.54708258586592,-1.3751845207697,-1.03138839057728,-0.802190970448993,
-0.687592260384851,-0.515694195288638,-0.343796130192426,-0.171898065096213,
0.),.UNSPECIFIED.);
#378=B_SPLINE_CURVE_WITH_KNOTS('',3,(#4555,#4556,#4557,#4558),
 .UNSPECIFIED.,.F.,.F.,(4,4),(0.,0.197574859182877),.UNSPECIFIED.);
#379=B_SPLINE_CURVE_WITH_KNOTS('',3,(#4559,#4560,#4561,#4562,#4563,#4564,
#4565,#4566,#4567,#4568,#4569,#4570,#4571,#4572),.UNSPECIFIED.,.F.,.F.,
(4,1,1,1,1,1,1,1,1,1,1,4),(0.197574859182877,0.258118758851378,0.344158345135171,
0.688316690270341,1.03247503540551,1.2045542079731,1.37663338054068,1.72079172567585,
1.93589069138534,2.06495007081102,2.23702924337861,2.4091084159462),
 .UNSPECIFIED.);
#380=B_SPLINE_CURVE_WITH_KNOTS('',3,(#4660,#4661,#4662,#4663,#4664,#4665,
#4666,#4667,#4668,#4669),.UNSPECIFIED.,.F.,.F.,(4,3,3,4),(0.,0.285714285714098,
0.571428571428458,1.),.UNSPECIFIED.);
#381=B_SPLINE_CURVE_WITH_KNOTS('',3,(#4671,#4672,#4673,#4674,#4675),
 .UNSPECIFIED.,.F.,.F.,(4,1,4),(0.,0.171671963257897,0.270144110910656),
 .UNSPECIFIED.);
#382=B_SPLINE_CURVE_WITH_KNOTS('',3,(#4676,#4677,#4678,#4679,#4680,#4681,
#4682,#4683,#4684,#4685,#4686,#4687,#4688),.UNSPECIFIED.,.F.,.F.,(4,1,1,
1,1,1,1,1,1,1,4),(0.270144110910656,0.343343926515793,0.51501588977369,
0.686687853031586,1.03003177954738,1.37337570606317,1.63088365095002,1.71671963257897,
2.06006355909476,2.23173552235266,2.40340748561055),.UNSPECIFIED.);
#383=B_SPLINE_CURVE_WITH_KNOTS('',3,(#4689,#4690,#4691,#4692,#4693,#4694,
#4695,#4696,#4697,#4698,#4699,#4700,#4701,#4702),.UNSPECIFIED.,.T.,.F.,
(4,1,1,1,1,1,1,1,1,1,1,4),(-2.40340748561055,-2.23173552235266,-2.06006355909476,
-1.71671963257897,-1.63088365095002,-1.37337570606317,-1.03003177954738,
-0.686687853031586,-0.51501588977369,-0.343343926515793,-0.171671963257897,
0.),.UNSPECIFIED.);
#384=B_SPLINE_CURVE_WITH_KNOTS('',3,(#4707,#4708,#4709,#4710,#4711,#4712,
#4713,#4714,#4715,#4716,#4717,#4718,#4719,#4720,#4721),.UNSPECIFIED.,.F.,
 .F.,(4,1,1,1,1,1,1,1,1,1,1,1,4),(0.,0.214784724765478,0.343655559624764,
0.515483339437146,0.687311119249528,1.03096667887429,1.37462223849906,1.4390576559287,
1.63236390821763,1.71827779812382,1.8901055779362,2.06193335774859,2.06683517825572),
 .UNSPECIFIED.);
#385=B_SPLINE_CURVE_WITH_KNOTS('',3,(#4722,#4723,#4724,#4725,#4726),
 .UNSPECIFIED.,.F.,.F.,(4,1,4),(2.06683517825572,2.19080419260787,2.40558891737335),
 .UNSPECIFIED.);
#386=B_SPLINE_CURVE_WITH_KNOTS('',3,(#4884,#4885,#4886,#4887,#4888,#4889,
#4890,#4891,#4892,#4893,#4894,#4895,#4896,#4897,#4898,#4899,#4900,#4901,
#4902,#4903,#4904,#4905,#4906,#4907,#4908,#4909),.UNSPECIFIED.,.F.,.F.,
(4,2,2,2,2,1,2,1,1,1,2,1,1,2,1,1,4),(-10.9621683599351,-10.9621022284283,
-10.6932731526684,-10.4394103914604,-9.97085329269449,-9.57859769909296,
-9.18634210549143,-8.86292994027186,-8.53951777505229,-8.21610560983272,
-7.89269344461316,-7.2468024951008,-6.60091154558845,-5.30912964656374,
-3.98184723492281,-2.65456482328187,0.),.UNSPECIFIED.);
#387=B_SPLINE_CURVE_WITH_KNOTS('',3,(#4911,#4912,#4913,#4914,#4915,#4916,
#4917,#4918),.UNSPECIFIED.,.F.,.F.,(4,2,2,4),(0.515718074775601,0.75,0.875,
1.),.UNSPECIFIED.);
#388=B_SPLINE_CURVE_WITH_KNOTS('',3,(#4919,#4920,#4921,#4922,#4923,#4924,
#4925,#4926,#4927,#4928,#4929,#4930),.UNSPECIFIED.,.F.,.F.,(4,2,2,1,1,1,
1,4),(0.,0.125,0.25,0.5,1.,2.,3.,3.81860665024151),.UNSPECIFIED.);
#389=B_SPLINE_CURVE_WITH_KNOTS('',3,(#4932,#4933,#4934,#4935,#4936,#4937,
#4938,#4939,#4940,#4941,#4942,#4943,#4944,#4945),.UNSPECIFIED.,.T.,.F.,
(4,1,1,1,1,1,1,1,1,1,1,4),(-2.40515623085767,-2.06156248359229,-1.8897656099596,
-1.71796873632691,-1.54617186269422,-1.37437498906153,-1.03078124179614,
-0.687187494530763,-0.515390620898072,-0.343593747265381,-0.171796873632691,
0.),.UNSPECIFIED.);
#390=B_SPLINE_CURVE_WITH_KNOTS('',3,(#4947,#4948,#4949,#4950,#4951,#4952,
#4953,#4954,#4955,#4956,#4957,#4958,#4959,#4960,#4961,#4962,#4963,#4964,
#4965,#4966,#4967,#4968,#4969,#4970,#4971,#4972,#4973,#4974),
 .UNSPECIFIED.,.T.,.F.,(4,3,3,3,3,3,3,3,3,4),(-2.40487066289907,-2.06131771105634,
-1.71776475921362,-1.54598828329226,-1.3742118073709,-1.03065885552817,
-0.687105903685448,-0.343552951842725,-0.171776475921363,-8.43769498715119E-15),
 .UNSPECIFIED.);
#391=B_SPLINE_CURVE_WITH_KNOTS('',3,(#4976,#4977,#4978,#4979,#4980,#4981,
#4982,#4983,#4984,#4985,#4986,#4987,#4988,#4989,#4990,#4991,#4992,#4993,
#4994,#4995,#4996,#4997,#4998,#4999,#5000,#5001,#5002,#5003),
 .UNSPECIFIED.,.T.,.F.,(4,3,3,3,3,3,3,3,3,4),(-2.40528695884598,-2.0616745361537,
-1.71806211346141,-1.54625590211527,-1.37444969076913,-1.03083726807685,
-0.687224845384562,-0.343612422692279,-0.171806211346137,1.77635683940025E-15),
 .UNSPECIFIED.);
#392=B_SPLINE_CURVE_WITH_KNOTS('',3,(#5100,#5101,#5102,#5103,#5104,#5105),
 .UNSPECIFIED.,.F.,.F.,(4,1,1,4),(0.,0.285714285714286,0.571428571428571,
1.),.UNSPECIFIED.);
#393=B_SPLINE_CURVE_WITH_KNOTS('',3,(#5203,#5204,#5205,#5206,#5207,#5208,
#5209,#5210,#5211,#5212),.UNSPECIFIED.,.F.,.F.,(4,3,3,4),(0.,0.285714285713842,
0.571428571428315,1.),.UNSPECIFIED.);
#394=B_SPLINE_CURVE_WITH_KNOTS('',3,(#5214,#5215,#5216,#5217,#5218,#5219,
#5220,#5221,#5222,#5223,#5224,#5225,#5226,#5227,#5228),.UNSPECIFIED.,.F.,
 .F.,(4,1,1,1,1,1,1,1,1,1,1,1,4),(0.,0.171898065096213,0.343796130192426,
0.515694195288638,0.687592260384851,0.802190970448993,1.03138839057728,
1.3751845207697,1.54708258586592,1.71898065096213,1.89087871605834,2.06277678115455,
2.17811915793486),.UNSPECIFIED.);
#395=B_SPLINE_CURVE_WITH_KNOTS('',3,(#5229,#5230,#5231,#5232,#5233),
 .UNSPECIFIED.,.F.,.F.,(4,1,4),(2.17811915793486,2.23467484625077,2.40657291134698),
 .UNSPECIFIED.);
#396=B_SPLINE_CURVE_WITH_KNOTS('',3,(#5237,#5238,#5239,#5240),
 .UNSPECIFIED.,.F.,.F.,(4,4),(0.,0.121657317186389),.UNSPECIFIED.);
#397=B_SPLINE_CURVE_WITH_KNOTS('',3,(#5241,#5242,#5243,#5244,#5245,#5246,
#5247,#5248,#5249,#5250,#5251,#5252,#5253,#5254),.UNSPECIFIED.,.F.,.F.,
(4,1,1,1,1,1,1,1,1,1,1,4),(0.121657317186389,0.171796873632691,0.343593747265381,
0.515390620898072,0.687187494530763,1.03078124179614,1.37437498906153,1.54617186269422,
1.71796873632691,1.8897656099596,2.06156248359229,2.40515623085767),
 .UNSPECIFIED.);
#398=B_SPLINE_CURVE_WITH_KNOTS('',3,(#5341,#5342,#5343,#5344,#5345,#5346),
 .UNSPECIFIED.,.F.,.F.,(4,1,1,4),(0.,0.285714285714286,0.571428571428571,
1.),.UNSPECIFIED.);
#399=B_SPLINE_CURVE_WITH_KNOTS('',3,(#5347,#5348,#5349,#5350,#5351,#5352,
#5353,#5354,#5355,#5356,#5357,#5358,#5359,#5360,#5361,#5362,#5363,#5364,
#5365,#5366,#5367,#5368,#5369,#5370,#5371,#5372,#5373,#5374,#5375,#5376,
#5377,#5378,#5379,#5380),.UNSPECIFIED.,.T.,.F.,(4,3,3,3,3,3,3,3,3,3,3,4),
(-2.40910841594616,-2.23702924337864,-2.06495007081105,-1.93589069138536,
-1.72079172567587,-1.37663338054069,-1.2045542079731,-1.03247503540551,
-0.688316690270326,-0.344158345135145,-0.25811875885135,3.59712259978551E-14),
 .UNSPECIFIED.);
#400=B_SPLINE_CURVE_WITH_KNOTS('',3,(#5538,#5539,#5540,#5541,#5542,#5543,
#5544,#5545,#5546,#5547,#5548,#5549,#5550,#5551,#5552,#5553,#5554,#5555,
#5556,#5557,#5558,#5559,#5560,#5561,#5562,#5563),.UNSPECIFIED.,.F.,.F.,
(4,1,1,2,1,1,2,1,1,1,2,1,2,2,2,1,1,4),(-10.9609263422487,-8.3057534400672,
-6.97816698897647,-5.65058053788573,-4.35926963961507,-3.71361419047974,
-3.06795874134441,-2.74468921965847,-2.42141969797253,-2.09815017628659,
-1.77488065460065,-1.38294386607741,-0.99100707755416,-0.521681385754754,
-0.26877791770246,-0.13438895885123,-0.0671944794256151,0.),
 .UNSPECIFIED.);
#401=B_SPLINE_CURVE_WITH_KNOTS('',3,(#5565,#5566,#5567,#5568,#5569),
 .UNSPECIFIED.,.F.,.F.,(4,1,4),(-1.46315584958671E-14,0.88511861759701,
1.54895758079478),.UNSPECIFIED.);
#402=B_SPLINE_CURVE_WITH_KNOTS('',3,(#5571,#5572,#5573,#5574,#5575,#5576,
#5577,#5578,#5579,#5580,#5581,#5582),.UNSPECIFIED.,.F.,.F.,(4,2,2,1,1,1,
1,4),(0.,0.125,0.25,0.5,1.,2.,3.,3.81879604829356),.UNSPECIFIED.);
#403=B_SPLINE_CURVE_WITH_KNOTS('',3,(#5583,#5584,#5585,#5586,#5587,#5588,
#5589,#5590,#5591),.UNSPECIFIED.,.F.,.F.,(4,2,2,1,4),(0.,0.125,0.25,0.5,
0.514201644498645),.UNSPECIFIED.);
#404=B_SPLINE_CURVE_WITH_KNOTS('',3,(#5593,#5594,#5595,#5596,#5597,#5598,
#5599,#5600,#5601,#5602,#5603,#5604,#5605,#5606,#5607,#5608,#5609,#5610,
#5611,#5612,#5613,#5614,#5615,#5616,#5617,#5618,#5619,#5620,#5621,#5622,
#5623),.UNSPECIFIED.,.T.,.F.,(4,3,3,3,3,3,3,3,3,3,4),(-2.41079161692569,
-2.23859221571868,-2.06639281450955,-1.72199401209129,-1.54979461088216,
-1.37759520967303,-1.14799600806086,-1.03319640725477,-0.688797604836516,
-0.344398802418257,-7.99360577730113E-15),.UNSPECIFIED.);
#405=B_SPLINE_CURVE_WITH_KNOTS('',3,(#5625,#5626,#5627,#5628,#5629,#5630,
#5631,#5632,#5633,#5634,#5635,#5636,#5637,#5638,#5639,#5640,#5641),
 .UNSPECIFIED.,.T.,.F.,(4,1,1,1,1,1,1,1,1,1,1,1,1,1,4),(-2.41174853927194,
-2.2394807864668,-2.06721303366166,-1.72267752805138,-1.55040977524625,
-1.37814202244111,-1.32071943817273,-1.26329685390435,-1.03360651683083,
-0.861338764025692,-0.689071011220554,-0.516803258415415,-0.344535505610277,
-0.172267752805138,0.),.UNSPECIFIED.);
#406=B_SPLINE_CURVE_WITH_KNOTS('',3,(#5643,#5644,#5645,#5646,#5647,#5648,
#5649,#5650,#5651,#5652,#5653,#5654,#5655,#5656,#5657,#5658,#5659,#5660,
#5661,#5662,#5663,#5664,#5665,#5666,#5667,#5668,#5669,#5670),
 .UNSPECIFIED.,.T.,.F.,(4,3,3,3,3,3,3,3,3,4),(-2.41045644582393,-2.06610552499565,
-1.72175460416304,-1.54957914374673,-1.37740368333043,-1.14783640277536,
-1.03305276249782,-0.688701841665214,-0.344350920832605,-2.53130849614536E-14),
 .UNSPECIFIED.);
#407=B_SPLINE_CURVE_WITH_KNOTS('',3,(#5755,#5756,#5757,#5758,#5759,#5760),
 .UNSPECIFIED.,.F.,.F.,(4,1,1,4),(0.,0.285714285714286,0.571428571428571,
1.),.UNSPECIFIED.);
#408=B_SPLINE_CURVE_WITH_KNOTS('',3,(#5840,#5841,#5842,#5843,#5844,#5845,
#5846,#5847,#5848,#5849),.UNSPECIFIED.,.F.,.F.,(4,3,3,4),(0.,0.285714285714382,
0.571428571428764,1.),.UNSPECIFIED.);
#409=B_SPLINE_CURVE_WITH_KNOTS('',3,(#5851,#5852,#5853,#5854),
 .UNSPECIFIED.,.F.,.F.,(4,4),(0.,0.282660055807625),.UNSPECIFIED.);
#410=B_SPLINE_CURVE_WITH_KNOTS('',3,(#5855,#5856,#5857,#5858,#5859,#5860,
#5861,#5862,#5863,#5864,#5865,#5866,#5867),.UNSPECIFIED.,.F.,.F.,(4,1,1,
1,1,1,1,1,1,1,4),(0.282660055807625,0.344398802417955,0.68879760483591,
1.03319640725386,1.14799600805985,1.37759520967182,1.5497946108808,1.72199401208977,
2.06639281450773,2.23859221571671,2.41079161692568),.UNSPECIFIED.);
#411=B_SPLINE_CURVE_WITH_KNOTS('',3,(#5872,#5873,#5874,#5875,#5876,#5877,
#5878,#5879,#5880,#5881,#5882,#5883,#5884,#5885),.UNSPECIFIED.,.F.,.F.,
(4,1,1,1,1,1,1,1,1,1,1,4),(0.,0.172373378007756,0.344746756015511,0.689493512031022,
0.861866890038778,1.03424026804653,1.20661364605429,1.37898702406204,1.72373378007756,
2.06848053609307,2.15466722509694,2.23446122687093),.UNSPECIFIED.);
#412=B_SPLINE_CURVE_WITH_KNOTS('',3,(#5886,#5887,#5888,#5889),
 .UNSPECIFIED.,.F.,.F.,(4,4),(2.23446122687093,2.41322729210858),
 .UNSPECIFIED.);
#413=B_SPLINE_CURVE_WITH_KNOTS('',3,(#5974,#5975,#5976,#5977,#5978,#5979),
 .UNSPECIFIED.,.F.,.F.,(4,1,1,4),(0.,0.285714285714286,0.571428571428571,
1.),.UNSPECIFIED.);
#414=B_SPLINE_CURVE_WITH_KNOTS('',3,(#6053,#6054,#6055,#6056,#6057,#6058),
 .UNSPECIFIED.,.F.,.F.,(4,1,1,4),(0.,0.285714285714286,0.571428571428571,
1.),.UNSPECIFIED.);
#415=B_SPLINE_CURVE_WITH_KNOTS('',3,(#6060,#6061,#6062,#6063),
 .UNSPECIFIED.,.F.,.F.,(4,4),(0.,0.00201238210290967),.UNSPECIFIED.);
#416=B_SPLINE_CURVE_WITH_KNOTS('',3,(#6064,#6065,#6066,#6067,#6068,#6069,
#6070,#6071,#6072,#6073,#6074,#6075),.UNSPECIFIED.,.F.,.F.,(4,1,1,1,1,1,
1,1,1,4),(0.00201238210290967,0.171806211346142,0.343612422692283,0.687224845384566,
1.03083726807685,1.37444969076913,1.54625590211527,1.71806211346142,2.0616745361537,
2.40528695884598),.UNSPECIFIED.);
#417=B_SPLINE_CURVE_WITH_KNOTS('',3,(#6080,#6081,#6082,#6083,#6084,#6085,
#6086,#6087,#6088,#6089,#6090,#6091,#6092,#6093),.UNSPECIFIED.,.F.,.F.,
(4,1,1,1,1,1,1,1,1,1,1,4),(0.,0.172033316005198,0.344066632010395,0.688133264020791,
0.974855457362787,1.03219989603119,1.20423321203638,1.37626652804158,1.72033316005198,
2.06439979206237,2.23643310806757,2.30213849934053),.UNSPECIFIED.);
#418=B_SPLINE_CURVE_WITH_KNOTS('',3,(#6094,#6095,#6096,#6097),
 .UNSPECIFIED.,.F.,.F.,(4,4),(2.30213849934053,2.40846642407277),
 .UNSPECIFIED.);
#419=B_SPLINE_CURVE_WITH_KNOTS('',3,(#6182,#6183,#6184,#6185,#6186,#6187),
 .UNSPECIFIED.,.F.,.F.,(4,1,1,4),(0.,0.285714285714286,0.571428571428571,
1.),.UNSPECIFIED.);
#420=B_SPLINE_CURVE_WITH_KNOTS('',3,(#6267,#6268,#6269,#6270,#6271,#6272),
 .UNSPECIFIED.,.F.,.F.,(4,1,1,4),(0.,0.285714285714286,0.571428571428571,
1.),.UNSPECIFIED.);
#421=B_SPLINE_CURVE_WITH_KNOTS('',3,(#6274,#6275,#6276,#6277),
 .UNSPECIFIED.,.F.,.F.,(4,4),(0.,0.0181290516307795),.UNSPECIFIED.);
#422=B_SPLINE_CURVE_WITH_KNOTS('',3,(#6278,#6279,#6280,#6281,#6282,#6283,
#6284,#6285,#6286,#6287,#6288,#6289,#6290),.UNSPECIFIED.,.F.,.F.,(4,1,1,
1,1,1,1,1,1,1,4),(0.0181290516307795,0.171943199810262,0.343886399620524,
0.687772799241048,0.85971599905131,1.03165919886157,1.3755455984821,1.71943199810262,
2.06331839772314,2.23526159753341,2.40720479734367),.UNSPECIFIED.);
#423=B_SPLINE_CURVE_WITH_KNOTS('',3,(#6294,#6295,#6296,#6297,#6298,#6299,
#6300,#6301,#6302,#6303,#6304,#6305),.UNSPECIFIED.,.F.,.F.,(4,1,1,1,1,1,
1,1,1,4),(0.,0.171776475921361,0.343552951842723,0.687105903685445,1.03065885552817,
1.37421180737089,1.54598828329225,1.71776475921361,2.06131771105634,2.3983102242514),
 .UNSPECIFIED.);
#424=B_SPLINE_CURVE_WITH_KNOTS('',3,(#6306,#6307,#6308,#6309),
 .UNSPECIFIED.,.F.,.F.,(4,4),(2.3983102242514,2.40487066289906),
 .UNSPECIFIED.);
#425=B_SPLINE_CURVE_WITH_KNOTS('',3,(#6384,#6385,#6386,#6387,#6388,#6389),
 .UNSPECIFIED.,.F.,.F.,(4,1,1,4),(0.,0.285714285714286,0.571428571428571,
1.),.UNSPECIFIED.);
#426=B_SPLINE_CURVE_WITH_KNOTS('',3,(#6391,#6392,#6393,#6394,#6395,#6396,
#6397,#6398,#6399,#6400,#6401),.UNSPECIFIED.,.F.,.F.,(4,1,1,1,1,1,1,1,4),
(0.,0.344860010049463,0.689720020098927,0.804673356782082,1.03458003014839,
1.14953336683155,1.37944004019785,1.72430005024732,2.05405974888502),
 .UNSPECIFIED.);
#427=B_SPLINE_CURVE_WITH_KNOTS('',3,(#6402,#6403,#6404,#6405,#6406),
 .UNSPECIFIED.,.F.,.F.,(4,1,4),(2.05405974888502,2.06916006029678,2.41402007034624),
 .UNSPECIFIED.);
#428=B_SPLINE_CURVE_WITH_KNOTS('',3,(#6410,#6411,#6412,#6413,#6414,#6415),
 .UNSPECIFIED.,.F.,.F.,(4,1,1,4),(0.,0.172267752805138,0.344535505610277,
0.432331210077165),.UNSPECIFIED.);
#429=B_SPLINE_CURVE_WITH_KNOTS('',3,(#6416,#6417,#6418,#6419,#6420,#6421,
#6422,#6423,#6424,#6425,#6426,#6427,#6428,#6429,#6430),.UNSPECIFIED.,.F.,
 .F.,(4,1,1,1,1,1,1,1,1,1,1,1,4),(0.432331210077165,0.516803258415415,0.689071011220554,
0.861338764025692,1.03360651683083,1.26329685390435,1.32071943817273,1.37814202244111,
1.55040977524625,1.72267752805138,2.06721303366166,2.2394807864668,2.41174853927194),
 .UNSPECIFIED.);
#430=B_SPLINE_CURVE_WITH_KNOTS('',3,(#6505,#6506,#6507,#6508,#6509,#6510),
 .UNSPECIFIED.,.F.,.F.,(4,1,1,4),(0.,0.285714285714286,0.571428571428571,
1.),.UNSPECIFIED.);
#431=B_SPLINE_CURVE_WITH_KNOTS('',3,(#6512,#6513,#6514,#6515,#6516),
 .UNSPECIFIED.,.F.,.F.,(4,1,4),(0.,0.344350920831986,0.36820431669085),
 .UNSPECIFIED.);
#432=B_SPLINE_CURVE_WITH_KNOTS('',3,(#6517,#6518,#6519,#6520,#6521,#6522,
#6523,#6524,#6525,#6526,#6527),.UNSPECIFIED.,.F.,.F.,(4,1,1,1,1,1,1,1,4),
(0.36820431669085,0.688701841663972,1.03305276249596,1.14783640277329,1.37740368332794,
1.54957914374394,1.72175460415993,2.06610552499192,2.4104564458239),
 .UNSPECIFIED.);
#433=B_SPLINE_CURVE_WITH_KNOTS('',3,(#6532,#6533,#6534,#6535,#6536,#6537,
#6538,#6539,#6540,#6541,#6542,#6543,#6544,#6545),.UNSPECIFIED.,.F.,.F.,
(4,1,1,1,1,1,1,1,1,1,1,4),(0.,0.172399454118579,0.344798908237158,0.689597816474316,
0.861997270592895,1.03439672471147,1.20679617883005,1.37919563294863,1.68089467765615,
1.72399454118579,2.06879344942295,2.1432249792113),.UNSPECIFIED.);
#434=B_SPLINE_CURVE_WITH_KNOTS('',3,(#6546,#6547,#6548,#6549,#6550),
 .UNSPECIFIED.,.F.,.F.,(4,1,4),(2.1432249792113,2.32739263060082,2.41359235766011),
 .UNSPECIFIED.);
#435=B_SPLINE_CURVE_WITH_KNOTS('',3,(#6641,#6642,#6643,#6644,#6645,#6646),
 .UNSPECIFIED.,.F.,.F.,(4,1,1,4),(0.,0.285714285714286,0.571428571428571,
1.),.UNSPECIFIED.);
#436=B_SPLINE_CURVE_WITH_KNOTS('',3,(#6719,#6720,#6721,#6722,#6723,#6724),
 .UNSPECIFIED.,.F.,.F.,(4,1,1,4),(0.,0.285714285714286,0.571428571428571,
1.),.UNSPECIFIED.);
#437=B_SPLINE_CURVE_WITH_KNOTS('',3,(#6827,#6828,#6829,#6830,#6831,#6832),
 .UNSPECIFIED.,.F.,.F.,(4,1,1,4),(0.,0.285714285714286,0.571428571428571,
1.),.UNSPECIFIED.);
#438=B_SPLINE_CURVE_WITH_KNOTS('',3,(#6974,#6975,#6976,#6977,#6978,#6979,
#6980),.UNSPECIFIED.,.F.,.F.,(4,3,4),(-0.00247406980023694,4.33680868994202E-19,
0.0136103439883221),.UNSPECIFIED.);
#439=B_SPLINE_CURVE_WITH_KNOTS('',3,(#6981,#6982,#6983,#6984,#6985,#6986,
#6987,#6988,#6989,#6990,#6991,#6992,#6993,#6994,#6995,#6996,#6997,#6998,
#6999,#7000,#7001,#7002,#7003,#7004,#7005,#7006),.UNSPECIFIED.,.F.,.F.,
(4,2,2,2,2,2,2,2,2,2,2,2,4),(0.0739183149345103,0.0938759992129543,0.316028331720142,
0.72466611621839,1.43079864379529,2.71021347078453,3.54075915482464,4.2907369298378,
5.24244758900782,5.58148459936186,5.65746814328507,5.68364293375696,5.69644173078818),
 .UNSPECIFIED.);
#440=B_SPLINE_CURVE_WITH_KNOTS('',3,(#7137,#7138,#7139,#7140,#7141,#7142,
#7143),.UNSPECIFIED.,.F.,.F.,(4,3,4),(0.331454502241325,0.345120844531502,
0.347605052789779),.UNSPECIFIED.);
#441=B_SPLINE_CURVE_WITH_KNOTS('',3,(#7183,#7184,#7185,#7186),
 .UNSPECIFIED.,.F.,.F.,(4,4),(-0.0133452116522505,0.),.UNSPECIFIED.);
#442=B_SPLINE_CURVE_WITH_KNOTS('',3,(#7205,#7206,#7207,#7208),
 .UNSPECIFIED.,.F.,.F.,(4,4),(-0.000106388457926287,0.),.UNSPECIFIED.);
#443=B_SPLINE_CURVE_WITH_KNOTS('',3,(#7311,#7312,#7313,#7314,#7315,#7316,
#7317,#7318,#7319,#7320,#7321,#7322,#7323,#7324,#7325,#7326,#7327,#7328,
#7329,#7330),.UNSPECIFIED.,.F.,.F.,(4,1,1,1,1,2,1,1,1,1,2,1,1,1,1,4),(-13.0895872876647,
-12.2307966405874,-11.3720059935101,-10.5132153464328,-9.65442469935546,
-8.79563405227815,-6.94657535759276,-6.02204601025007,-5.09751666290738,
-4.63525198923603,-4.17298731556468,-3.33838985245175,-2.50379238933881,
-1.2518961946694,-0.834597463112936,0.),.UNSPECIFIED.);
#444=B_SPLINE_CURVE_WITH_KNOTS('',3,(#7349,#7350,#7351,#7352),
 .UNSPECIFIED.,.F.,.F.,(4,4),(0.,0.137394445826763),.UNSPECIFIED.);
#445=B_SPLINE_CURVE_WITH_KNOTS('',3,(#7370,#7371,#7372,#7373),
 .UNSPECIFIED.,.F.,.F.,(4,4),(0.,0.00239728377595331),.UNSPECIFIED.);
#446=B_SPLINE_CURVE_WITH_KNOTS('',3,(#7393,#7394,#7395,#7396),
 .UNSPECIFIED.,.F.,.F.,(4,4),(0.,0.0023033233675977),.UNSPECIFIED.);
#447=B_SPLINE_CURVE_WITH_KNOTS('',3,(#7429,#7430,#7431,#7432,#7433,#7434,
#7435,#7436),.UNSPECIFIED.,.F.,.F.,(4,1,1,1,1,4),(0.,0.513375731971849,
1.0267514639437,2.0535029278874,3.08025439183109,3.59363012380294),
 .UNSPECIFIED.);
#448=B_SPLINE_CURVE_WITH_KNOTS('',3,(#7630,#7631,#7632,#7633,#7634,#7635,
#7636,#7637,#7638,#7639,#7640,#7641,#7642,#7643,#7644,#7645),
 .UNSPECIFIED.,.F.,.F.,(4,2,2,1,1,1,1,2,2,4),(0.,0.125,0.25,0.5,1.,2.,2.5,
2.75,2.875,3.),.UNSPECIFIED.);
#449=B_SPLINE_CURVE_WITH_KNOTS('',3,(#7646,#7647,#7648,#7649,#7650,#7651,
#7652,#7653,#7654,#7655,#7656,#7657),.UNSPECIFIED.,.F.,.F.,(4,2,2,1,1,1,
1,4),(0.,0.125,0.25,0.5,1.,2.,3.,3.86308484263806),.UNSPECIFIED.);
#450=B_SPLINE_CURVE_WITH_KNOTS('',3,(#7815,#7816,#7817,#7818,#7819,#7820,
#7821,#7822,#7823,#7824,#7825,#7826,#7827),.UNSPECIFIED.,.F.,.F.,(4,2,2,
1,2,2,4),(0.,0.125,0.25,0.5,0.75,0.875,1.),.UNSPECIFIED.);
#451=B_SPLINE_CURVE_WITH_KNOTS('',3,(#7828,#7829,#7830,#7831,#7832,#7833,
#7834,#7835,#7836,#7837,#7838,#7839),.UNSPECIFIED.,.F.,.F.,(4,1,1,1,1,2,
2,4),(-3.8632981903857,-3.,-2.,-1.,-0.5,-0.25,-0.125,0.),.UNSPECIFIED.);
#452=B_SPLINE_CURVE_WITH_KNOTS('',3,(#8048,#8049,#8050,#8051,#8052,#8053,
#8054,#8055,#8056,#8057,#8058,#8059,#8060,#8061,#8062,#8063),
 .UNSPECIFIED.,.F.,.F.,(4,2,2,1,1,1,1,2,2,4),(0.,0.125,0.25,0.5,1.,2.,2.5,
2.75,2.875,3.),.UNSPECIFIED.);
#453=B_SPLINE_CURVE_WITH_KNOTS('',3,(#8520,#8521,#8522,#8523,#8524,#8525,
#8526,#8527,#8528,#8529,#8530,#8531,#8532,#8533,#8534,#8535),
 .UNSPECIFIED.,.F.,.F.,(4,2,2,1,1,1,1,2,2,4),(0.,0.125,0.25,0.5,1.,2.,2.5,
2.75,2.875,3.),.UNSPECIFIED.);
#454=VERTEX_POINT('',#1721);
#455=VERTEX_POINT('',#1722);
#456=VERTEX_POINT('',#1727);
#457=VERTEX_POINT('',#1756);
#458=VERTEX_POINT('',#1794);
#459=VERTEX_POINT('',#1798);
#460=VERTEX_POINT('',#1799);
#461=VERTEX_POINT('',#1801);
#462=VERTEX_POINT('',#1806);
#463=VERTEX_POINT('',#1909);
#464=VERTEX_POINT('',#1910);
#465=VERTEX_POINT('',#1912);
#466=VERTEX_POINT('',#1920);
#467=VERTEX_POINT('',#2029);
#468=VERTEX_POINT('',#2050);
#469=VERTEX_POINT('',#2066);
#470=VERTEX_POINT('',#2185);
#471=VERTEX_POINT('',#2186);
#472=VERTEX_POINT('',#2200);
#473=VERTEX_POINT('',#2287);
#474=VERTEX_POINT('',#2297);
#475=VERTEX_POINT('',#2336);
#476=VERTEX_POINT('',#2337);
#477=VERTEX_POINT('',#2375);
#478=VERTEX_POINT('',#2380);
#479=VERTEX_POINT('',#2414);
#480=VERTEX_POINT('',#2415);
#481=VERTEX_POINT('',#2453);
#482=VERTEX_POINT('',#2454);
#483=VERTEX_POINT('',#2541);
#484=VERTEX_POINT('',#2542);
#485=VERTEX_POINT('',#2594);
#486=VERTEX_POINT('',#2595);
#487=VERTEX_POINT('',#2633);
#488=VERTEX_POINT('',#2634);
#489=VERTEX_POINT('',#2672);
#490=VERTEX_POINT('',#2673);
#491=VERTEX_POINT('',#2746);
#492=VERTEX_POINT('',#2747);
#493=VERTEX_POINT('',#2795);
#494=VERTEX_POINT('',#2796);
#495=VERTEX_POINT('',#2834);
#496=VERTEX_POINT('',#2835);
#497=VERTEX_POINT('',#2873);
#498=VERTEX_POINT('',#2874);
#499=VERTEX_POINT('',#2961);
#500=VERTEX_POINT('',#2962);
#501=VERTEX_POINT('',#3014);
#502=VERTEX_POINT('',#3015);
#503=VERTEX_POINT('',#3053);
#504=VERTEX_POINT('',#3054);
#505=VERTEX_POINT('',#3092);
#506=VERTEX_POINT('',#3097);
#507=VERTEX_POINT('',#3367);
#508=VERTEX_POINT('',#3380);
#509=VERTEX_POINT('',#3670);
#510=VERTEX_POINT('',#3715);
#511=VERTEX_POINT('',#3717);
#512=VERTEX_POINT('',#3813);
#513=VERTEX_POINT('',#3849);
#514=VERTEX_POINT('',#3871);
#515=VERTEX_POINT('',#3897);
#516=VERTEX_POINT('',#3927);
#517=VERTEX_POINT('',#3934);
#518=VERTEX_POINT('',#3949);
#519=VERTEX_POINT('',#3954);
#520=VERTEX_POINT('',#3967);
#521=VERTEX_POINT('',#3996);
#522=VERTEX_POINT('',#4098);
#523=VERTEX_POINT('',#4099);
#524=VERTEX_POINT('',#4106);
#525=VERTEX_POINT('',#4299);
#526=VERTEX_POINT('',#4325);
#527=VERTEX_POINT('',#4366);
#528=VERTEX_POINT('',#4401);
#529=VERTEX_POINT('',#4433);
#530=VERTEX_POINT('',#4471);
#531=VERTEX_POINT('',#4500);
#532=VERTEX_POINT('',#4535);
#533=VERTEX_POINT('',#4553);
#534=VERTEX_POINT('',#4554);
#535=VERTEX_POINT('',#4658);
#536=VERTEX_POINT('',#4659);
#537=VERTEX_POINT('',#4670);
#538=VERTEX_POINT('',#4704);
#539=VERTEX_POINT('',#4706);
#540=VERTEX_POINT('',#4883);
#541=VERTEX_POINT('',#4910);
#542=VERTEX_POINT('',#4931);
#543=VERTEX_POINT('',#4946);
#544=VERTEX_POINT('',#4975);
#545=VERTEX_POINT('',#5202);
#546=VERTEX_POINT('',#5213);
#547=VERTEX_POINT('',#5235);
#548=VERTEX_POINT('',#5236);
#549=VERTEX_POINT('',#5340);
#550=VERTEX_POINT('',#5537);
#551=VERTEX_POINT('',#5564);
#552=VERTEX_POINT('',#5570);
#553=VERTEX_POINT('',#5592);
#554=VERTEX_POINT('',#5624);
#555=VERTEX_POINT('',#5642);
#556=VERTEX_POINT('',#5839);
#557=VERTEX_POINT('',#5850);
#558=VERTEX_POINT('',#5869);
#559=VERTEX_POINT('',#5871);
#560=VERTEX_POINT('',#6052);
#561=VERTEX_POINT('',#6059);
#562=VERTEX_POINT('',#6077);
#563=VERTEX_POINT('',#6079);
#564=VERTEX_POINT('',#6266);
#565=VERTEX_POINT('',#6273);
#566=VERTEX_POINT('',#6292);
#567=VERTEX_POINT('',#6293);
#568=VERTEX_POINT('',#6383);
#569=VERTEX_POINT('',#6390);
#570=VERTEX_POINT('',#6408);
#571=VERTEX_POINT('',#6409);
#572=VERTEX_POINT('',#6504);
#573=VERTEX_POINT('',#6511);
#574=VERTEX_POINT('',#6529);
#575=VERTEX_POINT('',#6531);
#576=VERTEX_POINT('',#6973);
#577=VERTEX_POINT('',#7181);
#578=VERTEX_POINT('',#7203);
#579=VERTEX_POINT('',#7309);
#580=VERTEX_POINT('',#7347);
#581=VERTEX_POINT('',#7369);
#582=VERTEX_POINT('',#7391);
#583=VERTEX_POINT('',#7629);
#584=VERTEX_POINT('',#7814);
#585=EDGE_CURVE('',#454,#455,#298,.T.);
#586=EDGE_CURVE('',#454,#456,#299,.T.);
#587=EDGE_CURVE('',#456,#457,#300,.T.);
#588=EDGE_CURVE('',#458,#457,#256,.T.);
#589=EDGE_CURVE('',#455,#458,#257,.T.);
#590=EDGE_CURVE('',#459,#460,#258,.T.);
#591=EDGE_CURVE('',#459,#461,#53,.T.);
#592=EDGE_CURVE('',#461,#461,#259,.T.);
#593=EDGE_CURVE('',#460,#459,#260,.T.);
#594=EDGE_CURVE('',#461,#462,#54,.T.);
#595=EDGE_CURVE('',#462,#462,#261,.T.);
#596=EDGE_CURVE('',#458,#455,#262,.T.);
#597=EDGE_CURVE('',#457,#454,#301,.T.);
#598=EDGE_CURVE('',#456,#460,#263,.T.);
#599=EDGE_CURVE('',#463,#464,#264,.T.);
#600=EDGE_CURVE('',#464,#465,#302,.T.);
#601=EDGE_CURVE('',#465,#466,#265,.T.);
#602=EDGE_CURVE('',#466,#463,#303,.T.);
#603=EDGE_CURVE('',#467,#466,#304,.T.);
#604=EDGE_CURVE('',#465,#468,#305,.T.);
#605=EDGE_CURVE('',#468,#469,#306,.T.);
#606=EDGE_CURVE('',#469,#467,#307,.T.);
#607=EDGE_CURVE('',#470,#471,#308,.T.);
#608=EDGE_CURVE('',#471,#472,#266,.T.);
#609=EDGE_CURVE('',#472,#467,#309,.T.);
#610=EDGE_CURVE('',#470,#469,#310,.T.);
#611=EDGE_CURVE('',#471,#473,#311,.T.);
#612=EDGE_CURVE('',#473,#474,#267,.T.);
#613=EDGE_CURVE('',#474,#472,#312,.T.);
#614=EDGE_CURVE('',#475,#476,#268,.T.);
#615=EDGE_CURVE('',#476,#474,#313,.T.);
#616=EDGE_CURVE('',#473,#475,#314,.T.);
#617=EDGE_CURVE('',#475,#477,#315,.T.);
#618=EDGE_CURVE('',#477,#478,#269,.T.);
#619=EDGE_CURVE('',#478,#476,#316,.T.);
#620=EDGE_CURVE('',#479,#480,#270,.T.);
#621=EDGE_CURVE('',#480,#478,#317,.T.);
#622=EDGE_CURVE('',#477,#479,#318,.T.);
#623=EDGE_CURVE('',#481,#482,#271,.T.);
#624=EDGE_CURVE('',#482,#480,#319,.T.);
#625=EDGE_CURVE('',#479,#481,#320,.T.);
#626=EDGE_CURVE('',#483,#484,#272,.T.);
#627=EDGE_CURVE('',#484,#482,#321,.T.);
#628=EDGE_CURVE('',#481,#483,#322,.T.);
#629=EDGE_CURVE('',#485,#486,#273,.T.);
#630=EDGE_CURVE('',#486,#484,#323,.T.);
#631=EDGE_CURVE('',#483,#485,#324,.T.);
#632=EDGE_CURVE('',#487,#488,#274,.T.);
#633=EDGE_CURVE('',#488,#486,#325,.T.);
#634=EDGE_CURVE('',#485,#487,#326,.T.);
#635=EDGE_CURVE('',#489,#490,#275,.T.);
#636=EDGE_CURVE('',#490,#488,#327,.T.);
#637=EDGE_CURVE('',#487,#489,#328,.T.);
#638=EDGE_CURVE('',#491,#492,#276,.T.);
#639=EDGE_CURVE('',#492,#490,#329,.T.);
#640=EDGE_CURVE('',#489,#491,#330,.T.);
#641=EDGE_CURVE('',#493,#494,#277,.T.);
#642=EDGE_CURVE('',#494,#492,#331,.T.);
#643=EDGE_CURVE('',#491,#493,#332,.T.);
#644=EDGE_CURVE('',#495,#496,#278,.T.);
#645=EDGE_CURVE('',#496,#494,#333,.T.);
#646=EDGE_CURVE('',#493,#495,#334,.T.);
#647=EDGE_CURVE('',#497,#498,#279,.T.);
#648=EDGE_CURVE('',#498,#496,#335,.T.);
#649=EDGE_CURVE('',#495,#497,#336,.T.);
#650=EDGE_CURVE('',#499,#500,#280,.T.);
#651=EDGE_CURVE('',#500,#498,#337,.T.);
#652=EDGE_CURVE('',#497,#499,#338,.T.);
#653=EDGE_CURVE('',#501,#502,#281,.T.);
#654=EDGE_CURVE('',#502,#500,#339,.T.);
#655=EDGE_CURVE('',#499,#501,#340,.T.);
#656=EDGE_CURVE('',#503,#504,#282,.T.);
#657=EDGE_CURVE('',#504,#502,#341,.T.);
#658=EDGE_CURVE('',#501,#503,#342,.T.);
#659=EDGE_CURVE('',#463,#505,#343,.T.);
#660=EDGE_CURVE('',#505,#506,#283,.T.);
#661=EDGE_CURVE('',#506,#464,#344,.T.);
#662=EDGE_CURVE('',#503,#506,#345,.T.);
#663=EDGE_CURVE('',#505,#504,#346,.T.);
#664=EDGE_CURVE('',#496,#507,#347,.T.);
#665=EDGE_CURVE('',#508,#507,#348,.T.);
#666=EDGE_CURVE('',#508,#486,#349,.T.);
#667=EDGE_CURVE('',#509,#504,#350,.T.);
#668=EDGE_CURVE('',#507,#509,#351,.T.);
#669=EDGE_CURVE('',#510,#483,#284,.T.);
#670=EDGE_CURVE('',#510,#511,#352,.T.);
#671=EDGE_CURVE('',#511,#487,#285,.T.);
#672=EDGE_CURVE('',#512,#481,#286,.T.);
#673=EDGE_CURVE('',#512,#510,#353,.T.);
#674=EDGE_CURVE('',#513,#479,#287,.T.);
#675=EDGE_CURVE('',#513,#512,#354,.T.);
#676=EDGE_CURVE('',#514,#475,#288,.T.);
#677=EDGE_CURVE('',#514,#513,#355,.T.);
#678=EDGE_CURVE('',#515,#473,#356,.T.);
#679=EDGE_CURVE('',#515,#514,#357,.T.);
#680=EDGE_CURVE('',#471,#516,#358,.T.);
#681=EDGE_CURVE('',#516,#515,#289,.T.);
#682=EDGE_CURVE('',#517,#468,#55,.T.);
#683=EDGE_CURVE('',#516,#517,#359,.T.);
#684=EDGE_CURVE('',#518,#465,#360,.T.);
#685=EDGE_CURVE('',#519,#518,#361,.T.);
#686=EDGE_CURVE('',#520,#519,#362,.T.);
#687=EDGE_CURVE('',#517,#520,#363,.T.);
#688=EDGE_CURVE('',#464,#521,#364,.T.);
#689=EDGE_CURVE('',#518,#521,#290,.T.);
#690=EDGE_CURVE('',#522,#523,#365,.T.);
#691=EDGE_CURVE('',#523,#524,#366,.T.);
#692=EDGE_CURVE('',#524,#523,#367,.T.);
#693=EDGE_CURVE('',#522,#522,#368,.T.);
#694=EDGE_CURVE('',#525,#478,#369,.T.);
#695=EDGE_CURVE('',#509,#525,#370,.T.);
#696=EDGE_CURVE('',#526,#526,#371,.T.);
#697=EDGE_CURVE('',#527,#527,#372,.T.);
#698=EDGE_CURVE('',#528,#528,#373,.T.);
#699=EDGE_CURVE('',#529,#529,#374,.T.);
#700=EDGE_CURVE('',#530,#530,#375,.T.);
#701=EDGE_CURVE('',#531,#531,#376,.T.);
#702=EDGE_CURVE('',#532,#532,#377,.T.);
#703=EDGE_CURVE('',#533,#534,#378,.T.);
#704=EDGE_CURVE('',#534,#533,#379,.T.);
#705=EDGE_CURVE('',#534,#524,#56,.T.);
#706=EDGE_CURVE('',#535,#536,#380,.T.);
#707=EDGE_CURVE('',#536,#537,#381,.T.);
#708=EDGE_CURVE('',#537,#536,#382,.T.);
#709=EDGE_CURVE('',#535,#535,#383,.T.);
#710=EDGE_CURVE('',#537,#538,#57,.T.);
#711=EDGE_CURVE('',#539,#538,#384,.T.);
#712=EDGE_CURVE('',#538,#539,#385,.T.);
#713=EDGE_CURVE('',#540,#515,#386,.T.);
#714=EDGE_CURVE('',#540,#541,#387,.T.);
#715=EDGE_CURVE('',#541,#514,#388,.T.);
#716=EDGE_CURVE('',#542,#542,#389,.T.);
#717=EDGE_CURVE('',#543,#543,#390,.T.);
#718=EDGE_CURVE('',#544,#544,#391,.T.);
#719=EDGE_CURVE('',#526,#539,#392,.T.);
#720=EDGE_CURVE('',#532,#545,#393,.T.);
#721=EDGE_CURVE('',#545,#546,#394,.T.);
#722=EDGE_CURVE('',#546,#545,#395,.T.);
#723=EDGE_CURVE('',#547,#548,#396,.T.);
#724=EDGE_CURVE('',#548,#547,#397,.T.);
#725=EDGE_CURVE('',#548,#546,#58,.T.);
#726=EDGE_CURVE('',#549,#533,#398,.T.);
#727=EDGE_CURVE('',#549,#549,#399,.T.);
#728=EDGE_CURVE('',#521,#550,#400,.T.);
#729=EDGE_CURVE('',#551,#521,#401,.T.);
#730=EDGE_CURVE('',#552,#551,#402,.T.);
#731=EDGE_CURVE('',#552,#550,#403,.T.);
#732=EDGE_CURVE('',#553,#553,#404,.T.);
#733=EDGE_CURVE('',#554,#554,#405,.T.);
#734=EDGE_CURVE('',#555,#555,#406,.T.);
#735=EDGE_CURVE('',#542,#547,#407,.T.);
#736=EDGE_CURVE('',#553,#556,#408,.T.);
#737=EDGE_CURVE('',#556,#557,#409,.T.);
#738=EDGE_CURVE('',#557,#556,#410,.T.);
#739=EDGE_CURVE('',#557,#558,#59,.T.);
#740=EDGE_CURVE('',#559,#558,#411,.T.);
#741=EDGE_CURVE('',#558,#559,#412,.T.);
#742=EDGE_CURVE('',#527,#559,#413,.T.);
#743=EDGE_CURVE('',#544,#560,#414,.T.);
#744=EDGE_CURVE('',#560,#561,#415,.T.);
#745=EDGE_CURVE('',#561,#560,#416,.T.);
#746=EDGE_CURVE('',#561,#562,#60,.T.);
#747=EDGE_CURVE('',#563,#562,#417,.T.);
#748=EDGE_CURVE('',#562,#563,#418,.T.);
#749=EDGE_CURVE('',#531,#563,#419,.T.);
#750=EDGE_CURVE('',#528,#564,#420,.T.);
#751=EDGE_CURVE('',#564,#565,#421,.T.);
#752=EDGE_CURVE('',#565,#564,#422,.T.);
#753=EDGE_CURVE('',#566,#567,#423,.T.);
#754=EDGE_CURVE('',#567,#566,#424,.T.);
#755=EDGE_CURVE('',#567,#565,#61,.T.);
#756=EDGE_CURVE('',#530,#568,#425,.T.);
#757=EDGE_CURVE('',#568,#569,#426,.T.);
#758=EDGE_CURVE('',#569,#568,#427,.T.);
#759=EDGE_CURVE('',#570,#571,#428,.T.);
#760=EDGE_CURVE('',#571,#570,#429,.T.);
#761=EDGE_CURVE('',#571,#569,#62,.T.);
#762=EDGE_CURVE('',#555,#572,#430,.T.);
#763=EDGE_CURVE('',#572,#573,#431,.T.);
#764=EDGE_CURVE('',#573,#572,#432,.T.);
#765=EDGE_CURVE('',#573,#574,#63,.T.);
#766=EDGE_CURVE('',#575,#574,#433,.T.);
#767=EDGE_CURVE('',#574,#575,#434,.T.);
#768=EDGE_CURVE('',#529,#575,#435,.T.);
#769=EDGE_CURVE('',#543,#566,#436,.T.);
#770=EDGE_CURVE('',#554,#570,#437,.T.);
#771=EDGE_CURVE('',#550,#576,#438,.T.);
#772=EDGE_CURVE('',#576,#520,#439,.T.);
#773=EDGE_CURVE('',#576,#540,#440,.T.);
#774=EDGE_CURVE('',#506,#551,#291,.T.);
#775=EDGE_CURVE('',#501,#577,#292,.T.);
#776=EDGE_CURVE('',#577,#551,#441,.T.);
#777=EDGE_CURVE('',#499,#578,#293,.T.);
#778=EDGE_CURVE('',#578,#577,#442,.T.);
#779=EDGE_CURVE('',#497,#579,#294,.T.);
#780=EDGE_CURVE('',#579,#578,#443,.T.);
#781=EDGE_CURVE('',#493,#580,#295,.T.);
#782=EDGE_CURVE('',#580,#579,#444,.T.);
#783=EDGE_CURVE('',#511,#581,#445,.T.);
#784=EDGE_CURVE('',#581,#489,#296,.T.);
#785=EDGE_CURVE('',#491,#582,#297,.T.);
#786=EDGE_CURVE('',#582,#580,#446,.T.);
#787=EDGE_CURVE('',#581,#582,#447,.T.);
#788=EDGE_CURVE('',#541,#583,#448,.T.);
#789=EDGE_CURVE('',#583,#510,#449,.T.);
#790=EDGE_CURVE('',#583,#584,#450,.T.);
#791=EDGE_CURVE('',#579,#584,#451,.T.);
#792=EDGE_CURVE('',#584,#552,#452,.T.);
#793=EDGE_CURVE('',#525,#508,#453,.T.);
#794=ORIENTED_EDGE('',*,*,#585,.F.);
#795=ORIENTED_EDGE('',*,*,#586,.T.);
#796=ORIENTED_EDGE('',*,*,#587,.T.);
#797=ORIENTED_EDGE('',*,*,#588,.F.);
#798=ORIENTED_EDGE('',*,*,#589,.F.);
#799=ORIENTED_EDGE('',*,*,#590,.F.);
#800=ORIENTED_EDGE('',*,*,#591,.T.);
#801=ORIENTED_EDGE('',*,*,#592,.T.);
#802=ORIENTED_EDGE('',*,*,#591,.F.);
#803=ORIENTED_EDGE('',*,*,#593,.F.);
#804=ORIENTED_EDGE('',*,*,#592,.F.);
#805=ORIENTED_EDGE('',*,*,#594,.T.);
#806=ORIENTED_EDGE('',*,*,#595,.T.);
#807=ORIENTED_EDGE('',*,*,#594,.F.);
#808=ORIENTED_EDGE('',*,*,#595,.F.);
#809=ORIENTED_EDGE('',*,*,#585,.T.);
#810=ORIENTED_EDGE('',*,*,#596,.F.);
#811=ORIENTED_EDGE('',*,*,#588,.T.);
#812=ORIENTED_EDGE('',*,*,#597,.T.);
#813=ORIENTED_EDGE('',*,*,#597,.F.);
#814=ORIENTED_EDGE('',*,*,#587,.F.);
#815=ORIENTED_EDGE('',*,*,#598,.T.);
#816=ORIENTED_EDGE('',*,*,#593,.T.);
#817=ORIENTED_EDGE('',*,*,#590,.T.);
#818=ORIENTED_EDGE('',*,*,#598,.F.);
#819=ORIENTED_EDGE('',*,*,#586,.F.);
#820=ORIENTED_EDGE('',*,*,#596,.T.);
#821=ORIENTED_EDGE('',*,*,#589,.T.);
#822=ORIENTED_EDGE('',*,*,#599,.T.);
#823=ORIENTED_EDGE('',*,*,#600,.T.);
#824=ORIENTED_EDGE('',*,*,#601,.T.);
#825=ORIENTED_EDGE('',*,*,#602,.T.);
#826=ORIENTED_EDGE('',*,*,#603,.T.);
#827=ORIENTED_EDGE('',*,*,#601,.F.);
#828=ORIENTED_EDGE('',*,*,#604,.T.);
#829=ORIENTED_EDGE('',*,*,#605,.T.);
#830=ORIENTED_EDGE('',*,*,#606,.T.);
#831=ORIENTED_EDGE('',*,*,#607,.T.);
#832=ORIENTED_EDGE('',*,*,#608,.T.);
#833=ORIENTED_EDGE('',*,*,#609,.T.);
#834=ORIENTED_EDGE('',*,*,#606,.F.);
#835=ORIENTED_EDGE('',*,*,#610,.F.);
#836=ORIENTED_EDGE('',*,*,#608,.F.);
#837=ORIENTED_EDGE('',*,*,#611,.T.);
#838=ORIENTED_EDGE('',*,*,#612,.T.);
#839=ORIENTED_EDGE('',*,*,#613,.T.);
#840=ORIENTED_EDGE('',*,*,#614,.T.);
#841=ORIENTED_EDGE('',*,*,#615,.T.);
#842=ORIENTED_EDGE('',*,*,#612,.F.);
#843=ORIENTED_EDGE('',*,*,#616,.T.);
#844=ORIENTED_EDGE('',*,*,#614,.F.);
#845=ORIENTED_EDGE('',*,*,#617,.T.);
#846=ORIENTED_EDGE('',*,*,#618,.T.);
#847=ORIENTED_EDGE('',*,*,#619,.T.);
#848=ORIENTED_EDGE('',*,*,#620,.T.);
#849=ORIENTED_EDGE('',*,*,#621,.T.);
#850=ORIENTED_EDGE('',*,*,#618,.F.);
#851=ORIENTED_EDGE('',*,*,#622,.T.);
#852=ORIENTED_EDGE('',*,*,#623,.T.);
#853=ORIENTED_EDGE('',*,*,#624,.T.);
#854=ORIENTED_EDGE('',*,*,#620,.F.);
#855=ORIENTED_EDGE('',*,*,#625,.T.);
#856=ORIENTED_EDGE('',*,*,#626,.T.);
#857=ORIENTED_EDGE('',*,*,#627,.T.);
#858=ORIENTED_EDGE('',*,*,#623,.F.);
#859=ORIENTED_EDGE('',*,*,#628,.T.);
#860=ORIENTED_EDGE('',*,*,#629,.T.);
#861=ORIENTED_EDGE('',*,*,#630,.T.);
#862=ORIENTED_EDGE('',*,*,#626,.F.);
#863=ORIENTED_EDGE('',*,*,#631,.T.);
#864=ORIENTED_EDGE('',*,*,#632,.T.);
#865=ORIENTED_EDGE('',*,*,#633,.T.);
#866=ORIENTED_EDGE('',*,*,#629,.F.);
#867=ORIENTED_EDGE('',*,*,#634,.T.);
#868=ORIENTED_EDGE('',*,*,#635,.T.);
#869=ORIENTED_EDGE('',*,*,#636,.T.);
#870=ORIENTED_EDGE('',*,*,#632,.F.);
#871=ORIENTED_EDGE('',*,*,#637,.T.);
#872=ORIENTED_EDGE('',*,*,#638,.T.);
#873=ORIENTED_EDGE('',*,*,#639,.T.);
#874=ORIENTED_EDGE('',*,*,#635,.F.);
#875=ORIENTED_EDGE('',*,*,#640,.T.);
#876=ORIENTED_EDGE('',*,*,#641,.T.);
#877=ORIENTED_EDGE('',*,*,#642,.T.);
#878=ORIENTED_EDGE('',*,*,#638,.F.);
#879=ORIENTED_EDGE('',*,*,#643,.T.);
#880=ORIENTED_EDGE('',*,*,#644,.T.);
#881=ORIENTED_EDGE('',*,*,#645,.T.);
#882=ORIENTED_EDGE('',*,*,#641,.F.);
#883=ORIENTED_EDGE('',*,*,#646,.T.);
#884=ORIENTED_EDGE('',*,*,#647,.T.);
#885=ORIENTED_EDGE('',*,*,#648,.T.);
#886=ORIENTED_EDGE('',*,*,#644,.F.);
#887=ORIENTED_EDGE('',*,*,#649,.T.);
#888=ORIENTED_EDGE('',*,*,#650,.T.);
#889=ORIENTED_EDGE('',*,*,#651,.T.);
#890=ORIENTED_EDGE('',*,*,#647,.F.);
#891=ORIENTED_EDGE('',*,*,#652,.T.);
#892=ORIENTED_EDGE('',*,*,#653,.T.);
#893=ORIENTED_EDGE('',*,*,#654,.T.);
#894=ORIENTED_EDGE('',*,*,#650,.F.);
#895=ORIENTED_EDGE('',*,*,#655,.T.);
#896=ORIENTED_EDGE('',*,*,#656,.T.);
#897=ORIENTED_EDGE('',*,*,#657,.T.);
#898=ORIENTED_EDGE('',*,*,#653,.F.);
#899=ORIENTED_EDGE('',*,*,#658,.T.);
#900=ORIENTED_EDGE('',*,*,#599,.F.);
#901=ORIENTED_EDGE('',*,*,#659,.T.);
#902=ORIENTED_EDGE('',*,*,#660,.T.);
#903=ORIENTED_EDGE('',*,*,#661,.T.);
#904=ORIENTED_EDGE('',*,*,#656,.F.);
#905=ORIENTED_EDGE('',*,*,#662,.T.);
#906=ORIENTED_EDGE('',*,*,#660,.F.);
#907=ORIENTED_EDGE('',*,*,#663,.T.);
#908=ORIENTED_EDGE('',*,*,#633,.F.);
#909=ORIENTED_EDGE('',*,*,#636,.F.);
#910=ORIENTED_EDGE('',*,*,#639,.F.);
#911=ORIENTED_EDGE('',*,*,#642,.F.);
#912=ORIENTED_EDGE('',*,*,#645,.F.);
#913=ORIENTED_EDGE('',*,*,#664,.T.);
#914=ORIENTED_EDGE('',*,*,#665,.F.);
#915=ORIENTED_EDGE('',*,*,#666,.T.);
#916=ORIENTED_EDGE('',*,*,#648,.F.);
#917=ORIENTED_EDGE('',*,*,#651,.F.);
#918=ORIENTED_EDGE('',*,*,#654,.F.);
#919=ORIENTED_EDGE('',*,*,#657,.F.);
#920=ORIENTED_EDGE('',*,*,#667,.F.);
#921=ORIENTED_EDGE('',*,*,#668,.F.);
#922=ORIENTED_EDGE('',*,*,#664,.F.);
#923=ORIENTED_EDGE('',*,*,#634,.F.);
#924=ORIENTED_EDGE('',*,*,#631,.F.);
#925=ORIENTED_EDGE('',*,*,#669,.F.);
#926=ORIENTED_EDGE('',*,*,#670,.T.);
#927=ORIENTED_EDGE('',*,*,#671,.T.);
#928=ORIENTED_EDGE('',*,*,#628,.F.);
#929=ORIENTED_EDGE('',*,*,#672,.F.);
#930=ORIENTED_EDGE('',*,*,#673,.T.);
#931=ORIENTED_EDGE('',*,*,#669,.T.);
#932=ORIENTED_EDGE('',*,*,#625,.F.);
#933=ORIENTED_EDGE('',*,*,#674,.F.);
#934=ORIENTED_EDGE('',*,*,#675,.T.);
#935=ORIENTED_EDGE('',*,*,#672,.T.);
#936=ORIENTED_EDGE('',*,*,#622,.F.);
#937=ORIENTED_EDGE('',*,*,#617,.F.);
#938=ORIENTED_EDGE('',*,*,#676,.F.);
#939=ORIENTED_EDGE('',*,*,#677,.T.);
#940=ORIENTED_EDGE('',*,*,#674,.T.);
#941=ORIENTED_EDGE('',*,*,#616,.F.);
#942=ORIENTED_EDGE('',*,*,#678,.F.);
#943=ORIENTED_EDGE('',*,*,#679,.T.);
#944=ORIENTED_EDGE('',*,*,#676,.T.);
#945=ORIENTED_EDGE('',*,*,#611,.F.);
#946=ORIENTED_EDGE('',*,*,#680,.T.);
#947=ORIENTED_EDGE('',*,*,#681,.T.);
#948=ORIENTED_EDGE('',*,*,#678,.T.);
#949=ORIENTED_EDGE('',*,*,#607,.F.);
#950=ORIENTED_EDGE('',*,*,#610,.T.);
#951=ORIENTED_EDGE('',*,*,#605,.F.);
#952=ORIENTED_EDGE('',*,*,#682,.F.);
#953=ORIENTED_EDGE('',*,*,#683,.F.);
#954=ORIENTED_EDGE('',*,*,#680,.F.);
#955=ORIENTED_EDGE('',*,*,#604,.F.);
#956=ORIENTED_EDGE('',*,*,#684,.F.);
#957=ORIENTED_EDGE('',*,*,#685,.F.);
#958=ORIENTED_EDGE('',*,*,#686,.F.);
#959=ORIENTED_EDGE('',*,*,#687,.F.);
#960=ORIENTED_EDGE('',*,*,#682,.T.);
#961=ORIENTED_EDGE('',*,*,#600,.F.);
#962=ORIENTED_EDGE('',*,*,#688,.T.);
#963=ORIENTED_EDGE('',*,*,#689,.F.);
#964=ORIENTED_EDGE('',*,*,#684,.T.);
#965=ORIENTED_EDGE('',*,*,#690,.T.);
#966=ORIENTED_EDGE('',*,*,#691,.T.);
#967=ORIENTED_EDGE('',*,*,#692,.T.);
#968=ORIENTED_EDGE('',*,*,#690,.F.);
#969=ORIENTED_EDGE('',*,*,#693,.T.);
#970=ORIENTED_EDGE('',*,*,#619,.F.);
#971=ORIENTED_EDGE('',*,*,#694,.F.);
#972=ORIENTED_EDGE('',*,*,#695,.F.);
#973=ORIENTED_EDGE('',*,*,#667,.T.);
#974=ORIENTED_EDGE('',*,*,#663,.F.);
#975=ORIENTED_EDGE('',*,*,#659,.F.);
#976=ORIENTED_EDGE('',*,*,#602,.F.);
#977=ORIENTED_EDGE('',*,*,#603,.F.);
#978=ORIENTED_EDGE('',*,*,#609,.F.);
#979=ORIENTED_EDGE('',*,*,#613,.F.);
#980=ORIENTED_EDGE('',*,*,#615,.F.);
#981=ORIENTED_EDGE('',*,*,#696,.F.);
#982=ORIENTED_EDGE('',*,*,#697,.F.);
#983=ORIENTED_EDGE('',*,*,#698,.F.);
#984=ORIENTED_EDGE('',*,*,#699,.F.);
#985=ORIENTED_EDGE('',*,*,#700,.F.);
#986=ORIENTED_EDGE('',*,*,#701,.F.);
#987=ORIENTED_EDGE('',*,*,#702,.F.);
#988=ORIENTED_EDGE('',*,*,#693,.F.);
#989=ORIENTED_EDGE('',*,*,#703,.F.);
#990=ORIENTED_EDGE('',*,*,#704,.F.);
#991=ORIENTED_EDGE('',*,*,#705,.T.);
#992=ORIENTED_EDGE('',*,*,#691,.F.);
#993=ORIENTED_EDGE('',*,*,#692,.F.);
#994=ORIENTED_EDGE('',*,*,#705,.F.);
#995=ORIENTED_EDGE('',*,*,#706,.T.);
#996=ORIENTED_EDGE('',*,*,#707,.T.);
#997=ORIENTED_EDGE('',*,*,#708,.T.);
#998=ORIENTED_EDGE('',*,*,#706,.F.);
#999=ORIENTED_EDGE('',*,*,#709,.T.);
#1000=ORIENTED_EDGE('',*,*,#707,.F.);
#1001=ORIENTED_EDGE('',*,*,#708,.F.);
#1002=ORIENTED_EDGE('',*,*,#710,.T.);
#1003=ORIENTED_EDGE('',*,*,#711,.F.);
#1004=ORIENTED_EDGE('',*,*,#712,.F.);
#1005=ORIENTED_EDGE('',*,*,#710,.F.);
#1006=ORIENTED_EDGE('',*,*,#713,.F.);
#1007=ORIENTED_EDGE('',*,*,#714,.T.);
#1008=ORIENTED_EDGE('',*,*,#715,.T.);
#1009=ORIENTED_EDGE('',*,*,#679,.F.);
#1010=ORIENTED_EDGE('',*,*,#716,.F.);
#1011=ORIENTED_EDGE('',*,*,#717,.F.);
#1012=ORIENTED_EDGE('',*,*,#718,.F.);
#1013=ORIENTED_EDGE('',*,*,#709,.F.);
#1014=ORIENTED_EDGE('',*,*,#719,.T.);
#1015=ORIENTED_EDGE('',*,*,#711,.T.);
#1016=ORIENTED_EDGE('',*,*,#712,.T.);
#1017=ORIENTED_EDGE('',*,*,#719,.F.);
#1018=ORIENTED_EDGE('',*,*,#696,.T.);
#1019=ORIENTED_EDGE('',*,*,#720,.T.);
#1020=ORIENTED_EDGE('',*,*,#721,.T.);
#1021=ORIENTED_EDGE('',*,*,#722,.T.);
#1022=ORIENTED_EDGE('',*,*,#720,.F.);
#1023=ORIENTED_EDGE('',*,*,#702,.T.);
#1024=ORIENTED_EDGE('',*,*,#723,.F.);
#1025=ORIENTED_EDGE('',*,*,#724,.F.);
#1026=ORIENTED_EDGE('',*,*,#725,.T.);
#1027=ORIENTED_EDGE('',*,*,#721,.F.);
#1028=ORIENTED_EDGE('',*,*,#722,.F.);
#1029=ORIENTED_EDGE('',*,*,#725,.F.);
#1030=ORIENTED_EDGE('',*,*,#726,.T.);
#1031=ORIENTED_EDGE('',*,*,#703,.T.);
#1032=ORIENTED_EDGE('',*,*,#704,.T.);
#1033=ORIENTED_EDGE('',*,*,#726,.F.);
#1034=ORIENTED_EDGE('',*,*,#727,.T.);
#1035=ORIENTED_EDGE('',*,*,#728,.F.);
#1036=ORIENTED_EDGE('',*,*,#729,.F.);
#1037=ORIENTED_EDGE('',*,*,#730,.F.);
#1038=ORIENTED_EDGE('',*,*,#731,.T.);
#1039=ORIENTED_EDGE('',*,*,#732,.F.);
#1040=ORIENTED_EDGE('',*,*,#733,.F.);
#1041=ORIENTED_EDGE('',*,*,#734,.F.);
#1042=ORIENTED_EDGE('',*,*,#727,.F.);
#1043=ORIENTED_EDGE('',*,*,#735,.T.);
#1044=ORIENTED_EDGE('',*,*,#723,.T.);
#1045=ORIENTED_EDGE('',*,*,#724,.T.);
#1046=ORIENTED_EDGE('',*,*,#735,.F.);
#1047=ORIENTED_EDGE('',*,*,#716,.T.);
#1048=ORIENTED_EDGE('',*,*,#736,.T.);
#1049=ORIENTED_EDGE('',*,*,#737,.T.);
#1050=ORIENTED_EDGE('',*,*,#738,.T.);
#1051=ORIENTED_EDGE('',*,*,#736,.F.);
#1052=ORIENTED_EDGE('',*,*,#732,.T.);
#1053=ORIENTED_EDGE('',*,*,#737,.F.);
#1054=ORIENTED_EDGE('',*,*,#738,.F.);
#1055=ORIENTED_EDGE('',*,*,#739,.T.);
#1056=ORIENTED_EDGE('',*,*,#740,.F.);
#1057=ORIENTED_EDGE('',*,*,#741,.F.);
#1058=ORIENTED_EDGE('',*,*,#739,.F.);
#1059=ORIENTED_EDGE('',*,*,#742,.T.);
#1060=ORIENTED_EDGE('',*,*,#740,.T.);
#1061=ORIENTED_EDGE('',*,*,#741,.T.);
#1062=ORIENTED_EDGE('',*,*,#742,.F.);
#1063=ORIENTED_EDGE('',*,*,#697,.T.);
#1064=ORIENTED_EDGE('',*,*,#743,.T.);
#1065=ORIENTED_EDGE('',*,*,#744,.T.);
#1066=ORIENTED_EDGE('',*,*,#745,.T.);
#1067=ORIENTED_EDGE('',*,*,#743,.F.);
#1068=ORIENTED_EDGE('',*,*,#718,.T.);
#1069=ORIENTED_EDGE('',*,*,#744,.F.);
#1070=ORIENTED_EDGE('',*,*,#745,.F.);
#1071=ORIENTED_EDGE('',*,*,#746,.T.);
#1072=ORIENTED_EDGE('',*,*,#747,.F.);
#1073=ORIENTED_EDGE('',*,*,#748,.F.);
#1074=ORIENTED_EDGE('',*,*,#746,.F.);
#1075=ORIENTED_EDGE('',*,*,#749,.T.);
#1076=ORIENTED_EDGE('',*,*,#747,.T.);
#1077=ORIENTED_EDGE('',*,*,#748,.T.);
#1078=ORIENTED_EDGE('',*,*,#749,.F.);
#1079=ORIENTED_EDGE('',*,*,#701,.T.);
#1080=ORIENTED_EDGE('',*,*,#750,.T.);
#1081=ORIENTED_EDGE('',*,*,#751,.T.);
#1082=ORIENTED_EDGE('',*,*,#752,.T.);
#1083=ORIENTED_EDGE('',*,*,#750,.F.);
#1084=ORIENTED_EDGE('',*,*,#698,.T.);
#1085=ORIENTED_EDGE('',*,*,#753,.F.);
#1086=ORIENTED_EDGE('',*,*,#754,.F.);
#1087=ORIENTED_EDGE('',*,*,#755,.T.);
#1088=ORIENTED_EDGE('',*,*,#751,.F.);
#1089=ORIENTED_EDGE('',*,*,#752,.F.);
#1090=ORIENTED_EDGE('',*,*,#755,.F.);
#1091=ORIENTED_EDGE('',*,*,#756,.T.);
#1092=ORIENTED_EDGE('',*,*,#757,.T.);
#1093=ORIENTED_EDGE('',*,*,#758,.T.);
#1094=ORIENTED_EDGE('',*,*,#756,.F.);
#1095=ORIENTED_EDGE('',*,*,#700,.T.);
#1096=ORIENTED_EDGE('',*,*,#759,.F.);
#1097=ORIENTED_EDGE('',*,*,#760,.F.);
#1098=ORIENTED_EDGE('',*,*,#761,.T.);
#1099=ORIENTED_EDGE('',*,*,#757,.F.);
#1100=ORIENTED_EDGE('',*,*,#758,.F.);
#1101=ORIENTED_EDGE('',*,*,#761,.F.);
#1102=ORIENTED_EDGE('',*,*,#762,.T.);
#1103=ORIENTED_EDGE('',*,*,#763,.T.);
#1104=ORIENTED_EDGE('',*,*,#764,.T.);
#1105=ORIENTED_EDGE('',*,*,#762,.F.);
#1106=ORIENTED_EDGE('',*,*,#734,.T.);
#1107=ORIENTED_EDGE('',*,*,#763,.F.);
#1108=ORIENTED_EDGE('',*,*,#764,.F.);
#1109=ORIENTED_EDGE('',*,*,#765,.T.);
#1110=ORIENTED_EDGE('',*,*,#766,.F.);
#1111=ORIENTED_EDGE('',*,*,#767,.F.);
#1112=ORIENTED_EDGE('',*,*,#765,.F.);
#1113=ORIENTED_EDGE('',*,*,#768,.T.);
#1114=ORIENTED_EDGE('',*,*,#766,.T.);
#1115=ORIENTED_EDGE('',*,*,#767,.T.);
#1116=ORIENTED_EDGE('',*,*,#768,.F.);
#1117=ORIENTED_EDGE('',*,*,#699,.T.);
#1118=ORIENTED_EDGE('',*,*,#769,.T.);
#1119=ORIENTED_EDGE('',*,*,#753,.T.);
#1120=ORIENTED_EDGE('',*,*,#754,.T.);
#1121=ORIENTED_EDGE('',*,*,#769,.F.);
#1122=ORIENTED_EDGE('',*,*,#717,.T.);
#1123=ORIENTED_EDGE('',*,*,#770,.T.);
#1124=ORIENTED_EDGE('',*,*,#759,.T.);
#1125=ORIENTED_EDGE('',*,*,#760,.T.);
#1126=ORIENTED_EDGE('',*,*,#770,.F.);
#1127=ORIENTED_EDGE('',*,*,#733,.T.);
#1128=ORIENTED_EDGE('',*,*,#771,.T.);
#1129=ORIENTED_EDGE('',*,*,#772,.T.);
#1130=ORIENTED_EDGE('',*,*,#686,.T.);
#1131=ORIENTED_EDGE('',*,*,#685,.T.);
#1132=ORIENTED_EDGE('',*,*,#689,.T.);
#1133=ORIENTED_EDGE('',*,*,#728,.T.);
#1134=ORIENTED_EDGE('',*,*,#773,.T.);
#1135=ORIENTED_EDGE('',*,*,#713,.T.);
#1136=ORIENTED_EDGE('',*,*,#681,.F.);
#1137=ORIENTED_EDGE('',*,*,#683,.T.);
#1138=ORIENTED_EDGE('',*,*,#687,.T.);
#1139=ORIENTED_EDGE('',*,*,#772,.F.);
#1140=ORIENTED_EDGE('',*,*,#661,.F.);
#1141=ORIENTED_EDGE('',*,*,#774,.T.);
#1142=ORIENTED_EDGE('',*,*,#729,.T.);
#1143=ORIENTED_EDGE('',*,*,#688,.F.);
#1144=ORIENTED_EDGE('',*,*,#658,.F.);
#1145=ORIENTED_EDGE('',*,*,#775,.T.);
#1146=ORIENTED_EDGE('',*,*,#776,.T.);
#1147=ORIENTED_EDGE('',*,*,#774,.F.);
#1148=ORIENTED_EDGE('',*,*,#662,.F.);
#1149=ORIENTED_EDGE('',*,*,#655,.F.);
#1150=ORIENTED_EDGE('',*,*,#777,.T.);
#1151=ORIENTED_EDGE('',*,*,#778,.T.);
#1152=ORIENTED_EDGE('',*,*,#775,.F.);
#1153=ORIENTED_EDGE('',*,*,#652,.F.);
#1154=ORIENTED_EDGE('',*,*,#779,.T.);
#1155=ORIENTED_EDGE('',*,*,#780,.T.);
#1156=ORIENTED_EDGE('',*,*,#777,.F.);
#1157=ORIENTED_EDGE('',*,*,#646,.F.);
#1158=ORIENTED_EDGE('',*,*,#781,.T.);
#1159=ORIENTED_EDGE('',*,*,#782,.T.);
#1160=ORIENTED_EDGE('',*,*,#779,.F.);
#1161=ORIENTED_EDGE('',*,*,#649,.F.);
#1162=ORIENTED_EDGE('',*,*,#637,.F.);
#1163=ORIENTED_EDGE('',*,*,#671,.F.);
#1164=ORIENTED_EDGE('',*,*,#783,.T.);
#1165=ORIENTED_EDGE('',*,*,#784,.T.);
#1166=ORIENTED_EDGE('',*,*,#643,.F.);
#1167=ORIENTED_EDGE('',*,*,#785,.T.);
#1168=ORIENTED_EDGE('',*,*,#786,.T.);
#1169=ORIENTED_EDGE('',*,*,#781,.F.);
#1170=ORIENTED_EDGE('',*,*,#640,.F.);
#1171=ORIENTED_EDGE('',*,*,#784,.F.);
#1172=ORIENTED_EDGE('',*,*,#787,.T.);
#1173=ORIENTED_EDGE('',*,*,#785,.F.);
#1174=ORIENTED_EDGE('',*,*,#673,.F.);
#1175=ORIENTED_EDGE('',*,*,#675,.F.);
#1176=ORIENTED_EDGE('',*,*,#677,.F.);
#1177=ORIENTED_EDGE('',*,*,#715,.F.);
#1178=ORIENTED_EDGE('',*,*,#788,.T.);
#1179=ORIENTED_EDGE('',*,*,#789,.T.);
#1180=ORIENTED_EDGE('',*,*,#670,.F.);
#1181=ORIENTED_EDGE('',*,*,#789,.F.);
#1182=ORIENTED_EDGE('',*,*,#790,.T.);
#1183=ORIENTED_EDGE('',*,*,#791,.F.);
#1184=ORIENTED_EDGE('',*,*,#782,.F.);
#1185=ORIENTED_EDGE('',*,*,#786,.F.);
#1186=ORIENTED_EDGE('',*,*,#787,.F.);
#1187=ORIENTED_EDGE('',*,*,#783,.F.);
#1188=ORIENTED_EDGE('',*,*,#771,.F.);
#1189=ORIENTED_EDGE('',*,*,#731,.F.);
#1190=ORIENTED_EDGE('',*,*,#792,.F.);
#1191=ORIENTED_EDGE('',*,*,#790,.F.);
#1192=ORIENTED_EDGE('',*,*,#788,.F.);
#1193=ORIENTED_EDGE('',*,*,#714,.F.);
#1194=ORIENTED_EDGE('',*,*,#773,.F.);
#1195=ORIENTED_EDGE('',*,*,#780,.F.);
#1196=ORIENTED_EDGE('',*,*,#791,.T.);
#1197=ORIENTED_EDGE('',*,*,#792,.T.);
#1198=ORIENTED_EDGE('',*,*,#730,.T.);
#1199=ORIENTED_EDGE('',*,*,#776,.F.);
#1200=ORIENTED_EDGE('',*,*,#778,.F.);
#1201=ORIENTED_EDGE('',*,*,#630,.F.);
#1202=ORIENTED_EDGE('',*,*,#666,.F.);
#1203=ORIENTED_EDGE('',*,*,#793,.F.);
#1204=ORIENTED_EDGE('',*,*,#694,.T.);
#1205=ORIENTED_EDGE('',*,*,#621,.F.);
#1206=ORIENTED_EDGE('',*,*,#624,.F.);
#1207=ORIENTED_EDGE('',*,*,#627,.F.);
#1208=ORIENTED_EDGE('',*,*,#665,.T.);
#1209=ORIENTED_EDGE('',*,*,#668,.T.);
#1210=ORIENTED_EDGE('',*,*,#695,.T.);
#1211=ORIENTED_EDGE('',*,*,#793,.T.);
#1212=B_SPLINE_SURFACE_WITH_KNOTS('',3,3,((#1565,#1566,#1567,#1568,#1569,
#1570,#1571,#1572,#1573,#1574,#1575,#1576,#1577,#1578,#1579,#1580,#1581,
#1582,#1583,#1584,#1585,#1586,#1587,#1588,#1589,#1590,#1591,#1592,#1593,
#1594,#1595,#1596,#1597,#1598,#1599,#1600,#1601,#1602,#1603),(#1604,#1605,
#1606,#1607,#1608,#1609,#1610,#1611,#1612,#1613,#1614,#1615,#1616,#1617,
#1618,#1619,#1620,#1621,#1622,#1623,#1624,#1625,#1626,#1627,#1628,#1629,
#1630,#1631,#1632,#1633,#1634,#1635,#1636,#1637,#1638,#1639,#1640,#1641,
#1642),(#1643,#1644,#1645,#1646,#1647,#1648,#1649,#1650,#1651,#1652,#1653,
#1654,#1655,#1656,#1657,#1658,#1659,#1660,#1661,#1662,#1663,#1664,#1665,
#1666,#1667,#1668,#1669,#1670,#1671,#1672,#1673,#1674,#1675,#1676,#1677,
#1678,#1679,#1680,#1681),(#1682,#1683,#1684,#1685,#1686,#1687,#1688,#1689,
#1690,#1691,#1692,#1693,#1694,#1695,#1696,#1697,#1698,#1699,#1700,#1701,
#1702,#1703,#1704,#1705,#1706,#1707,#1708,#1709,#1710,#1711,#1712,#1713,
#1714,#1715,#1716,#1717,#1718,#1719,#1720)),.UNSPECIFIED.,.F.,.F.,.F.,(4,
4),(4,1,1,1,1,1,1,1,1,1,1,1,1,1,1,1,1,1,1,1,1,1,1,1,1,1,1,1,1,1,1,1,1,1,
1,1,4),(0.,1.),(-4.12688980211406E-11,4.76027371318297,9.52054742640722,
14.2808211396315,19.0410948528557,23.2063343519269,26.1815054226921,28.5616422793042,
35.7020528491406,37.1896383845231,38.0821897057527,50.7762529410173,57.1232845586497,
57.9166635108537,59.1067319391598,60.2968003674658,63.470316176282,76.1643794115466,
78.1478267920567,82.511411029179,84.098168933587,87.2716847424032,91.2385795034234,
95.2054742644436,98.3789900732598,101.552505882076,103.932642738688,105.519400643096,
107.899537499708,114.246569117341,116.0316717598,117.816774402259,123.767116543789,
126.147253400401,127.93235604286,129.717458685319,133.287663970238),
 .UNSPECIFIED.);
#1213=B_SPLINE_SURFACE_WITH_KNOTS('',3,3,((#1810,#1811,#1812,#1813),(#1814,
#1815,#1816,#1817),(#1818,#1819,#1820,#1821),(#1822,#1823,#1824,#1825)),
 .UNSPECIFIED.,.F.,.F.,.F.,(4,4),(4,4),(0.,1.),(-0.017287063049635,2.58130718402778E-13),
 .UNSPECIFIED.);
#1214=B_SPLINE_SURFACE_WITH_KNOTS('',3,3,((#1860,#1861,#1862,#1863,#1864,
#1865,#1866),(#1867,#1868,#1869,#1870,#1871,#1872,#1873),(#1874,#1875,#1876,
#1877,#1878,#1879,#1880),(#1881,#1882,#1883,#1884,#1885,#1886,#1887),(#1888,
#1889,#1890,#1891,#1892,#1893,#1894),(#1895,#1896,#1897,#1898,#1899,#1900,
#1901),(#1902,#1903,#1904,#1905,#1906,#1907,#1908)),.UNSPECIFIED.,.F.,.F.,
 .F.,(4,1,1,1,4),(4,1,1,1,4),(0.,0.285714285714286,0.571428571428571,0.785714285714286,
1.),(0.,0.0529677777474847,0.0882796295791412,0.105935555494969,0.123591481410798),
 .UNSPECIFIED.);
#1215=B_SPLINE_SURFACE_WITH_KNOTS('',3,3,((#1929,#1930,#1931,#1932,#1933,
#1934,#1935,#1936,#1937,#1938,#1939,#1940,#1941,#1942,#1943,#1944,#1945,
#1946,#1947,#1948),(#1949,#1950,#1951,#1952,#1953,#1954,#1955,#1956,#1957,
#1958,#1959,#1960,#1961,#1962,#1963,#1964,#1965,#1966,#1967,#1968),(#1969,
#1970,#1971,#1972,#1973,#1974,#1975,#1976,#1977,#1978,#1979,#1980,#1981,
#1982,#1983,#1984,#1985,#1986,#1987,#1988),(#1989,#1990,#1991,#1992,#1993,
#1994,#1995,#1996,#1997,#1998,#1999,#2000,#2001,#2002,#2003,#2004,#2005,
#2006,#2007,#2008),(#2009,#2010,#2011,#2012,#2013,#2014,#2015,#2016,#2017,
#2018,#2019,#2020,#2021,#2022,#2023,#2024,#2025,#2026,#2027,#2028)),
 .UNSPECIFIED.,.F.,.F.,.F.,(4,1,4),(4,1,1,1,2,1,1,1,1,2,1,1,1,2,4),(0.,
0.571428571428571,1.),(0.,3.28594322595207,4.9289148389281,5.75040064541612,
6.57188645190414,7.91163611416718,8.24657352973294,8.5815109452987,8.91644836086446,
9.25138577643022,9.54287450955199,9.83436324267376,10.1258519757955,10.4173407089173,
10.8379703942577),.UNSPECIFIED.);
#1216=B_SPLINE_SURFACE_WITH_KNOTS('',3,3,((#2095,#2096,#2097,#2098,#2099,
#2100,#2101,#2102,#2103,#2104,#2105,#2106,#2107,#2108,#2109,#2110,#2111,
#2112),(#2113,#2114,#2115,#2116,#2117,#2118,#2119,#2120,#2121,#2122,#2123,
#2124,#2125,#2126,#2127,#2128,#2129,#2130),(#2131,#2132,#2133,#2134,#2135,
#2136,#2137,#2138,#2139,#2140,#2141,#2142,#2143,#2144,#2145,#2146,#2147,
#2148),(#2149,#2150,#2151,#2152,#2153,#2154,#2155,#2156,#2157,#2158,#2159,
#2160,#2161,#2162,#2163,#2164,#2165,#2166),(#2167,#2168,#2169,#2170,#2171,
#2172,#2173,#2174,#2175,#2176,#2177,#2178,#2179,#2180,#2181,#2182,#2183,
#2184)),.UNSPECIFIED.,.F.,.F.,.F.,(4,1,4),(4,2,1,1,1,2,1,1,1,2,1,1,4),(0.,
0.571428571428571,1.),(1.00052807709445,1.42144418623362,1.70858802375115,
1.99573186126867,2.2828756987862,2.57001953630372,2.89830649208588,3.22659344786803,
3.88316735943233,5.19631518256094,6.84032471288404,10.1283437735302,11.7723533038534),
 .UNSPECIFIED.);
#1217=B_SPLINE_SURFACE_WITH_KNOTS('',3,3,((#2224,#2225,#2226,#2227,#2228,
#2229,#2230,#2231,#2232),(#2233,#2234,#2235,#2236,#2237,#2238,#2239,#2240,
#2241),(#2242,#2243,#2244,#2245,#2246,#2247,#2248,#2249,#2250),(#2251,#2252,
#2253,#2254,#2255,#2256,#2257,#2258,#2259),(#2260,#2261,#2262,#2263,#2264,
#2265,#2266,#2267,#2268),(#2269,#2270,#2271,#2272,#2273,#2274,#2275,#2276,
#2277),(#2278,#2279,#2280,#2281,#2282,#2283,#2284,#2285,#2286)),
 .UNSPECIFIED.,.F.,.F.,.F.,(4,1,1,1,4),(4,1,1,1,1,1,4),(0.,0.285714285714286,
0.571428571428571,0.785714285714286,1.),(0.,0.0132375578101756,0.0176500770802341,
0.0353001541604682,0.0529502312407022,0.0882503854011704,0.123550539561639),
 .UNSPECIFIED.);
#1218=B_SPLINE_SURFACE_WITH_KNOTS('',3,3,((#2308,#2309,#2310,#2311),(#2312,
#2313,#2314,#2315),(#2316,#2317,#2318,#2319),(#2320,#2321,#2322,#2323),
(#2324,#2325,#2326,#2327),(#2328,#2329,#2330,#2331),(#2332,#2333,#2334,
#2335)),.UNSPECIFIED.,.F.,.F.,.F.,(4,1,1,1,4),(4,4),(0.,0.285714285714286,
0.571428571428571,0.785714285714286,1.),(1.46684698640079E-14,2.03520866904988),
 .UNSPECIFIED.);
#1219=B_SPLINE_SURFACE_WITH_KNOTS('',3,3,((#2347,#2348,#2349,#2350),(#2351,
#2352,#2353,#2354),(#2355,#2356,#2357,#2358),(#2359,#2360,#2361,#2362),
(#2363,#2364,#2365,#2366),(#2367,#2368,#2369,#2370),(#2371,#2372,#2373,
#2374)),.UNSPECIFIED.,.F.,.F.,.F.,(4,1,1,1,4),(4,4),(0.,0.285714285714286,
0.571428571428571,0.785714285714286,1.),(0.,0.0167924013125532),
 .UNSPECIFIED.);
#1220=B_SPLINE_SURFACE_WITH_KNOTS('',3,3,((#2386,#2387,#2388,#2389),(#2390,
#2391,#2392,#2393),(#2394,#2395,#2396,#2397),(#2398,#2399,#2400,#2401),
(#2402,#2403,#2404,#2405),(#2406,#2407,#2408,#2409),(#2410,#2411,#2412,
#2413)),.UNSPECIFIED.,.F.,.F.,.F.,(4,1,1,1,4),(4,4),(0.,0.285714285714286,
0.571428571428571,0.785714285714286,1.),(7.16946261470292E-14,0.000817170139503947),
 .UNSPECIFIED.);
#1221=B_SPLINE_SURFACE_WITH_KNOTS('',3,3,((#2425,#2426,#2427,#2428),(#2429,
#2430,#2431,#2432),(#2433,#2434,#2435,#2436),(#2437,#2438,#2439,#2440),
(#2441,#2442,#2443,#2444),(#2445,#2446,#2447,#2448),(#2449,#2450,#2451,
#2452)),.UNSPECIFIED.,.F.,.F.,.F.,(4,1,1,1,4),(4,4),(0.,0.285714285714286,
0.571428571428571,0.785714285714286,1.),(0.,0.000135692115801232),
 .UNSPECIFIED.);
#1222=B_SPLINE_SURFACE_WITH_KNOTS('',3,3,((#2464,#2465,#2466,#2467,#2468,
#2469,#2470,#2471,#2472,#2473,#2474),(#2475,#2476,#2477,#2478,#2479,#2480,
#2481,#2482,#2483,#2484,#2485),(#2486,#2487,#2488,#2489,#2490,#2491,#2492,
#2493,#2494,#2495,#2496),(#2497,#2498,#2499,#2500,#2501,#2502,#2503,#2504,
#2505,#2506,#2507),(#2508,#2509,#2510,#2511,#2512,#2513,#2514,#2515,#2516,
#2517,#2518),(#2519,#2520,#2521,#2522,#2523,#2524,#2525,#2526,#2527,#2528,
#2529),(#2530,#2531,#2532,#2533,#2534,#2535,#2536,#2537,#2538,#2539,#2540)),
 .UNSPECIFIED.,.F.,.F.,.F.,(4,1,1,1,4),(4,1,2,1,2,1,4),(0.,0.285714285714286,
0.571428571428571,0.785714285714286,1.),(0.,2.31892737002654,5.79731842506635,
8.2508434087368,11.9311308842425,15.3288737025177,17.5940355813678),
 .UNSPECIFIED.);
#1223=B_SPLINE_SURFACE_WITH_KNOTS('',3,3,((#2566,#2567,#2568,#2569),(#2570,
#2571,#2572,#2573),(#2574,#2575,#2576,#2577),(#2578,#2579,#2580,#2581),
(#2582,#2583,#2584,#2585),(#2586,#2587,#2588,#2589),(#2590,#2591,#2592,
#2593)),.UNSPECIFIED.,.F.,.F.,.F.,(4,1,1,1,4),(4,4),(0.,0.285714285714286,
0.571428571428571,0.785714285714286,1.),(1.30974407169838E-13,0.187070256358719),
 .UNSPECIFIED.);
#1224=B_SPLINE_SURFACE_WITH_KNOTS('',3,3,((#2605,#2606,#2607,#2608),(#2609,
#2610,#2611,#2612),(#2613,#2614,#2615,#2616),(#2617,#2618,#2619,#2620),
(#2621,#2622,#2623,#2624),(#2625,#2626,#2627,#2628),(#2629,#2630,#2631,
#2632)),.UNSPECIFIED.,.F.,.F.,.F.,(4,1,1,1,4),(4,4),(0.,0.285714285714286,
0.571428571428571,0.785714285714286,1.),(2.76805536848123E-16,0.0287903305451108),
 .UNSPECIFIED.);
#1225=B_SPLINE_SURFACE_WITH_KNOTS('',3,3,((#2644,#2645,#2646,#2647),(#2648,
#2649,#2650,#2651),(#2652,#2653,#2654,#2655),(#2656,#2657,#2658,#2659),
(#2660,#2661,#2662,#2663),(#2664,#2665,#2666,#2667),(#2668,#2669,#2670,
#2671)),.UNSPECIFIED.,.F.,.F.,.F.,(4,1,1,1,4),(4,4),(0.,0.285714285714286,
0.571428571428571,0.785714285714286,1.),(2.8064621257125E-14,0.00363880149487488),
 .UNSPECIFIED.);
#1226=B_SPLINE_SURFACE_WITH_KNOTS('',3,3,((#2683,#2684,#2685,#2686,#2687,
#2688,#2689,#2690,#2691),(#2692,#2693,#2694,#2695,#2696,#2697,#2698,#2699,
#2700),(#2701,#2702,#2703,#2704,#2705,#2706,#2707,#2708,#2709),(#2710,#2711,
#2712,#2713,#2714,#2715,#2716,#2717,#2718),(#2719,#2720,#2721,#2722,#2723,
#2724,#2725,#2726,#2727),(#2728,#2729,#2730,#2731,#2732,#2733,#2734,#2735,
#2736),(#2737,#2738,#2739,#2740,#2741,#2742,#2743,#2744,#2745)),
 .UNSPECIFIED.,.F.,.F.,.F.,(4,1,1,1,4),(4,1,1,1,1,1,4),(0.,0.285714285714286,
0.571428571428571,0.785714285714286,1.),(0.,2.34262103406351,3.90436839010584,
4.68524206812701,5.0756789071376,5.27089732664289,5.46611574614818),
 .UNSPECIFIED.);
#1227=B_SPLINE_SURFACE_WITH_KNOTS('',3,3,((#2767,#2768,#2769,#2770),(#2771,
#2772,#2773,#2774),(#2775,#2776,#2777,#2778),(#2779,#2780,#2781,#2782),
(#2783,#2784,#2785,#2786),(#2787,#2788,#2789,#2790),(#2791,#2792,#2793,
#2794)),.UNSPECIFIED.,.F.,.F.,.F.,(4,1,1,1,4),(4,4),(0.,0.285714285714286,
0.571428571428571,0.785714285714286,1.),(0.,0.00350638086107472),
 .UNSPECIFIED.);
#1228=B_SPLINE_SURFACE_WITH_KNOTS('',3,3,((#2806,#2807,#2808,#2809),(#2810,
#2811,#2812,#2813),(#2814,#2815,#2816,#2817),(#2818,#2819,#2820,#2821),
(#2822,#2823,#2824,#2825),(#2826,#2827,#2828,#2829),(#2830,#2831,#2832,
#2833)),.UNSPECIFIED.,.F.,.F.,.F.,(4,1,1,1,4),(4,4),(0.,0.285714285714286,
0.571428571428571,0.785714285714286,1.),(3.83095762059712E-15,0.02778404195425),
 .UNSPECIFIED.);
#1229=B_SPLINE_SURFACE_WITH_KNOTS('',3,3,((#2845,#2846,#2847,#2848),(#2849,
#2850,#2851,#2852),(#2853,#2854,#2855,#2856),(#2857,#2858,#2859,#2860),
(#2861,#2862,#2863,#2864),(#2865,#2866,#2867,#2868),(#2869,#2870,#2871,
#2872)),.UNSPECIFIED.,.F.,.F.,.F.,(4,1,1,1,4),(4,4),(0.,0.285714285714286,
0.571428571428571,0.785714285714286,1.),(4.45441694352759E-15,0.180394503322325),
 .UNSPECIFIED.);
#1230=B_SPLINE_SURFACE_WITH_KNOTS('',3,3,((#2884,#2885,#2886,#2887,#2888,
#2889,#2890,#2891,#2892,#2893,#2894),(#2895,#2896,#2897,#2898,#2899,#2900,
#2901,#2902,#2903,#2904,#2905),(#2906,#2907,#2908,#2909,#2910,#2911,#2912,
#2913,#2914,#2915,#2916),(#2917,#2918,#2919,#2920,#2921,#2922,#2923,#2924,
#2925,#2926,#2927),(#2928,#2929,#2930,#2931,#2932,#2933,#2934,#2935,#2936,
#2937,#2938),(#2939,#2940,#2941,#2942,#2943,#2944,#2945,#2946,#2947,#2948,
#2949),(#2950,#2951,#2952,#2953,#2954,#2955,#2956,#2957,#2958,#2959,#2960)),
 .UNSPECIFIED.,.F.,.F.,.F.,(4,1,1,1,4),(4,1,2,1,2,1,4),(0.,0.285714285714286,
0.571428571428571,0.785714285714286,1.),(2.32579316605434E-13,2.26354177404968,
5.65885443512385,9.33938493217859,11.7930719302151,15.2781878795533,17.6015985124455),
 .UNSPECIFIED.);
#1231=B_SPLINE_SURFACE_WITH_KNOTS('',3,3,((#2986,#2987,#2988,#2989),(#2990,
#2991,#2992,#2993),(#2994,#2995,#2996,#2997),(#2998,#2999,#3000,#3001),
(#3002,#3003,#3004,#3005),(#3006,#3007,#3008,#3009),(#3010,#3011,#3012,
#3013)),.UNSPECIFIED.,.F.,.F.,.F.,(4,1,1,1,4),(4,4),(0.,0.285714285714286,
0.571428571428571,0.785714285714286,1.),(5.49739676516647E-15,0.000153787825984598),
 .UNSPECIFIED.);
#1232=B_SPLINE_SURFACE_WITH_KNOTS('',3,3,((#3025,#3026,#3027,#3028),(#3029,
#3030,#3031,#3032),(#3033,#3034,#3035,#3036),(#3037,#3038,#3039,#3040),
(#3041,#3042,#3043,#3044),(#3045,#3046,#3047,#3048),(#3049,#3050,#3051,
#3052)),.UNSPECIFIED.,.F.,.F.,.F.,(4,1,1,1,4),(4,4),(0.,0.285714285714286,
0.571428571428571,0.785714285714286,1.),(1.35793921445305E-14,0.000959000653907149),
 .UNSPECIFIED.);
#1233=B_SPLINE_SURFACE_WITH_KNOTS('',3,3,((#3064,#3065,#3066,#3067),(#3068,
#3069,#3070,#3071),(#3072,#3073,#3074,#3075),(#3076,#3077,#3078,#3079),
(#3080,#3081,#3082,#3083),(#3084,#3085,#3086,#3087),(#3088,#3089,#3090,
#3091)),.UNSPECIFIED.,.F.,.F.,.F.,(4,1,1,1,4),(4,4),(0.,0.285714285714286,
0.571428571428571,0.785714285714286,1.),(0.,2.15810790120455),
 .UNSPECIFIED.);
#1234=B_SPLINE_SURFACE_WITH_KNOTS('',3,3,((#3103,#3104,#3105,#3106),(#3107,
#3108,#3109,#3110),(#3111,#3112,#3113,#3114),(#3115,#3116,#3117,#3118),
(#3119,#3120,#3121,#3122),(#3123,#3124,#3125,#3126),(#3127,#3128,#3129,
#3130)),.UNSPECIFIED.,.F.,.F.,.F.,(4,1,1,1,4),(4,4),(0.,0.285714285714286,
0.571428571428571,0.785714285714286,1.),(1.43604023462638E-14,0.0183329402102853),
 .UNSPECIFIED.);
#1235=B_SPLINE_SURFACE_WITH_KNOTS('',3,3,((#3139,#3140,#3141,#3142,#3143,
#3144,#3145,#3146,#3147,#3148,#3149,#3150),(#3151,#3152,#3153,#3154,#3155,
#3156,#3157,#3158,#3159,#3160,#3161,#3162),(#3163,#3164,#3165,#3166,#3167,
#3168,#3169,#3170,#3171,#3172,#3173,#3174),(#3175,#3176,#3177,#3178,#3179,
#3180,#3181,#3182,#3183,#3184,#3185,#3186),(#3187,#3188,#3189,#3190,#3191,
#3192,#3193,#3194,#3195,#3196,#3197,#3198),(#3199,#3200,#3201,#3202,#3203,
#3204,#3205,#3206,#3207,#3208,#3209,#3210),(#3211,#3212,#3213,#3214,#3215,
#3216,#3217,#3218,#3219,#3220,#3221,#3222),(#3223,#3224,#3225,#3226,#3227,
#3228,#3229,#3230,#3231,#3232,#3233,#3234),(#3235,#3236,#3237,#3238,#3239,
#3240,#3241,#3242,#3243,#3244,#3245,#3246),(#3247,#3248,#3249,#3250,#3251,
#3252,#3253,#3254,#3255,#3256,#3257,#3258),(#3259,#3260,#3261,#3262,#3263,
#3264,#3265,#3266,#3267,#3268,#3269,#3270),(#3271,#3272,#3273,#3274,#3275,
#3276,#3277,#3278,#3279,#3280,#3281,#3282),(#3283,#3284,#3285,#3286,#3287,
#3288,#3289,#3290,#3291,#3292,#3293,#3294),(#3295,#3296,#3297,#3298,#3299,
#3300,#3301,#3302,#3303,#3304,#3305,#3306),(#3307,#3308,#3309,#3310,#3311,
#3312,#3313,#3314,#3315,#3316,#3317,#3318),(#3319,#3320,#3321,#3322,#3323,
#3324,#3325,#3326,#3327,#3328,#3329,#3330),(#3331,#3332,#3333,#3334,#3335,
#3336,#3337,#3338,#3339,#3340,#3341,#3342),(#3343,#3344,#3345,#3346,#3347,
#3348,#3349,#3350,#3351,#3352,#3353,#3354),(#3355,#3356,#3357,#3358,#3359,
#3360,#3361,#3362,#3363,#3364,#3365,#3366)),.UNSPECIFIED.,.F.,.F.,.F.,(4,
3,2,2,1,2,2,3,4),(4,2,2,1,1,1,1,4),(-0.01,0.,0.125,0.25,0.5,0.75,0.875,
1.,1.01),(0.,0.125,0.25,0.5,1.,2.,3.,4.),.UNSPECIFIED.);
#1236=B_SPLINE_SURFACE_WITH_KNOTS('',3,3,((#3406,#3407,#3408,#3409,#3410,
#3411,#3412,#3413,#3414,#3415,#3416,#3417),(#3418,#3419,#3420,#3421,#3422,
#3423,#3424,#3425,#3426,#3427,#3428,#3429),(#3430,#3431,#3432,#3433,#3434,
#3435,#3436,#3437,#3438,#3439,#3440,#3441),(#3442,#3443,#3444,#3445,#3446,
#3447,#3448,#3449,#3450,#3451,#3452,#3453),(#3454,#3455,#3456,#3457,#3458,
#3459,#3460,#3461,#3462,#3463,#3464,#3465),(#3466,#3467,#3468,#3469,#3470,
#3471,#3472,#3473,#3474,#3475,#3476,#3477),(#3478,#3479,#3480,#3481,#3482,
#3483,#3484,#3485,#3486,#3487,#3488,#3489),(#3490,#3491,#3492,#3493,#3494,
#3495,#3496,#3497,#3498,#3499,#3500,#3501),(#3502,#3503,#3504,#3505,#3506,
#3507,#3508,#3509,#3510,#3511,#3512,#3513),(#3514,#3515,#3516,#3517,#3518,
#3519,#3520,#3521,#3522,#3523,#3524,#3525),(#3526,#3527,#3528,#3529,#3530,
#3531,#3532,#3533,#3534,#3535,#3536,#3537),(#3538,#3539,#3540,#3541,#3542,
#3543,#3544,#3545,#3546,#3547,#3548,#3549),(#3550,#3551,#3552,#3553,#3554,
#3555,#3556,#3557,#3558,#3559,#3560,#3561),(#3562,#3563,#3564,#3565,#3566,
#3567,#3568,#3569,#3570,#3571,#3572,#3573),(#3574,#3575,#3576,#3577,#3578,
#3579,#3580,#3581,#3582,#3583,#3584,#3585),(#3586,#3587,#3588,#3589,#3590,
#3591,#3592,#3593,#3594,#3595,#3596,#3597),(#3598,#3599,#3600,#3601,#3602,
#3603,#3604,#3605,#3606,#3607,#3608,#3609),(#3610,#3611,#3612,#3613,#3614,
#3615,#3616,#3617,#3618,#3619,#3620,#3621),(#3622,#3623,#3624,#3625,#3626,
#3627,#3628,#3629,#3630,#3631,#3632,#3633),(#3634,#3635,#3636,#3637,#3638,
#3639,#3640,#3641,#3642,#3643,#3644,#3645),(#3646,#3647,#3648,#3649,#3650,
#3651,#3652,#3653,#3654,#3655,#3656,#3657),(#3658,#3659,#3660,#3661,#3662,
#3663,#3664,#3665,#3666,#3667,#3668,#3669)),.UNSPECIFIED.,.F.,.F.,.F.,(4,
3,2,2,1,1,1,1,2,2,3,4),(4,2,2,1,1,1,1,4),(-0.03,0.,0.125,0.25,0.5,1.,2.,
2.5,2.75,2.875,3.,3.03),(0.,0.125,0.25,0.5,1.,2.,3.,4.),.UNSPECIFIED.);
#1237=B_SPLINE_SURFACE_WITH_KNOTS('',3,3,((#3699,#3700,#3701,#3702),(#3703,
#3704,#3705,#3706),(#3707,#3708,#3709,#3710),(#3711,#3712,#3713,#3714)),
 .UNSPECIFIED.,.F.,.F.,.F.,(4,4),(4,4),(0.124427236837196,1.),(-0.142909282484057,
0.),.UNSPECIFIED.);
#1238=B_SPLINE_SURFACE_WITH_KNOTS('',3,3,((#3723,#3724,#3725,#3726,#3727,
#3728,#3729,#3730,#3731,#3732,#3733,#3734,#3735,#3736,#3737,#3738,#3739,
#3740),(#3741,#3742,#3743,#3744,#3745,#3746,#3747,#3748,#3749,#3750,#3751,
#3752,#3753,#3754,#3755,#3756,#3757,#3758),(#3759,#3760,#3761,#3762,#3763,
#3764,#3765,#3766,#3767,#3768,#3769,#3770,#3771,#3772,#3773,#3774,#3775,
#3776),(#3777,#3778,#3779,#3780,#3781,#3782,#3783,#3784,#3785,#3786,#3787,
#3788,#3789,#3790,#3791,#3792,#3793,#3794),(#3795,#3796,#3797,#3798,#3799,
#3800,#3801,#3802,#3803,#3804,#3805,#3806,#3807,#3808,#3809,#3810,#3811,
#3812)),.UNSPECIFIED.,.F.,.F.,.F.,(4,1,4),(4,1,1,1,1,2,1,1,2,1,1,1,1,4),
(0.121946387320479,0.498255078468845,1.),(0.,0.646121958813659,0.861495945084879,
2.58448783525464,3.44598378033952,4.30747972542439,6.15919738122444,7.08505620912447,
8.93677386492452,9.76831102932079,10.5998481937171,11.4313853581133,12.2629225225096,
13.0944596869058),.UNSPECIFIED.);
#1239=B_SPLINE_SURFACE_WITH_KNOTS('',3,3,((#3833,#3834,#3835,#3836),(#3837,
#3838,#3839,#3840),(#3841,#3842,#3843,#3844),(#3845,#3846,#3847,#3848)),
 .UNSPECIFIED.,.F.,.F.,.F.,(4,4),(4,4),(0.121946350920177,1.),(0.,9.36685574079626E-5),
 .UNSPECIFIED.);
#1240=B_SPLINE_SURFACE_WITH_KNOTS('',3,3,((#3855,#3856,#3857,#3858),(#3859,
#3860,#3861,#3862),(#3863,#3864,#3865,#3866),(#3867,#3868,#3869,#3870)),
 .UNSPECIFIED.,.F.,.F.,.F.,(4,4),(4,4),(0.121941719008315,1.),(0.,0.01215540171149),
 .UNSPECIFIED.);
#1241=B_SPLINE_SURFACE_WITH_KNOTS('',3,3,((#3877,#3878,#3879,#3880,#3881),
(#3882,#3883,#3884,#3885,#3886),(#3887,#3888,#3889,#3890,#3891),(#3892,
#3893,#3894,#3895,#3896)),.UNSPECIFIED.,.F.,.F.,.F.,(4,4),(4,1,4),(0.121766959399517,
1.),(-3.76346262028887,-2.92624258515063,-2.29832755879695),
 .UNSPECIFIED.);
#1242=B_SPLINE_SURFACE_WITH_KNOTS('',3,3,((#3907,#3908,#3909,#3910),(#3911,
#3912,#3913,#3914),(#3915,#3916,#3917,#3918),(#3919,#3920,#3921,#3922),
(#3923,#3924,#3925,#3926)),.UNSPECIFIED.,.F.,.F.,.F.,(4,1,4),(4,4),(0.,
0.571428571428571,1.),(0.178436060201381,1.45883898477829),
 .UNSPECIFIED.);
#1243=B_SPLINE_SURFACE_WITH_KNOTS('',3,3,((#3976,#3977,#3978,#3979),(#3980,
#3981,#3982,#3983),(#3984,#3985,#3986,#3987),(#3988,#3989,#3990,#3991),
(#3992,#3993,#3994,#3995)),.UNSPECIFIED.,.F.,.F.,.F.,(4,1,4),(4,4),(0.,
0.571428571428571,1.),(0.,1.28051697021643),.UNSPECIFIED.);
#1244=B_SPLINE_SURFACE_WITH_KNOTS('',3,3,((#4002,#4003,#4004,#4005,#4006,
#4007,#4008,#4009,#4010,#4011,#4012,#4013,#4014,#4015,#4016,#4017),(#4018,
#4019,#4020,#4021,#4022,#4023,#4024,#4025,#4026,#4027,#4028,#4029,#4030,
#4031,#4032,#4033),(#4034,#4035,#4036,#4037,#4038,#4039,#4040,#4041,#4042,
#4043,#4044,#4045,#4046,#4047,#4048,#4049),(#4050,#4051,#4052,#4053,#4054,
#4055,#4056,#4057,#4058,#4059,#4060,#4061,#4062,#4063,#4064,#4065),(#4066,
#4067,#4068,#4069,#4070,#4071,#4072,#4073,#4074,#4075,#4076,#4077,#4078,
#4079,#4080,#4081),(#4082,#4083,#4084,#4085,#4086,#4087,#4088,#4089,#4090,
#4091,#4092,#4093,#4094,#4095,#4096,#4097)),.UNSPECIFIED.,.F.,.T.,.F.,(4,
1,1,4),(4,1,1,1,1,1,1,1,1,1,1,1,1,4),(0.,0.285714285714286,0.571428571428571,
1.),(0.,0.172197820701307,0.344395641402615,0.68879128280523,0.91838837707364,
0.975787650640742,1.03318692420784,1.20538474490915,1.37758256561046,1.72197820701307,
1.89417602771438,2.06637384841569,2.238571669117,2.4107694898183),
 .UNSPECIFIED.);
#1245=B_SPLINE_SURFACE_WITH_KNOTS('',3,3,((#4143,#4144,#4145,#4146,#4147,
#4148,#4149,#4150,#4151,#4152,#4153,#4154),(#4155,#4156,#4157,#4158,#4159,
#4160,#4161,#4162,#4163,#4164,#4165,#4166),(#4167,#4168,#4169,#4170,#4171,
#4172,#4173,#4174,#4175,#4176,#4177,#4178),(#4179,#4180,#4181,#4182,#4183,
#4184,#4185,#4186,#4187,#4188,#4189,#4190),(#4191,#4192,#4193,#4194,#4195,
#4196,#4197,#4198,#4199,#4200,#4201,#4202),(#4203,#4204,#4205,#4206,#4207,
#4208,#4209,#4210,#4211,#4212,#4213,#4214),(#4215,#4216,#4217,#4218,#4219,
#4220,#4221,#4222,#4223,#4224,#4225,#4226),(#4227,#4228,#4229,#4230,#4231,
#4232,#4233,#4234,#4235,#4236,#4237,#4238),(#4239,#4240,#4241,#4242,#4243,
#4244,#4245,#4246,#4247,#4248,#4249,#4250),(#4251,#4252,#4253,#4254,#4255,
#4256,#4257,#4258,#4259,#4260,#4261,#4262),(#4263,#4264,#4265,#4266,#4267,
#4268,#4269,#4270,#4271,#4272,#4273,#4274),(#4275,#4276,#4277,#4278,#4279,
#4280,#4281,#4282,#4283,#4284,#4285,#4286),(#4287,#4288,#4289,#4290,#4291,
#4292,#4293,#4294,#4295,#4296,#4297,#4298)),.UNSPECIFIED.,.F.,.F.,.F.,(4,
2,2,1,2,2,4),(4,2,2,1,1,1,1,4),(0.,0.125,0.25,0.5,0.75,0.875,1.),(0.,0.125,
0.25,0.5,1.,2.,3.,4.),.UNSPECIFIED.);
#1246=B_SPLINE_SURFACE_WITH_KNOTS('',3,3,((#4574,#4575,#4576,#4577,#4578,
#4579,#4580,#4581,#4582,#4583,#4584,#4585,#4586,#4587),(#4588,#4589,#4590,
#4591,#4592,#4593,#4594,#4595,#4596,#4597,#4598,#4599,#4600,#4601),(#4602,
#4603,#4604,#4605,#4606,#4607,#4608,#4609,#4610,#4611,#4612,#4613,#4614,
#4615),(#4616,#4617,#4618,#4619,#4620,#4621,#4622,#4623,#4624,#4625,#4626,
#4627,#4628,#4629),(#4630,#4631,#4632,#4633,#4634,#4635,#4636,#4637,#4638,
#4639,#4640,#4641,#4642,#4643),(#4644,#4645,#4646,#4647,#4648,#4649,#4650,
#4651,#4652,#4653,#4654,#4655,#4656,#4657)),.UNSPECIFIED.,.F.,.T.,.F.,(4,
1,1,4),(4,1,1,1,1,1,1,1,1,1,1,4),(0.,0.285714285714286,0.571428571428571,
1.),(0.,0.171671963257897,0.343343926515793,0.51501588977369,0.686687853031586,
1.03003177954738,1.37337570606317,1.63088365095002,1.71671963257897,2.06006355909476,
2.23173552235266,2.40340748561055),.UNSPECIFIED.);
#1247=B_SPLINE_SURFACE_WITH_KNOTS('',3,3,((#4727,#4728,#4729,#4730,#4731,
#4732,#4733,#4734,#4735,#4736,#4737,#4738),(#4739,#4740,#4741,#4742,#4743,
#4744,#4745,#4746,#4747,#4748,#4749,#4750),(#4751,#4752,#4753,#4754,#4755,
#4756,#4757,#4758,#4759,#4760,#4761,#4762),(#4763,#4764,#4765,#4766,#4767,
#4768,#4769,#4770,#4771,#4772,#4773,#4774),(#4775,#4776,#4777,#4778,#4779,
#4780,#4781,#4782,#4783,#4784,#4785,#4786),(#4787,#4788,#4789,#4790,#4791,
#4792,#4793,#4794,#4795,#4796,#4797,#4798),(#4799,#4800,#4801,#4802,#4803,
#4804,#4805,#4806,#4807,#4808,#4809,#4810),(#4811,#4812,#4813,#4814,#4815,
#4816,#4817,#4818,#4819,#4820,#4821,#4822),(#4823,#4824,#4825,#4826,#4827,
#4828,#4829,#4830,#4831,#4832,#4833,#4834),(#4835,#4836,#4837,#4838,#4839,
#4840,#4841,#4842,#4843,#4844,#4845,#4846),(#4847,#4848,#4849,#4850,#4851,
#4852,#4853,#4854,#4855,#4856,#4857,#4858),(#4859,#4860,#4861,#4862,#4863,
#4864,#4865,#4866,#4867,#4868,#4869,#4870),(#4871,#4872,#4873,#4874,#4875,
#4876,#4877,#4878,#4879,#4880,#4881,#4882)),.UNSPECIFIED.,.F.,.F.,.F.,(4,
2,2,1,2,2,4),(4,2,2,1,1,1,1,4),(0.,0.125,0.25,0.5,0.75,0.875,1.),(0.,0.125,
0.25,0.5,1.,2.,3.,4.),.UNSPECIFIED.);
#1248=B_SPLINE_SURFACE_WITH_KNOTS('',3,3,((#5004,#5005,#5006,#5007,#5008,
#5009,#5010,#5011,#5012,#5013,#5014,#5015,#5016,#5017,#5018,#5019),(#5020,
#5021,#5022,#5023,#5024,#5025,#5026,#5027,#5028,#5029,#5030,#5031,#5032,
#5033,#5034,#5035),(#5036,#5037,#5038,#5039,#5040,#5041,#5042,#5043,#5044,
#5045,#5046,#5047,#5048,#5049,#5050,#5051),(#5052,#5053,#5054,#5055,#5056,
#5057,#5058,#5059,#5060,#5061,#5062,#5063,#5064,#5065,#5066,#5067),(#5068,
#5069,#5070,#5071,#5072,#5073,#5074,#5075,#5076,#5077,#5078,#5079,#5080,
#5081,#5082,#5083),(#5084,#5085,#5086,#5087,#5088,#5089,#5090,#5091,#5092,
#5093,#5094,#5095,#5096,#5097,#5098,#5099)),.UNSPECIFIED.,.F.,.T.,.F.,(4,
1,1,4),(4,1,1,1,1,1,1,1,1,1,1,1,1,4),(0.,0.285714285714286,0.571428571428571,
1.),(0.,0.214784724765478,0.343655559624764,0.515483339437146,0.687311119249528,
1.03096667887429,1.37462223849906,1.4390576559287,1.63236390821763,1.71827779812382,
1.8901055779362,2.06193335774859,2.19080419260787,2.40558891737335),
 .UNSPECIFIED.);
#1249=B_SPLINE_SURFACE_WITH_KNOTS('',3,3,((#5106,#5107,#5108,#5109,#5110,
#5111,#5112,#5113,#5114,#5115,#5116,#5117,#5118,#5119,#5120,#5121),(#5122,
#5123,#5124,#5125,#5126,#5127,#5128,#5129,#5130,#5131,#5132,#5133,#5134,
#5135,#5136,#5137),(#5138,#5139,#5140,#5141,#5142,#5143,#5144,#5145,#5146,
#5147,#5148,#5149,#5150,#5151,#5152,#5153),(#5154,#5155,#5156,#5157,#5158,
#5159,#5160,#5161,#5162,#5163,#5164,#5165,#5166,#5167,#5168,#5169),(#5170,
#5171,#5172,#5173,#5174,#5175,#5176,#5177,#5178,#5179,#5180,#5181,#5182,
#5183,#5184,#5185),(#5186,#5187,#5188,#5189,#5190,#5191,#5192,#5193,#5194,
#5195,#5196,#5197,#5198,#5199,#5200,#5201)),.UNSPECIFIED.,.F.,.T.,.F.,(4,
1,1,4),(4,1,1,1,1,1,1,1,1,1,1,1,1,4),(0.,0.285714285714286,0.571428571428571,
1.),(0.,0.171898065096213,0.343796130192426,0.515694195288638,0.687592260384851,
0.802190970448993,1.03138839057728,1.3751845207697,1.54708258586592,1.71898065096213,
1.89087871605834,2.06277678115455,2.23467484625077,2.40657291134698),
 .UNSPECIFIED.);
#1250=B_SPLINE_SURFACE_WITH_KNOTS('',3,3,((#5256,#5257,#5258,#5259,#5260,
#5261,#5262,#5263,#5264,#5265,#5266,#5267,#5268,#5269),(#5270,#5271,#5272,
#5273,#5274,#5275,#5276,#5277,#5278,#5279,#5280,#5281,#5282,#5283),(#5284,
#5285,#5286,#5287,#5288,#5289,#5290,#5291,#5292,#5293,#5294,#5295,#5296,
#5297),(#5298,#5299,#5300,#5301,#5302,#5303,#5304,#5305,#5306,#5307,#5308,
#5309,#5310,#5311),(#5312,#5313,#5314,#5315,#5316,#5317,#5318,#5319,#5320,
#5321,#5322,#5323,#5324,#5325),(#5326,#5327,#5328,#5329,#5330,#5331,#5332,
#5333,#5334,#5335,#5336,#5337,#5338,#5339)),.UNSPECIFIED.,.F.,.T.,.F.,(4,
1,1,4),(4,1,1,1,1,1,1,1,1,1,1,4),(0.,0.285714285714286,0.571428571428571,
1.),(0.,0.258118758851378,0.344158345135171,0.688316690270341,1.03247503540551,
1.2045542079731,1.37663338054068,1.72079172567585,1.93589069138534,2.06495007081102,
2.23702924337861,2.4091084159462),.UNSPECIFIED.);
#1251=B_SPLINE_SURFACE_WITH_KNOTS('',3,3,((#5381,#5382,#5383,#5384,#5385,
#5386,#5387,#5388,#5389,#5390,#5391,#5392),(#5393,#5394,#5395,#5396,#5397,
#5398,#5399,#5400,#5401,#5402,#5403,#5404),(#5405,#5406,#5407,#5408,#5409,
#5410,#5411,#5412,#5413,#5414,#5415,#5416),(#5417,#5418,#5419,#5420,#5421,
#5422,#5423,#5424,#5425,#5426,#5427,#5428),(#5429,#5430,#5431,#5432,#5433,
#5434,#5435,#5436,#5437,#5438,#5439,#5440),(#5441,#5442,#5443,#5444,#5445,
#5446,#5447,#5448,#5449,#5450,#5451,#5452),(#5453,#5454,#5455,#5456,#5457,
#5458,#5459,#5460,#5461,#5462,#5463,#5464),(#5465,#5466,#5467,#5468,#5469,
#5470,#5471,#5472,#5473,#5474,#5475,#5476),(#5477,#5478,#5479,#5480,#5481,
#5482,#5483,#5484,#5485,#5486,#5487,#5488),(#5489,#5490,#5491,#5492,#5493,
#5494,#5495,#5496,#5497,#5498,#5499,#5500),(#5501,#5502,#5503,#5504,#5505,
#5506,#5507,#5508,#5509,#5510,#5511,#5512),(#5513,#5514,#5515,#5516,#5517,
#5518,#5519,#5520,#5521,#5522,#5523,#5524),(#5525,#5526,#5527,#5528,#5529,
#5530,#5531,#5532,#5533,#5534,#5535,#5536)),.UNSPECIFIED.,.F.,.F.,.F.,(4,
2,2,1,2,2,4),(4,2,2,1,1,1,1,4),(0.,0.125,0.25,0.5,0.75,0.875,1.),(0.,0.125,
0.25,0.5,1.,2.,3.,4.),.UNSPECIFIED.);
#1252=B_SPLINE_SURFACE_WITH_KNOTS('',3,3,((#5671,#5672,#5673,#5674,#5675,
#5676,#5677,#5678,#5679,#5680,#5681,#5682,#5683,#5684),(#5685,#5686,#5687,
#5688,#5689,#5690,#5691,#5692,#5693,#5694,#5695,#5696,#5697,#5698),(#5699,
#5700,#5701,#5702,#5703,#5704,#5705,#5706,#5707,#5708,#5709,#5710,#5711,
#5712),(#5713,#5714,#5715,#5716,#5717,#5718,#5719,#5720,#5721,#5722,#5723,
#5724,#5725,#5726),(#5727,#5728,#5729,#5730,#5731,#5732,#5733,#5734,#5735,
#5736,#5737,#5738,#5739,#5740),(#5741,#5742,#5743,#5744,#5745,#5746,#5747,
#5748,#5749,#5750,#5751,#5752,#5753,#5754)),.UNSPECIFIED.,.F.,.T.,.F.,(4,
1,1,4),(4,1,1,1,1,1,1,1,1,1,1,4),(0.,0.285714285714286,0.571428571428571,
1.),(0.,0.171796873632691,0.343593747265381,0.515390620898072,0.687187494530763,
1.03078124179614,1.37437498906153,1.54617186269422,1.71796873632691,1.8897656099596,
2.06156248359229,2.40515623085767),.UNSPECIFIED.);
#1253=B_SPLINE_SURFACE_WITH_KNOTS('',3,3,((#5761,#5762,#5763,#5764,#5765,
#5766,#5767,#5768,#5769,#5770,#5771,#5772,#5773),(#5774,#5775,#5776,#5777,
#5778,#5779,#5780,#5781,#5782,#5783,#5784,#5785,#5786),(#5787,#5788,#5789,
#5790,#5791,#5792,#5793,#5794,#5795,#5796,#5797,#5798,#5799),(#5800,#5801,
#5802,#5803,#5804,#5805,#5806,#5807,#5808,#5809,#5810,#5811,#5812),(#5813,
#5814,#5815,#5816,#5817,#5818,#5819,#5820,#5821,#5822,#5823,#5824,#5825),
(#5826,#5827,#5828,#5829,#5830,#5831,#5832,#5833,#5834,#5835,#5836,#5837,
#5838)),.UNSPECIFIED.,.F.,.T.,.F.,(4,1,1,4),(4,1,1,1,1,1,1,1,1,1,4),(0.,
0.285714285714286,0.571428571428571,1.),(0.,0.344398802417955,0.68879760483591,
1.03319640725386,1.14799600805985,1.37759520967182,1.5497946108808,1.72199401208977,
2.06639281450773,2.23859221571671,2.41079161692568),.UNSPECIFIED.);
#1254=B_SPLINE_SURFACE_WITH_KNOTS('',3,3,((#5890,#5891,#5892,#5893,#5894,
#5895,#5896,#5897,#5898,#5899,#5900,#5901,#5902,#5903),(#5904,#5905,#5906,
#5907,#5908,#5909,#5910,#5911,#5912,#5913,#5914,#5915,#5916,#5917),(#5918,
#5919,#5920,#5921,#5922,#5923,#5924,#5925,#5926,#5927,#5928,#5929,#5930,
#5931),(#5932,#5933,#5934,#5935,#5936,#5937,#5938,#5939,#5940,#5941,#5942,
#5943,#5944,#5945),(#5946,#5947,#5948,#5949,#5950,#5951,#5952,#5953,#5954,
#5955,#5956,#5957,#5958,#5959),(#5960,#5961,#5962,#5963,#5964,#5965,#5966,
#5967,#5968,#5969,#5970,#5971,#5972,#5973)),.UNSPECIFIED.,.F.,.T.,.F.,(4,
1,1,4),(4,1,1,1,1,1,1,1,1,1,1,4),(0.,0.285714285714286,0.571428571428571,
1.),(0.,0.172373378007756,0.344746756015511,0.689493512031022,0.861866890038778,
1.03424026804653,1.20661364605429,1.37898702406204,1.72373378007756,2.06848053609307,
2.15466722509694,2.41322729210858),.UNSPECIFIED.);
#1255=B_SPLINE_SURFACE_WITH_KNOTS('',3,3,((#5980,#5981,#5982,#5983,#5984,
#5985,#5986,#5987,#5988,#5989,#5990,#5991),(#5992,#5993,#5994,#5995,#5996,
#5997,#5998,#5999,#6000,#6001,#6002,#6003),(#6004,#6005,#6006,#6007,#6008,
#6009,#6010,#6011,#6012,#6013,#6014,#6015),(#6016,#6017,#6018,#6019,#6020,
#6021,#6022,#6023,#6024,#6025,#6026,#6027),(#6028,#6029,#6030,#6031,#6032,
#6033,#6034,#6035,#6036,#6037,#6038,#6039),(#6040,#6041,#6042,#6043,#6044,
#6045,#6046,#6047,#6048,#6049,#6050,#6051)),.UNSPECIFIED.,.F.,.T.,.F.,(4,
1,1,4),(4,1,1,1,1,1,1,1,1,4),(0.,0.285714285714286,0.571428571428571,1.),
(0.,0.171806211346142,0.343612422692283,0.687224845384566,1.03083726807685,
1.37444969076913,1.54625590211527,1.71806211346142,2.0616745361537,2.40528695884598),
 .UNSPECIFIED.);
#1256=B_SPLINE_SURFACE_WITH_KNOTS('',3,3,((#6098,#6099,#6100,#6101,#6102,
#6103,#6104,#6105,#6106,#6107,#6108,#6109,#6110,#6111),(#6112,#6113,#6114,
#6115,#6116,#6117,#6118,#6119,#6120,#6121,#6122,#6123,#6124,#6125),(#6126,
#6127,#6128,#6129,#6130,#6131,#6132,#6133,#6134,#6135,#6136,#6137,#6138,
#6139),(#6140,#6141,#6142,#6143,#6144,#6145,#6146,#6147,#6148,#6149,#6150,
#6151,#6152,#6153),(#6154,#6155,#6156,#6157,#6158,#6159,#6160,#6161,#6162,
#6163,#6164,#6165,#6166,#6167),(#6168,#6169,#6170,#6171,#6172,#6173,#6174,
#6175,#6176,#6177,#6178,#6179,#6180,#6181)),.UNSPECIFIED.,.F.,.T.,.F.,(4,
1,1,4),(4,1,1,1,1,1,1,1,1,1,1,4),(0.,0.285714285714286,0.571428571428571,
1.),(0.,0.172033316005198,0.344066632010395,0.688133264020791,0.974855457362787,
1.03219989603119,1.20423321203638,1.37626652804158,1.72033316005198,2.06439979206237,
2.23643310806757,2.40846642407277),.UNSPECIFIED.);
#1257=B_SPLINE_SURFACE_WITH_KNOTS('',3,3,((#6188,#6189,#6190,#6191,#6192,
#6193,#6194,#6195,#6196,#6197,#6198,#6199,#6200),(#6201,#6202,#6203,#6204,
#6205,#6206,#6207,#6208,#6209,#6210,#6211,#6212,#6213),(#6214,#6215,#6216,
#6217,#6218,#6219,#6220,#6221,#6222,#6223,#6224,#6225,#6226),(#6227,#6228,
#6229,#6230,#6231,#6232,#6233,#6234,#6235,#6236,#6237,#6238,#6239),(#6240,
#6241,#6242,#6243,#6244,#6245,#6246,#6247,#6248,#6249,#6250,#6251,#6252),
(#6253,#6254,#6255,#6256,#6257,#6258,#6259,#6260,#6261,#6262,#6263,#6264,
#6265)),.UNSPECIFIED.,.F.,.T.,.F.,(4,1,1,4),(4,1,1,1,1,1,1,1,1,1,4),(0.,
0.285714285714286,0.571428571428571,1.),(0.,0.171943199810262,0.343886399620524,
0.687772799241048,0.85971599905131,1.03165919886157,1.3755455984821,1.71943199810262,
2.06331839772314,2.23526159753341,2.40720479734367),.UNSPECIFIED.);
#1258=B_SPLINE_SURFACE_WITH_KNOTS('',3,3,((#6311,#6312,#6313,#6314,#6315,
#6316,#6317,#6318,#6319,#6320,#6321,#6322),(#6323,#6324,#6325,#6326,#6327,
#6328,#6329,#6330,#6331,#6332,#6333,#6334),(#6335,#6336,#6337,#6338,#6339,
#6340,#6341,#6342,#6343,#6344,#6345,#6346),(#6347,#6348,#6349,#6350,#6351,
#6352,#6353,#6354,#6355,#6356,#6357,#6358),(#6359,#6360,#6361,#6362,#6363,
#6364,#6365,#6366,#6367,#6368,#6369,#6370),(#6371,#6372,#6373,#6374,#6375,
#6376,#6377,#6378,#6379,#6380,#6381,#6382)),.UNSPECIFIED.,.F.,.T.,.F.,(4,
1,1,4),(4,1,1,1,1,1,1,1,1,4),(0.,0.285714285714286,0.571428571428571,1.),
(0.,0.344860010049463,0.689720020098927,0.804673356782082,1.03458003014839,
1.14953336683155,1.37944004019785,1.72430005024732,2.06916006029678,2.41402007034624),
 .UNSPECIFIED.);
#1259=B_SPLINE_SURFACE_WITH_KNOTS('',3,3,((#6432,#6433,#6434,#6435,#6436,
#6437,#6438,#6439,#6440,#6441,#6442,#6443),(#6444,#6445,#6446,#6447,#6448,
#6449,#6450,#6451,#6452,#6453,#6454,#6455),(#6456,#6457,#6458,#6459,#6460,
#6461,#6462,#6463,#6464,#6465,#6466,#6467),(#6468,#6469,#6470,#6471,#6472,
#6473,#6474,#6475,#6476,#6477,#6478,#6479),(#6480,#6481,#6482,#6483,#6484,
#6485,#6486,#6487,#6488,#6489,#6490,#6491),(#6492,#6493,#6494,#6495,#6496,
#6497,#6498,#6499,#6500,#6501,#6502,#6503)),.UNSPECIFIED.,.F.,.T.,.F.,(4,
1,1,4),(4,1,1,1,1,1,1,1,1,4),(0.,0.285714285714286,0.571428571428571,1.),
(0.,0.344350920831986,0.688701841663972,1.03305276249596,1.14783640277329,
1.37740368332794,1.54957914374394,1.72175460415993,2.06610552499192,2.4104564458239),
 .UNSPECIFIED.);
#1260=B_SPLINE_SURFACE_WITH_KNOTS('',3,3,((#6551,#6552,#6553,#6554,#6555,
#6556,#6557,#6558,#6559,#6560,#6561,#6562,#6563,#6564,#6565),(#6566,#6567,
#6568,#6569,#6570,#6571,#6572,#6573,#6574,#6575,#6576,#6577,#6578,#6579,
#6580),(#6581,#6582,#6583,#6584,#6585,#6586,#6587,#6588,#6589,#6590,#6591,
#6592,#6593,#6594,#6595),(#6596,#6597,#6598,#6599,#6600,#6601,#6602,#6603,
#6604,#6605,#6606,#6607,#6608,#6609,#6610),(#6611,#6612,#6613,#6614,#6615,
#6616,#6617,#6618,#6619,#6620,#6621,#6622,#6623,#6624,#6625),(#6626,#6627,
#6628,#6629,#6630,#6631,#6632,#6633,#6634,#6635,#6636,#6637,#6638,#6639,
#6640)),.UNSPECIFIED.,.F.,.T.,.F.,(4,1,1,4),(4,1,1,1,1,1,1,1,1,1,1,1,4),
(0.,0.285714285714286,0.571428571428571,1.),(0.,0.172399454118579,0.344798908237158,
0.689597816474316,0.861997270592895,1.03439672471147,1.20679617883005,1.37919563294863,
1.68089467765615,1.72399454118579,2.06879344942295,2.32739263060082,2.41359235766011),
 .UNSPECIFIED.);
#1261=B_SPLINE_SURFACE_WITH_KNOTS('',3,3,((#6647,#6648,#6649,#6650,#6651,
#6652,#6653,#6654,#6655,#6656,#6657,#6658),(#6659,#6660,#6661,#6662,#6663,
#6664,#6665,#6666,#6667,#6668,#6669,#6670),(#6671,#6672,#6673,#6674,#6675,
#6676,#6677,#6678,#6679,#6680,#6681,#6682),(#6683,#6684,#6685,#6686,#6687,
#6688,#6689,#6690,#6691,#6692,#6693,#6694),(#6695,#6696,#6697,#6698,#6699,
#6700,#6701,#6702,#6703,#6704,#6705,#6706),(#6707,#6708,#6709,#6710,#6711,
#6712,#6713,#6714,#6715,#6716,#6717,#6718)),.UNSPECIFIED.,.F.,.T.,.F.,(4,
1,1,4),(4,1,1,1,1,1,1,1,1,4),(0.,0.285714285714286,0.571428571428571,1.),
(0.,0.171776475921361,0.343552951842723,0.687105903685445,1.03065885552817,
1.37421180737089,1.54598828329225,1.71776475921361,2.06131771105634,2.40487066289906),
 .UNSPECIFIED.);
#1262=B_SPLINE_SURFACE_WITH_KNOTS('',3,3,((#6725,#6726,#6727,#6728,#6729,
#6730,#6731,#6732,#6733,#6734,#6735,#6736,#6737,#6738,#6739,#6740,#6741),
(#6742,#6743,#6744,#6745,#6746,#6747,#6748,#6749,#6750,#6751,#6752,#6753,
#6754,#6755,#6756,#6757,#6758),(#6759,#6760,#6761,#6762,#6763,#6764,#6765,
#6766,#6767,#6768,#6769,#6770,#6771,#6772,#6773,#6774,#6775),(#6776,#6777,
#6778,#6779,#6780,#6781,#6782,#6783,#6784,#6785,#6786,#6787,#6788,#6789,
#6790,#6791,#6792),(#6793,#6794,#6795,#6796,#6797,#6798,#6799,#6800,#6801,
#6802,#6803,#6804,#6805,#6806,#6807,#6808,#6809),(#6810,#6811,#6812,#6813,
#6814,#6815,#6816,#6817,#6818,#6819,#6820,#6821,#6822,#6823,#6824,#6825,
#6826)),.UNSPECIFIED.,.F.,.T.,.F.,(4,1,1,4),(4,1,1,1,1,1,1,1,1,1,1,1,1,
1,4),(0.,0.285714285714286,0.571428571428571,1.),(0.,0.172267752805138,
0.344535505610277,0.516803258415415,0.689071011220554,0.861338764025692,
1.03360651683083,1.26329685390435,1.32071943817273,1.37814202244111,1.55040977524625,
1.72267752805138,2.06721303366166,2.2394807864668,2.41174853927194),
 .UNSPECIFIED.);
#1263=B_SPLINE_SURFACE_WITH_KNOTS('',3,3,((#6833,#6834,#6835,#6836,#6837,
#6838,#6839,#6840,#6841,#6842,#6843,#6844,#6845,#6846,#6847,#6848,#6849,
#6850,#6851,#6852,#6853,#6854,#6855,#6856,#6857,#6858,#6859,#6860),(#6861,
#6862,#6863,#6864,#6865,#6866,#6867,#6868,#6869,#6870,#6871,#6872,#6873,
#6874,#6875,#6876,#6877,#6878,#6879,#6880,#6881,#6882,#6883,#6884,#6885,
#6886,#6887,#6888),(#6889,#6890,#6891,#6892,#6893,#6894,#6895,#6896,#6897,
#6898,#6899,#6900,#6901,#6902,#6903,#6904,#6905,#6906,#6907,#6908,#6909,
#6910,#6911,#6912,#6913,#6914,#6915,#6916),(#6917,#6918,#6919,#6920,#6921,
#6922,#6923,#6924,#6925,#6926,#6927,#6928,#6929,#6930,#6931,#6932,#6933,
#6934,#6935,#6936,#6937,#6938,#6939,#6940,#6941,#6942,#6943,#6944),(#6945,
#6946,#6947,#6948,#6949,#6950,#6951,#6952,#6953,#6954,#6955,#6956,#6957,
#6958,#6959,#6960,#6961,#6962,#6963,#6964,#6965,#6966,#6967,#6968,#6969,
#6970,#6971,#6972)),.UNSPECIFIED.,.F.,.F.,.F.,(4,1,4),(4,2,1,1,2,2,2,1,
2,1,1,1,2,1,1,2,1,1,4),(0.,0.571428571428571,1.),(-0.0157465398216845,0.,
0.0671944794256151,0.13438895885123,0.26877791770246,0.521681385754754,
0.99100707755416,1.38294386607741,1.77488065460065,2.09815017628659,2.42141969797253,
2.74468921965847,3.06795874134441,3.71361419047974,4.35926963961507,5.65058053788573,
6.97816698897647,8.3057534400672,10.9609263422487),.UNSPECIFIED.);
#1264=B_SPLINE_SURFACE_WITH_KNOTS('',3,3,((#7007,#7008,#7009,#7010,#7011,
#7012,#7013,#7014,#7015,#7016,#7017,#7018,#7019,#7020,#7021,#7022,#7023,
#7024,#7025,#7026,#7027,#7028,#7029,#7030,#7031,#7032),(#7033,#7034,#7035,
#7036,#7037,#7038,#7039,#7040,#7041,#7042,#7043,#7044,#7045,#7046,#7047,
#7048,#7049,#7050,#7051,#7052,#7053,#7054,#7055,#7056,#7057,#7058),(#7059,
#7060,#7061,#7062,#7063,#7064,#7065,#7066,#7067,#7068,#7069,#7070,#7071,
#7072,#7073,#7074,#7075,#7076,#7077,#7078,#7079,#7080,#7081,#7082,#7083,
#7084),(#7085,#7086,#7087,#7088,#7089,#7090,#7091,#7092,#7093,#7094,#7095,
#7096,#7097,#7098,#7099,#7100,#7101,#7102,#7103,#7104,#7105,#7106,#7107,
#7108,#7109,#7110),(#7111,#7112,#7113,#7114,#7115,#7116,#7117,#7118,#7119,
#7120,#7121,#7122,#7123,#7124,#7125,#7126,#7127,#7128,#7129,#7130,#7131,
#7132,#7133,#7134,#7135,#7136)),.UNSPECIFIED.,.F.,.F.,.F.,(4,1,4),(4,1,
1,2,1,1,2,1,1,1,2,1,2,2,2,2,4),(0.,0.571428571428571,1.),(0.,2.65456482328187,
3.98184723492281,5.30912964656374,6.60091154558845,7.2468024951008,7.89269344461316,
8.21610560983272,8.53951777505229,8.86292994027186,9.18634210549143,9.57859769909296,
9.97085329269449,10.4394103914604,10.6932731526684,10.9621022284283,10.977883351422),
 .UNSPECIFIED.);
#1265=B_SPLINE_SURFACE_WITH_KNOTS('',3,3,((#7144,#7145,#7146,#7147,#7148),
(#7149,#7150,#7151,#7152,#7153),(#7154,#7155,#7156,#7157,#7158),(#7159,
#7160,#7161,#7162,#7163)),.UNSPECIFIED.,.F.,.F.,.F.,(4,4),(4,1,4),(0.121895302296942,
1.),(-1.54895758079478,-0.88511861759701,1.46315584958671E-14),
 .UNSPECIFIED.);
#1266=B_SPLINE_SURFACE_WITH_KNOTS('',3,3,((#7165,#7166,#7167,#7168),(#7169,
#7170,#7171,#7172),(#7173,#7174,#7175,#7176),(#7177,#7178,#7179,#7180)),
 .UNSPECIFIED.,.F.,.F.,.F.,(4,4),(4,4),(0.122096552500112,1.),(0.,0.0133452116522505),
 .UNSPECIFIED.);
#1267=B_SPLINE_SURFACE_WITH_KNOTS('',3,3,((#7187,#7188,#7189,#7190),(#7191,
#7192,#7193,#7194),(#7195,#7196,#7197,#7198),(#7199,#7200,#7201,#7202)),
 .UNSPECIFIED.,.F.,.F.,.F.,(4,4),(4,4),(0.122102058337638,1.),(0.,0.000106388457926287),
 .UNSPECIFIED.);
#1268=B_SPLINE_SURFACE_WITH_KNOTS('',3,3,((#7209,#7210,#7211,#7212,#7213,
#7214,#7215,#7216,#7217,#7218,#7219,#7220,#7221,#7222,#7223,#7224,#7225,
#7226,#7227,#7228),(#7229,#7230,#7231,#7232,#7233,#7234,#7235,#7236,#7237,
#7238,#7239,#7240,#7241,#7242,#7243,#7244,#7245,#7246,#7247,#7248),(#7249,
#7250,#7251,#7252,#7253,#7254,#7255,#7256,#7257,#7258,#7259,#7260,#7261,
#7262,#7263,#7264,#7265,#7266,#7267,#7268),(#7269,#7270,#7271,#7272,#7273,
#7274,#7275,#7276,#7277,#7278,#7279,#7280,#7281,#7282,#7283,#7284,#7285,
#7286,#7287,#7288),(#7289,#7290,#7291,#7292,#7293,#7294,#7295,#7296,#7297,
#7298,#7299,#7300,#7301,#7302,#7303,#7304,#7305,#7306,#7307,#7308)),
 .UNSPECIFIED.,.F.,.F.,.F.,(4,1,4),(4,1,1,1,1,2,1,1,1,1,2,1,1,1,1,4),(0.122102103055886,
0.561051051527943,1.),(0.,0.834597463112936,1.2518961946694,2.50379238933881,
3.33838985245175,4.17298731556468,4.63525198923603,5.09751666290738,6.02204601025007,
6.94657535759276,8.79563405227815,9.65442469935546,10.5132153464328,11.3720059935101,
12.2307966405874,13.0895872876647),.UNSPECIFIED.);
#1269=B_SPLINE_SURFACE_WITH_KNOTS('',3,3,((#7331,#7332,#7333,#7334),(#7335,
#7336,#7337,#7338),(#7339,#7340,#7341,#7342),(#7343,#7344,#7345,#7346)),
 .UNSPECIFIED.,.F.,.F.,.F.,(4,4),(4,4),(0.1245422185737,1.),(-0.137394445826763,
0.),.UNSPECIFIED.);
#1270=B_SPLINE_SURFACE_WITH_KNOTS('',3,3,((#7353,#7354,#7355,#7356),(#7357,
#7358,#7359,#7360),(#7361,#7362,#7363,#7364),(#7365,#7366,#7367,#7368)),
 .UNSPECIFIED.,.F.,.F.,.F.,(4,4),(4,4),(0.124427155170887,1.),(-0.00239728377595331,
0.),.UNSPECIFIED.);
#1271=B_SPLINE_SURFACE_WITH_KNOTS('',3,3,((#7375,#7376,#7377,#7378),(#7379,
#7380,#7381,#7382),(#7383,#7384,#7385,#7386),(#7387,#7388,#7389,#7390)),
 .UNSPECIFIED.,.F.,.F.,.F.,(4,4),(4,4),(0.124542448271121,1.),(-0.0023033233675977,
0.),.UNSPECIFIED.);
#1272=B_SPLINE_SURFACE_WITH_KNOTS('',3,3,((#7397,#7398,#7399,#7400,#7401,
#7402,#7403,#7404),(#7405,#7406,#7407,#7408,#7409,#7410,#7411,#7412),(#7413,
#7414,#7415,#7416,#7417,#7418,#7419,#7420),(#7421,#7422,#7423,#7424,#7425,
#7426,#7427,#7428)),.UNSPECIFIED.,.F.,.F.,.F.,(4,4),(4,1,1,1,1,4),(0.124409546792084,
1.),(-3.59363012380294,-3.08025439183109,-2.0535029278874,-1.0267514639437,
-0.513375731971849,0.),.UNSPECIFIED.);
#1273=B_SPLINE_SURFACE_WITH_KNOTS('',3,3,((#7437,#7438,#7439,#7440,#7441,
#7442,#7443,#7444,#7445,#7446,#7447,#7448),(#7449,#7450,#7451,#7452,#7453,
#7454,#7455,#7456,#7457,#7458,#7459,#7460),(#7461,#7462,#7463,#7464,#7465,
#7466,#7467,#7468,#7469,#7470,#7471,#7472),(#7473,#7474,#7475,#7476,#7477,
#7478,#7479,#7480,#7481,#7482,#7483,#7484),(#7485,#7486,#7487,#7488,#7489,
#7490,#7491,#7492,#7493,#7494,#7495,#7496),(#7497,#7498,#7499,#7500,#7501,
#7502,#7503,#7504,#7505,#7506,#7507,#7508),(#7509,#7510,#7511,#7512,#7513,
#7514,#7515,#7516,#7517,#7518,#7519,#7520),(#7521,#7522,#7523,#7524,#7525,
#7526,#7527,#7528,#7529,#7530,#7531,#7532),(#7533,#7534,#7535,#7536,#7537,
#7538,#7539,#7540,#7541,#7542,#7543,#7544),(#7545,#7546,#7547,#7548,#7549,
#7550,#7551,#7552,#7553,#7554,#7555,#7556),(#7557,#7558,#7559,#7560,#7561,
#7562,#7563,#7564,#7565,#7566,#7567,#7568),(#7569,#7570,#7571,#7572,#7573,
#7574,#7575,#7576,#7577,#7578,#7579,#7580),(#7581,#7582,#7583,#7584,#7585,
#7586,#7587,#7588,#7589,#7590,#7591,#7592),(#7593,#7594,#7595,#7596,#7597,
#7598,#7599,#7600,#7601,#7602,#7603,#7604),(#7605,#7606,#7607,#7608,#7609,
#7610,#7611,#7612,#7613,#7614,#7615,#7616),(#7617,#7618,#7619,#7620,#7621,
#7622,#7623,#7624,#7625,#7626,#7627,#7628)),.UNSPECIFIED.,.F.,.F.,.F.,(4,
2,2,1,1,1,1,2,2,4),(4,2,2,1,1,1,1,4),(0.,0.125,0.25,0.5,1.,2.,2.5,2.75,
2.875,3.),(0.,0.125,0.25,0.5,1.,2.,3.,4.),.UNSPECIFIED.);
#1274=B_SPLINE_SURFACE_WITH_KNOTS('',3,3,((#7658,#7659,#7660,#7661,#7662,
#7663,#7664,#7665,#7666,#7667,#7668,#7669),(#7670,#7671,#7672,#7673,#7674,
#7675,#7676,#7677,#7678,#7679,#7680,#7681),(#7682,#7683,#7684,#7685,#7686,
#7687,#7688,#7689,#7690,#7691,#7692,#7693),(#7694,#7695,#7696,#7697,#7698,
#7699,#7700,#7701,#7702,#7703,#7704,#7705),(#7706,#7707,#7708,#7709,#7710,
#7711,#7712,#7713,#7714,#7715,#7716,#7717),(#7718,#7719,#7720,#7721,#7722,
#7723,#7724,#7725,#7726,#7727,#7728,#7729),(#7730,#7731,#7732,#7733,#7734,
#7735,#7736,#7737,#7738,#7739,#7740,#7741),(#7742,#7743,#7744,#7745,#7746,
#7747,#7748,#7749,#7750,#7751,#7752,#7753),(#7754,#7755,#7756,#7757,#7758,
#7759,#7760,#7761,#7762,#7763,#7764,#7765),(#7766,#7767,#7768,#7769,#7770,
#7771,#7772,#7773,#7774,#7775,#7776,#7777),(#7778,#7779,#7780,#7781,#7782,
#7783,#7784,#7785,#7786,#7787,#7788,#7789),(#7790,#7791,#7792,#7793,#7794,
#7795,#7796,#7797,#7798,#7799,#7800,#7801),(#7802,#7803,#7804,#7805,#7806,
#7807,#7808,#7809,#7810,#7811,#7812,#7813)),.UNSPECIFIED.,.F.,.F.,.F.,(4,
2,2,1,2,2,4),(4,2,2,1,1,1,1,4),(0.,0.125,0.25,0.5,0.75,0.875,1.),(0.,0.125,
0.25,0.5,1.,2.,3.,4.),.UNSPECIFIED.);
#1275=B_SPLINE_SURFACE_WITH_KNOTS('',3,3,((#7840,#7841,#7842,#7843,#7844,
#7845,#7846,#7847,#7848,#7849,#7850,#7851,#7852,#7853,#7854,#7855),(#7856,
#7857,#7858,#7859,#7860,#7861,#7862,#7863,#7864,#7865,#7866,#7867,#7868,
#7869,#7870,#7871),(#7872,#7873,#7874,#7875,#7876,#7877,#7878,#7879,#7880,
#7881,#7882,#7883,#7884,#7885,#7886,#7887),(#7888,#7889,#7890,#7891,#7892,
#7893,#7894,#7895,#7896,#7897,#7898,#7899,#7900,#7901,#7902,#7903),(#7904,
#7905,#7906,#7907,#7908,#7909,#7910,#7911,#7912,#7913,#7914,#7915,#7916,
#7917,#7918,#7919),(#7920,#7921,#7922,#7923,#7924,#7925,#7926,#7927,#7928,
#7929,#7930,#7931,#7932,#7933,#7934,#7935),(#7936,#7937,#7938,#7939,#7940,
#7941,#7942,#7943,#7944,#7945,#7946,#7947,#7948,#7949,#7950,#7951),(#7952,
#7953,#7954,#7955,#7956,#7957,#7958,#7959,#7960,#7961,#7962,#7963,#7964,
#7965,#7966,#7967),(#7968,#7969,#7970,#7971,#7972,#7973,#7974,#7975,#7976,
#7977,#7978,#7979,#7980,#7981,#7982,#7983),(#7984,#7985,#7986,#7987,#7988,
#7989,#7990,#7991,#7992,#7993,#7994,#7995,#7996,#7997,#7998,#7999),(#8000,
#8001,#8002,#8003,#8004,#8005,#8006,#8007,#8008,#8009,#8010,#8011,#8012,
#8013,#8014,#8015),(#8016,#8017,#8018,#8019,#8020,#8021,#8022,#8023,#8024,
#8025,#8026,#8027,#8028,#8029,#8030,#8031),(#8032,#8033,#8034,#8035,#8036,
#8037,#8038,#8039,#8040,#8041,#8042,#8043,#8044,#8045,#8046,#8047)),
 .UNSPECIFIED.,.F.,.F.,.F.,(4,2,2,1,2,2,4),(4,2,2,1,1,1,1,2,2,4),(0.,0.125,
0.25,0.5,0.75,0.875,1.),(0.,0.125,0.25,0.5,1.,2.,2.5,2.75,2.875,3.),
 .UNSPECIFIED.);
#1276=B_SPLINE_SURFACE_WITH_KNOTS('',3,3,((#8064,#8065,#8066,#8067,#8068,
#8069,#8070,#8071,#8072,#8073,#8074,#8075),(#8076,#8077,#8078,#8079,#8080,
#8081,#8082,#8083,#8084,#8085,#8086,#8087),(#8088,#8089,#8090,#8091,#8092,
#8093,#8094,#8095,#8096,#8097,#8098,#8099),(#8100,#8101,#8102,#8103,#8104,
#8105,#8106,#8107,#8108,#8109,#8110,#8111),(#8112,#8113,#8114,#8115,#8116,
#8117,#8118,#8119,#8120,#8121,#8122,#8123),(#8124,#8125,#8126,#8127,#8128,
#8129,#8130,#8131,#8132,#8133,#8134,#8135),(#8136,#8137,#8138,#8139,#8140,
#8141,#8142,#8143,#8144,#8145,#8146,#8147),(#8148,#8149,#8150,#8151,#8152,
#8153,#8154,#8155,#8156,#8157,#8158,#8159),(#8160,#8161,#8162,#8163,#8164,
#8165,#8166,#8167,#8168,#8169,#8170,#8171),(#8172,#8173,#8174,#8175,#8176,
#8177,#8178,#8179,#8180,#8181,#8182,#8183),(#8184,#8185,#8186,#8187,#8188,
#8189,#8190,#8191,#8192,#8193,#8194,#8195),(#8196,#8197,#8198,#8199,#8200,
#8201,#8202,#8203,#8204,#8205,#8206,#8207),(#8208,#8209,#8210,#8211,#8212,
#8213,#8214,#8215,#8216,#8217,#8218,#8219),(#8220,#8221,#8222,#8223,#8224,
#8225,#8226,#8227,#8228,#8229,#8230,#8231),(#8232,#8233,#8234,#8235,#8236,
#8237,#8238,#8239,#8240,#8241,#8242,#8243),(#8244,#8245,#8246,#8247,#8248,
#8249,#8250,#8251,#8252,#8253,#8254,#8255)),.UNSPECIFIED.,.F.,.F.,.F.,(4,
2,2,1,1,1,1,2,2,4),(4,2,2,1,1,1,1,4),(0.,0.125,0.25,0.5,1.,2.,2.5,2.75,
2.875,3.),(0.,0.125,0.25,0.5,1.,2.,3.,4.),.UNSPECIFIED.);
#1277=B_SPLINE_SURFACE_WITH_KNOTS('',3,3,((#8256,#8257,#8258,#8259,#8260,
#8261,#8262,#8263,#8264,#8265,#8266,#8267),(#8268,#8269,#8270,#8271,#8272,
#8273,#8274,#8275,#8276,#8277,#8278,#8279),(#8280,#8281,#8282,#8283,#8284,
#8285,#8286,#8287,#8288,#8289,#8290,#8291),(#8292,#8293,#8294,#8295,#8296,
#8297,#8298,#8299,#8300,#8301,#8302,#8303),(#8304,#8305,#8306,#8307,#8308,
#8309,#8310,#8311,#8312,#8313,#8314,#8315),(#8316,#8317,#8318,#8319,#8320,
#8321,#8322,#8323,#8324,#8325,#8326,#8327),(#8328,#8329,#8330,#8331,#8332,
#8333,#8334,#8335,#8336,#8337,#8338,#8339),(#8340,#8341,#8342,#8343,#8344,
#8345,#8346,#8347,#8348,#8349,#8350,#8351),(#8352,#8353,#8354,#8355,#8356,
#8357,#8358,#8359,#8360,#8361,#8362,#8363),(#8364,#8365,#8366,#8367,#8368,
#8369,#8370,#8371,#8372,#8373,#8374,#8375),(#8376,#8377,#8378,#8379,#8380,
#8381,#8382,#8383,#8384,#8385,#8386,#8387),(#8388,#8389,#8390,#8391,#8392,
#8393,#8394,#8395,#8396,#8397,#8398,#8399),(#8400,#8401,#8402,#8403,#8404,
#8405,#8406,#8407,#8408,#8409,#8410,#8411),(#8412,#8413,#8414,#8415,#8416,
#8417,#8418,#8419,#8420,#8421,#8422,#8423),(#8424,#8425,#8426,#8427,#8428,
#8429,#8430,#8431,#8432,#8433,#8434,#8435),(#8436,#8437,#8438,#8439,#8440,
#8441,#8442,#8443,#8444,#8445,#8446,#8447),(#8448,#8449,#8450,#8451,#8452,
#8453,#8454,#8455,#8456,#8457,#8458,#8459),(#8460,#8461,#8462,#8463,#8464,
#8465,#8466,#8467,#8468,#8469,#8470,#8471),(#8472,#8473,#8474,#8475,#8476,
#8477,#8478,#8479,#8480,#8481,#8482,#8483),(#8484,#8485,#8486,#8487,#8488,
#8489,#8490,#8491,#8492,#8493,#8494,#8495),(#8496,#8497,#8498,#8499,#8500,
#8501,#8502,#8503,#8504,#8505,#8506,#8507),(#8508,#8509,#8510,#8511,#8512,
#8513,#8514,#8515,#8516,#8517,#8518,#8519)),.UNSPECIFIED.,.F.,.F.,.F.,(4,
3,2,2,1,1,1,1,2,2,3,4),(4,2,2,1,1,1,1,4),(-0.03,0.,0.125,0.25,0.5,1.,2.,
2.5,2.75,2.875,3.,3.03),(0.,0.125,0.25,0.5,1.,2.,3.,4.),.UNSPECIFIED.);
#1278=B_SPLINE_SURFACE_WITH_KNOTS('',3,3,((#8536,#8537,#8538,#8539,#8540,
#8541,#8542,#8543,#8544,#8545,#8546,#8547,#8548,#8549,#8550,#8551),(#8552,
#8553,#8554,#8555,#8556,#8557,#8558,#8559,#8560,#8561,#8562,#8563,#8564,
#8565,#8566,#8567),(#8568,#8569,#8570,#8571,#8572,#8573,#8574,#8575,#8576,
#8577,#8578,#8579,#8580,#8581,#8582,#8583),(#8584,#8585,#8586,#8587,#8588,
#8589,#8590,#8591,#8592,#8593,#8594,#8595,#8596,#8597,#8598,#8599),(#8600,
#8601,#8602,#8603,#8604,#8605,#8606,#8607,#8608,#8609,#8610,#8611,#8612,
#8613,#8614,#8615),(#8616,#8617,#8618,#8619,#8620,#8621,#8622,#8623,#8624,
#8625,#8626,#8627,#8628,#8629,#8630,#8631),(#8632,#8633,#8634,#8635,#8636,
#8637,#8638,#8639,#8640,#8641,#8642,#8643,#8644,#8645,#8646,#8647),(#8648,
#8649,#8650,#8651,#8652,#8653,#8654,#8655,#8656,#8657,#8658,#8659,#8660,
#8661,#8662,#8663),(#8664,#8665,#8666,#8667,#8668,#8669,#8670,#8671,#8672,
#8673,#8674,#8675,#8676,#8677,#8678,#8679),(#8680,#8681,#8682,#8683,#8684,
#8685,#8686,#8687,#8688,#8689,#8690,#8691,#8692,#8693,#8694,#8695),(#8696,
#8697,#8698,#8699,#8700,#8701,#8702,#8703,#8704,#8705,#8706,#8707,#8708,
#8709,#8710,#8711),(#8712,#8713,#8714,#8715,#8716,#8717,#8718,#8719,#8720,
#8721,#8722,#8723,#8724,#8725,#8726,#8727),(#8728,#8729,#8730,#8731,#8732,
#8733,#8734,#8735,#8736,#8737,#8738,#8739,#8740,#8741,#8742,#8743)),
 .UNSPECIFIED.,.F.,.F.,.F.,(4,2,2,1,2,2,4),(4,2,2,1,1,1,1,2,2,4),(0.,0.125,
0.25,0.5,0.75,0.875,1.),(0.,0.125,0.25,0.5,1.,2.,2.5,2.75,2.875,3.),
 .UNSPECIFIED.);
#1279=ADVANCED_FACE('',(#76),#1212,.T.);
#1280=ADVANCED_FACE('',(#77),#75,.F.);
#1281=ADVANCED_FACE('',(#78),#44,.F.);
#1282=ADVANCED_FACE('',(#79),#40,.F.);
#1283=ADVANCED_FACE('',(#80),#1213,.T.);
#1284=ADVANCED_FACE('',(#81),#39,.F.);
#1285=ADVANCED_FACE('',(#82),#41,.T.);
#1286=ADVANCED_FACE('',(#83),#1214,.F.);
#1287=ADVANCED_FACE('',(#84),#1215,.F.);
#1288=ADVANCED_FACE('',(#85),#1216,.F.);
#1289=ADVANCED_FACE('',(#86),#1217,.F.);
#1290=ADVANCED_FACE('',(#87),#1218,.F.);
#1291=ADVANCED_FACE('',(#88),#1219,.F.);
#1292=ADVANCED_FACE('',(#89),#1220,.F.);
#1293=ADVANCED_FACE('',(#90),#1221,.F.);
#1294=ADVANCED_FACE('',(#91),#1222,.F.);
#1295=ADVANCED_FACE('',(#92),#1223,.F.);
#1296=ADVANCED_FACE('',(#93),#1224,.F.);
#1297=ADVANCED_FACE('',(#94),#1225,.F.);
#1298=ADVANCED_FACE('',(#95),#1226,.F.);
#1299=ADVANCED_FACE('',(#96),#1227,.F.);
#1300=ADVANCED_FACE('',(#97),#1228,.F.);
#1301=ADVANCED_FACE('',(#98),#1229,.F.);
#1302=ADVANCED_FACE('',(#99),#1230,.F.);
#1303=ADVANCED_FACE('',(#100),#1231,.F.);
#1304=ADVANCED_FACE('',(#101),#1232,.F.);
#1305=ADVANCED_FACE('',(#102),#1233,.F.);
#1306=ADVANCED_FACE('',(#103),#1234,.F.);
#1307=ADVANCED_FACE('',(#104),#1235,.F.);
#1308=ADVANCED_FACE('',(#105),#1236,.F.);
#1309=ADVANCED_FACE('',(#106),#1237,.F.);
#1310=ADVANCED_FACE('',(#107),#1238,.F.);
#1311=ADVANCED_FACE('',(#108),#1239,.F.);
#1312=ADVANCED_FACE('',(#109),#1240,.F.);
#1313=ADVANCED_FACE('',(#110),#1241,.F.);
#1314=ADVANCED_FACE('',(#111),#1242,.F.);
#1315=ADVANCED_FACE('',(#112),#42,.F.);
#1316=ADVANCED_FACE('',(#113),#43,.F.);
#1317=ADVANCED_FACE('',(#114),#1243,.F.);
#1318=ADVANCED_FACE('',(#115),#1244,.T.);
#1319=ADVANCED_FACE('',(#116,#15,#16,#17,#18,#19,#20,#21,#22),#1245,.F.);
#1320=ADVANCED_FACE('',(#117),#45,.F.);
#1321=ADVANCED_FACE('',(#118),#1246,.T.);
#1322=ADVANCED_FACE('',(#119),#46,.F.);
#1323=ADVANCED_FACE('',(#120,#23,#24,#25,#26),#1247,.T.);
#1324=ADVANCED_FACE('',(#121),#1248,.T.);
#1325=ADVANCED_FACE('',(#122),#1249,.T.);
#1326=ADVANCED_FACE('',(#123),#47,.F.);
#1327=ADVANCED_FACE('',(#124),#1250,.T.);
#1328=ADVANCED_FACE('',(#125,#27,#28,#29,#30),#1251,.T.);
#1329=ADVANCED_FACE('',(#126),#1252,.T.);
#1330=ADVANCED_FACE('',(#127),#1253,.T.);
#1331=ADVANCED_FACE('',(#128),#48,.F.);
#1332=ADVANCED_FACE('',(#129),#1254,.T.);
#1333=ADVANCED_FACE('',(#130),#1255,.T.);
#1334=ADVANCED_FACE('',(#131),#49,.F.);
#1335=ADVANCED_FACE('',(#132),#1256,.T.);
#1336=ADVANCED_FACE('',(#133),#1257,.T.);
#1337=ADVANCED_FACE('',(#134),#50,.F.);
#1338=ADVANCED_FACE('',(#135),#1258,.T.);
#1339=ADVANCED_FACE('',(#136),#51,.F.);
#1340=ADVANCED_FACE('',(#137),#1259,.T.);
#1341=ADVANCED_FACE('',(#138),#52,.F.);
#1342=ADVANCED_FACE('',(#139),#1260,.T.);
#1343=ADVANCED_FACE('',(#140),#1261,.T.);
#1344=ADVANCED_FACE('',(#141),#1262,.T.);
#1345=ADVANCED_FACE('',(#142),#1263,.F.);
#1346=ADVANCED_FACE('',(#143),#1264,.F.);
#1347=ADVANCED_FACE('',(#144),#1265,.F.);
#1348=ADVANCED_FACE('',(#145),#1266,.F.);
#1349=ADVANCED_FACE('',(#146),#1267,.F.);
#1350=ADVANCED_FACE('',(#147),#1268,.F.);
#1351=ADVANCED_FACE('',(#148),#1269,.F.);
#1352=ADVANCED_FACE('',(#149),#1270,.F.);
#1353=ADVANCED_FACE('',(#150),#1271,.F.);
#1354=ADVANCED_FACE('',(#151),#1272,.F.);
#1355=ADVANCED_FACE('',(#152),#1273,.T.);
#1356=ADVANCED_FACE('',(#153),#1274,.T.);
#1357=ADVANCED_FACE('',(#154),#1275,.T.);
#1358=ADVANCED_FACE('',(#155),#1276,.T.);
#1359=ADVANCED_FACE('',(#156),#1277,.F.);
#1360=ADVANCED_FACE('',(#157),#1278,.F.);
#1361=CLOSED_SHELL('',(#1279,#1280,#1281,#1282,#1283,#1284,#1285));
#1362=CLOSED_SHELL('',(#1286,#1287,#1288,#1289,#1290,#1291,#1292,#1293,
#1294,#1295,#1296,#1297,#1298,#1299,#1300,#1301,#1302,#1303,#1304,#1305,
#1306,#1307,#1308,#1309,#1310,#1311,#1312,#1313,#1314,#1315,#1316,#1317,
#1318,#1319,#1320,#1321,#1322,#1323,#1324,#1325,#1326,#1327,#1328,#1329,
#1330,#1331,#1332,#1333,#1334,#1335,#1336,#1337,#1338,#1339,#1340,#1341,
#1342,#1343,#1344,#1345,#1346,#1347,#1348,#1349,#1350,#1351,#1352,#1353,
#1354,#1355,#1356,#1357,#1358,#1359,#1360));
#1363=DERIVED_UNIT_ELEMENT(#1365,1.);
#1364=DERIVED_UNIT_ELEMENT(#8754,-3.);
#1365=(
MASS_UNIT()
NAMED_UNIT(*)
SI_UNIT(.KILO.,.GRAM.)
);
#1366=DERIVED_UNIT((#1363,#1364));
#1367=MEASURE_REPRESENTATION_ITEM('density measure',
POSITIVE_RATIO_MEASURE(7850.),#1366);
#1368=PROPERTY_DEFINITION_REPRESENTATION(#1373,#1370);
#1369=PROPERTY_DEFINITION_REPRESENTATION(#1374,#1371);
#1370=REPRESENTATION('material name',(#1372),#8749);
#1371=REPRESENTATION('density',(#1367),#8749);
#1372=DESCRIPTIVE_REPRESENTATION_ITEM('Steel','Steel');
#1373=PROPERTY_DEFINITION('material property','material name',#8767);
#1374=PROPERTY_DEFINITION('material property','density of part',#8767);
#1375=AXIS2_PLACEMENT_3D('',#1563,#1434,#1435);
#1376=AXIS2_PLACEMENT_3D('',#1564,#1436,#1437);
#1377=AXIS2_PLACEMENT_3D('',#1795,#1438,#1439);
#1378=AXIS2_PLACEMENT_3D('',#1796,#1440,#1441);
#1379=AXIS2_PLACEMENT_3D('',#1797,#1442,#1443);
#1380=AXIS2_PLACEMENT_3D('',#1800,#1444,#1445);
#1381=AXIS2_PLACEMENT_3D('',#1803,#1447,#1448);
#1382=AXIS2_PLACEMENT_3D('',#1804,#1449,#1450);
#1383=AXIS2_PLACEMENT_3D('',#1805,#1451,#1452);
#1384=AXIS2_PLACEMENT_3D('',#1808,#1454,#1455);
#1385=AXIS2_PLACEMENT_3D('',#1809,#1456,#1457);
#1386=AXIS2_PLACEMENT_3D('',#1826,#1458,#1459);
#1387=AXIS2_PLACEMENT_3D('',#1858,#1460,#1461);
#1388=AXIS2_PLACEMENT_3D('',#1859,#1462,#1463);
#1389=AXIS2_PLACEMENT_3D('',#1911,#1464,#1465);
#1390=AXIS2_PLACEMENT_3D('',#1921,#1466,#1467);
#1391=AXIS2_PLACEMENT_3D('',#2201,#1468,#1469);
#1392=AXIS2_PLACEMENT_3D('',#2298,#1470,#1471);
#1393=AXIS2_PLACEMENT_3D('',#2338,#1472,#1473);
#1394=AXIS2_PLACEMENT_3D('',#2381,#1474,#1475);
#1395=AXIS2_PLACEMENT_3D('',#2416,#1476,#1477);
#1396=AXIS2_PLACEMENT_3D('',#2455,#1478,#1479);
#1397=AXIS2_PLACEMENT_3D('',#2543,#1480,#1481);
#1398=AXIS2_PLACEMENT_3D('',#2596,#1482,#1483);
#1399=AXIS2_PLACEMENT_3D('',#2635,#1484,#1485);
#1400=AXIS2_PLACEMENT_3D('',#2674,#1486,#1487);
#1401=AXIS2_PLACEMENT_3D('',#2748,#1488,#1489);
#1402=AXIS2_PLACEMENT_3D('',#2797,#1490,#1491);
#1403=AXIS2_PLACEMENT_3D('',#2836,#1492,#1493);
#1404=AXIS2_PLACEMENT_3D('',#2875,#1494,#1495);
#1405=AXIS2_PLACEMENT_3D('',#2963,#1496,#1497);
#1406=AXIS2_PLACEMENT_3D('',#3016,#1498,#1499);
#1407=AXIS2_PLACEMENT_3D('',#3055,#1500,#1501);
#1408=AXIS2_PLACEMENT_3D('',#3098,#1502,#1503);
#1409=AXIS2_PLACEMENT_3D('',#3716,#1504,#1505);
#1410=AXIS2_PLACEMENT_3D('',#3722,#1506,#1507);
#1411=AXIS2_PLACEMENT_3D('',#3814,#1508,#1509);
#1412=AXIS2_PLACEMENT_3D('',#3850,#1510,#1511);
#1413=AXIS2_PLACEMENT_3D('',#3872,#1512,#1513);
#1414=AXIS2_PLACEMENT_3D('',#3932,#1514,#1515);
#1415=AXIS2_PLACEMENT_3D('',#3933,#1516,#1517);
#1416=AXIS2_PLACEMENT_3D('',#3948,#1519,#1520);
#1417=AXIS2_PLACEMENT_3D('',#4001,#1521,#1522);
#1418=AXIS2_PLACEMENT_3D('',#4552,#1523,#1524);
#1419=AXIS2_PLACEMENT_3D('',#4703,#1526,#1527);
#1420=AXIS2_PLACEMENT_3D('',#5234,#1529,#1530);
#1421=AXIS2_PLACEMENT_3D('',#5868,#1532,#1533);
#1422=AXIS2_PLACEMENT_3D('',#6076,#1535,#1536);
#1423=AXIS2_PLACEMENT_3D('',#6291,#1538,#1539);
#1424=AXIS2_PLACEMENT_3D('',#6407,#1541,#1542);
#1425=AXIS2_PLACEMENT_3D('',#6528,#1544,#1545);
#1426=AXIS2_PLACEMENT_3D('',#7164,#1547,#1548);
#1427=AXIS2_PLACEMENT_3D('',#7182,#1549,#1550);
#1428=AXIS2_PLACEMENT_3D('',#7204,#1551,#1552);
#1429=AXIS2_PLACEMENT_3D('',#7310,#1553,#1554);
#1430=AXIS2_PLACEMENT_3D('',#7348,#1555,#1556);
#1431=AXIS2_PLACEMENT_3D('',#7374,#1557,#1558);
#1432=AXIS2_PLACEMENT_3D('',#7392,#1559,#1560);
#1433=AXIS2_PLACEMENT_3D('',#8744,#1561,#1562);
#1434=DIRECTION('axis',(0.,0.,1.));
#1435=DIRECTION('refdir',(1.,0.,0.));
#1436=DIRECTION('axis',(0.,0.,1.));
#1437=DIRECTION('refdir',(1.,0.,0.));
#1438=DIRECTION('center_axis',(0.999999672005753,0.000809931099253203,-4.05909410608064E-17));
#1439=DIRECTION('ref_axis',(-0.000702262532910086,0.867064251785758,-0.498195835091521));
#1440=DIRECTION('center_axis',(0.,0.,-1.));
#1441=DIRECTION('ref_axis',(1.,0.,0.));
#1442=DIRECTION('center_axis',(0.,0.,1.));
#1443=DIRECTION('ref_axis',(1.,0.,0.));
#1444=DIRECTION('center_axis',(0.,0.,-1.));
#1445=DIRECTION('ref_axis',(1.,0.,0.));
#1446=DIRECTION('',(0.656059028990507,-8.03440589904945E-17,-0.754709580222772));
#1447=DIRECTION('center_axis',(0.,0.,-1.));
#1448=DIRECTION('ref_axis',(1.,0.,0.));
#1449=DIRECTION('center_axis',(0.,0.,-1.));
#1450=DIRECTION('ref_axis',(1.,0.,0.));
#1451=DIRECTION('center_axis',(0.,0.,-1.));
#1452=DIRECTION('ref_axis',(1.,0.,0.));
#1453=DIRECTION('',(0.,0.,-1.));
#1454=DIRECTION('center_axis',(0.,0.,-1.));
#1455=DIRECTION('ref_axis',(1.,0.,0.));
#1456=DIRECTION('center_axis',(0.,0.,-1.));
#1457=DIRECTION('ref_axis',(1.,0.,0.));
#1458=DIRECTION('center_axis',(0.,0.,-1.));
#1459=DIRECTION('ref_axis',(1.,0.,0.));
#1460=DIRECTION('center_axis',(-1.74838271594513E-16,-1.,0.));
#1461=DIRECTION('ref_axis',(1.,-1.74838271594513E-16,0.));
#1462=DIRECTION('center_axis',(0.,0.,-1.));
#1463=DIRECTION('ref_axis',(-1.,0.,0.));
#1464=DIRECTION('center_axis',(-0.9951827432511,0.0964988025604718,-0.0172999606823298));
#1465=DIRECTION('ref_axis',(-0.097544384161404,-0.956968045410642,0.273307982286481));
#1466=DIRECTION('center_axis',(0.0538512044272095,0.269582856842352,0.961470296513863));
#1467=DIRECTION('ref_axis',(-0.998482420200083,0.00342102329934767,0.0549650175199617));
#1468=DIRECTION('center_axis',(0.049988733780553,-0.270065825863705,-0.961543330378601));
#1469=DIRECTION('ref_axis',(0.998692172988549,0.00317598305916373,0.0510279995984426));
#1470=DIRECTION('center_axis',(0.995197440755619,0.0963248804068578,-0.0174232984268573));
#1471=DIRECTION('ref_axis',(-0.0856481465270113,0.943037200513671,0.32147353459317));
#1472=DIRECTION('center_axis',(0.912630566677207,0.402408234336141,-0.0719239995057932));
#1473=DIRECTION('ref_axis',(-0.357028145519544,0.870335887942322,0.339184824935499));
#1474=DIRECTION('center_axis',(0.911527200648793,0.404825676638485,-0.0723486973729847));
#1475=DIRECTION('ref_axis',(-0.359165991152348,0.869372990022042,0.339397105202277));
#1476=DIRECTION('center_axis',(0.911473338692464,0.40494323938215,-0.0723693701195676));
#1477=DIRECTION('ref_axis',(-0.359269949691016,0.869325994104596,0.339407453104776));
#1478=DIRECTION('center_axis',(0.911464393669851,0.404962759611197,-0.0723728015219428));
#1479=DIRECTION('ref_axis',(-0.359287211364561,0.869318189170183,0.339409171543363));
#1480=DIRECTION('center_axis',(-0.888500487818954,0.449815305792026,-0.09073628723232));
#1481=DIRECTION('ref_axis',(-0.442713727858941,-0.788264912398333,0.427367503498907));
#1482=DIRECTION('center_axis',(-0.901739693024405,0.423732549570265,-0.0855350948963913));
#1483=DIRECTION('ref_axis',(-0.41742841085305,-0.802124264392289,0.427024807576592));
#1484=DIRECTION('center_axis',(-0.903723926604097,0.419649785021152,-0.084717899023605));
#1485=DIRECTION('ref_axis',(-0.413462042351493,-0.804201447708555,0.426976780443616));
#1486=DIRECTION('center_axis',(-0.903973496436984,0.419133075685992,-0.0846131349466243));
#1487=DIRECTION('ref_axis',(-0.412959372238109,-0.804462848185962,0.426970821917887));
#1488=DIRECTION('center_axis',(-0.911843251848694,-0.402417830579421,0.0812512996188461));
#1489=DIRECTION('ref_axis',(0.396705174823166,-0.812745598944171,0.426696139735763));
#1490=DIRECTION('center_axis',(-0.911611208727156,-0.402922592143282,0.0813534809553463));
#1491=DIRECTION('ref_axis',(0.397197022113932,-0.81250244982036,0.426701645953866));
#1492=DIRECTION('center_axis',(-0.909763310605332,-0.406917354431976,0.0821522083605097));
#1493=DIRECTION('ref_axis',(0.401084486145026,-0.810567090700716,0.426746091308119));
#1494=DIRECTION('center_axis',(-0.897429813622903,-0.432445632012166,0.087238208225294));
#1495=DIRECTION('ref_axis',(0.425878646375949,-0.797649339422473,0.427063121657539));
#1496=DIRECTION('center_axis',(0.903564038565744,-0.42176664862396,0.075398423851407));
#1497=DIRECTION('ref_axis',(0.37415351655099,0.862482195307494,0.340783815387548));
#1498=DIRECTION('center_axis',(0.903574551582373,-0.42174481460258,0.0753945693571483));
#1499=DIRECTION('ref_axis',(0.374134219951157,0.862491358077135,0.340781810993189));
#1500=DIRECTION('center_axis',(0.903640100082829,-0.421608650230781,0.0753705219092494));
#1501=DIRECTION('ref_axis',(0.374013882327213,0.86254848622525,0.34076931308006));
#1502=DIRECTION('center_axis',(-0.904889112588472,0.419003635547721,-0.0749109292202397));
#1503=DIRECTION('ref_axis',(-0.423763562559626,-0.87028320703733,0.251060914113676));
#1504=DIRECTION('center_axis',(-0.89400290228285,0.424725168771839,-0.142714195935704));
#1505=DIRECTION('ref_axis',(-0.405666299543857,-0.902498821125049,-0.144674570268205));
#1506=DIRECTION('center_axis',(-0.908462444415303,0.395874967986402,-0.134085781530845));
#1507=DIRECTION('ref_axis',(-0.377074093041322,-0.914656333356581,-0.145667155555945));
#1508=DIRECTION('center_axis',(0.913154598559995,0.402509740073071,-0.0643007641870776));
#1509=DIRECTION('ref_axis',(-0.405543873587485,0.881266955293805,-0.242698825919788));
#1510=DIRECTION('center_axis',(0.913163541110396,0.402490064893737,-0.0642969272092947));
#1511=DIRECTION('ref_axis',(-0.405523855437542,0.881275631208266,-0.242700771547072));
#1512=DIRECTION('center_axis',(0.914321428074866,0.399933352113964,-0.0637937303347777));
#1513=DIRECTION('ref_axis',(-0.402921447670331,0.882399150948351,-0.242952763748168));
#1514=DIRECTION('center_axis',(-0.0501186746725812,0.258032424058236,0.964835419428461));
#1515=DIRECTION('ref_axis',(0.998692172984719,0.00317598326562208,0.0510279996605452));
#1516=DIRECTION('center_axis',(-0.998692172984719,-0.00317598326562509,
-0.0510279996605387));
#1517=DIRECTION('ref_axis',(0.0511267407435626,-0.0620385650009796,-0.996763398622541));
#1518=DIRECTION('',(2.48598167423448E-15,-0.998068699831287,0.0621198069627097));
#1519=DIRECTION('center_axis',(0.99848242020045,-0.00342102330049853,-0.0549650175132266));
#1520=DIRECTION('ref_axis',(0.0550713768726719,0.0620255351985112,0.99655405093386));
#1521=DIRECTION('center_axis',(-0.0539893337366058,-0.257682028460719,-0.964720230974269));
#1522=DIRECTION('ref_axis',(-0.998482420200451,0.00342102330049228,0.0549650175132153));
#1523=DIRECTION('center_axis',(0.,-0.984807753012208,0.17364817766693));
#1524=DIRECTION('ref_axis',(1.,0.,0.));
#1525=DIRECTION('',(0.,-0.984807753012208,0.17364817766693));
#1526=DIRECTION('center_axis',(0.,-0.984807753012208,0.17364817766693));
#1527=DIRECTION('ref_axis',(1.,0.,0.));
#1528=DIRECTION('',(0.,-0.984807753012208,0.17364817766693));
#1529=DIRECTION('center_axis',(0.,-0.984807753012208,0.17364817766693));
#1530=DIRECTION('ref_axis',(1.,0.,0.));
#1531=DIRECTION('',(0.,-0.984807753012208,0.17364817766693));
#1532=DIRECTION('center_axis',(0.,-0.984807753012208,0.17364817766693));
#1533=DIRECTION('ref_axis',(1.,0.,0.));
#1534=DIRECTION('',(0.,-0.984807753012208,0.17364817766693));
#1535=DIRECTION('center_axis',(0.,-0.984807753012208,0.17364817766693));
#1536=DIRECTION('ref_axis',(1.,0.,0.));
#1537=DIRECTION('',(0.,-0.984807753012208,0.17364817766693));
#1538=DIRECTION('center_axis',(0.,-0.984807753012208,0.17364817766693));
#1539=DIRECTION('ref_axis',(1.,0.,0.));
#1540=DIRECTION('',(0.,-0.984807753012208,0.17364817766693));
#1541=DIRECTION('center_axis',(0.,-0.984807753012208,0.17364817766693));
#1542=DIRECTION('ref_axis',(1.,0.,0.));
#1543=DIRECTION('',(0.,-0.984807753012208,0.17364817766693));
#1544=DIRECTION('center_axis',(0.,-0.984807753012208,0.17364817766693));
#1545=DIRECTION('ref_axis',(1.,0.,0.));
#1546=DIRECTION('',(0.,-0.984807753012208,0.17364817766693));
#1547=DIRECTION('center_axis',(-0.906648938309989,0.41656360588593,-0.0668016834569376));
#1548=DIRECTION('ref_axis',(0.354025533929757,0.837337908533514,0.416570700192021));
#1549=DIRECTION('center_axis',(-0.905332136337056,0.419329670512265,-0.0673524338346934));
#1550=DIRECTION('ref_axis',(0.356320197994421,0.836243060527043,0.416813459741383));
#1551=DIRECTION('center_axis',(-0.905321615091649,0.419351687966539,-0.0673567743249489));
#1552=DIRECTION('ref_axis',(0.3563384780555,0.836234304727133,0.416815398773387));
#1553=DIRECTION('center_axis',(0.902478599218669,0.408143643685961,-0.137663154369844));
#1554=DIRECTION('ref_axis',(0.418929921856258,-0.757398845684002,0.500843996799454));
#1555=DIRECTION('center_axis',(0.915948559721335,0.37995230019646,-0.129129723610918));
#1556=DIRECTION('ref_axis',(0.390966893850453,-0.772374814263759,0.500581695833909));
#1557=DIRECTION('center_axis',(-0.908698858076904,0.395386718838806,-0.133924336457621));
#1558=DIRECTION('ref_axis',(-0.376593145867183,-0.914851900467433,-0.14568322723287));
#1559=DIRECTION('center_axis',(0.91616841934039,0.379475808604476,-0.128971074614858));
#1560=DIRECTION('ref_axis',(0.390485932151937,-0.772620566979647,0.50057786234659));
#1561=DIRECTION('',(-5.90590285197493E-22,-0.0871557427476582,0.996194698091746));
#1562=DIRECTION('',(1.,6.7762635780344E-21,8.470329472543E-22));
#1563=CARTESIAN_POINT('',(0.,0.,0.));
#1564=CARTESIAN_POINT('',(0.,0.,0.));
#1565=CARTESIAN_POINT('Ctrl Pts',(9.26642839450918E-15,-0.749999992021427,
0.));
#1566=CARTESIAN_POINT('Ctrl Pts',(-0.0929261649034458,-0.749999992021427,
0.));
#1567=CARTESIAN_POINT('Ctrl Pts',(-0.281510661295793,-0.728501415909635,
0.));
#1568=CARTESIAN_POINT('Ctrl Pts',(-0.546340334650119,-0.636083127014336,
0.));
#1569=CARTESIAN_POINT('Ctrl Pts',(-0.786635507133544,-0.48489993590924,
0.));
#1570=CARTESIAN_POINT('Ctrl Pts',(-0.976818021118632,-0.294809032000117,
0.));
#1571=CARTESIAN_POINT('Ctrl Pts',(-1.10545589460246,-0.0960969314599947,
0.));
#1572=CARTESIAN_POINT('Ctrl Pts',(-1.17896257774071,0.0745940284145575,
0.));
#1573=CARTESIAN_POINT('Ctrl Pts',(-1.24734704550376,0.312352040409512,0.));
#1574=CARTESIAN_POINT('Ctrl Pts',(-1.25962593034285,0.530013982533428,0.));
#1575=CARTESIAN_POINT('Ctrl Pts',(-1.23180506748354,0.715628940406937,0.));
#1576=CARTESIAN_POINT('Ctrl Pts',(-1.1727036259448,1.0061341062534,0.));
#1577=CARTESIAN_POINT('Ctrl Pts',(-0.967550545400884,1.3597521445113,0.));
#1578=CARTESIAN_POINT('Ctrl Pts',(-0.640914091745556,1.58120899028793,0.));
#1579=CARTESIAN_POINT('Ctrl Pts',(-0.492216890474138,1.64957563046133,0.));
#1580=CARTESIAN_POINT('Ctrl Pts',(-0.435048674464933,1.67265982078643,0.));
#1581=CARTESIAN_POINT('Ctrl Pts',(-0.330970364597177,1.70752819523781,0.));
#1582=CARTESIAN_POINT('Ctrl Pts',(-0.0035276258781657,1.78334220209922,
0.));
#1583=CARTESIAN_POINT('Ctrl Pts',(0.358898874502556,1.7283803171168,0.));
#1584=CARTESIAN_POINT('Ctrl Pts',(0.68764516703733,1.54942934853312,0.));
#1585=CARTESIAN_POINT('Ctrl Pts',(0.813681184008832,1.45488017938782,0.));
#1586=CARTESIAN_POINT('Ctrl Pts',(0.939210206019478,1.3288567908,0.));
#1587=CARTESIAN_POINT('Ctrl Pts',(1.04736190636617,1.19324708951818,0.));
#1588=CARTESIAN_POINT('Ctrl Pts',(1.15255685779385,1.00228188767846,0.));
#1589=CARTESIAN_POINT('Ctrl Pts',(1.22116306926313,0.793722428765808,0.));
#1590=CARTESIAN_POINT('Ctrl Pts',(1.25126866055673,0.592282515494771,0.));
#1591=CARTESIAN_POINT('Ctrl Pts',(1.25107686795274,0.421563920995899,0.));
#1592=CARTESIAN_POINT('Ctrl Pts',(1.23270591157504,0.281387945807094,0.));
#1593=CARTESIAN_POINT('Ctrl Pts',(1.20454705719769,0.159466815792767,0.));
#1594=CARTESIAN_POINT('Ctrl Pts',(1.14166769632735,-0.0319241174238585,
0.));
#1595=CARTESIAN_POINT('Ctrl Pts',(1.03624268237105,-0.214236151056075,0.));
#1596=CARTESIAN_POINT('Ctrl Pts',(0.90868873266929,-0.360428639779038,0.));
#1597=CARTESIAN_POINT('Ctrl Pts',(0.774612396039312,-0.490853927971945,
0.));
#1598=CARTESIAN_POINT('Ctrl Pts',(0.606564580531857,-0.602741418982837,
0.));
#1599=CARTESIAN_POINT('Ctrl Pts',(0.42401195880507,-0.677939491417851,0.));
#1600=CARTESIAN_POINT('Ctrl Pts',(0.312146898484512,-0.711945371621078,
0.));
#1601=CARTESIAN_POINT('Ctrl Pts',(0.175822322500823,-0.740993204986711,
0.));
#1602=CARTESIAN_POINT('Ctrl Pts',(0.0707100873851858,-0.749943131696788,
0.));
#1603=CARTESIAN_POINT('Ctrl Pts',(0.00101241389345332,-0.74999958202861,
0.));
#1604=CARTESIAN_POINT('Ctrl Pts',(9.30639717243591E-15,-0.427001507698464,
0.56214948273146));
#1605=CARTESIAN_POINT('Ctrl Pts',(-0.0689090103015773,-0.427001507698464,
0.56214948273146));
#1606=CARTESIAN_POINT('Ctrl Pts',(-0.208770883015958,-0.411058102541163,
0.562149482731461));
#1607=CARTESIAN_POINT('Ctrl Pts',(-0.405165685350379,-0.342520633806542,
0.56214948273146));
#1608=CARTESIAN_POINT('Ctrl Pts',(-0.583370321182887,-0.230402969882814,
0.562149482731459));
#1609=CARTESIAN_POINT('Ctrl Pts',(-0.724409155268578,-0.0894313538732031,
0.562149482731461));
#1610=CARTESIAN_POINT('Ctrl Pts',(-0.819807564868258,0.0579338345002543,
0.562149482731459));
#1611=CARTESIAN_POINT('Ctrl Pts',(-0.874320028312058,0.184518409666528,
0.56214948273146));
#1612=CARTESIAN_POINT('Ctrl Pts',(-0.925034124667569,0.360840062341397,
0.56214948273146));
#1613=CARTESIAN_POINT('Ctrl Pts',(-0.93414009685627,0.522258412941408,0.56214948273146));
#1614=CARTESIAN_POINT('Ctrl Pts',(-0.913508137711055,0.659910691677624,
0.56214948273146));
#1615=CARTESIAN_POINT('Ctrl Pts',(-0.869678436988352,0.87534966297932,0.56214948273146));
#1616=CARTESIAN_POINT('Ctrl Pts',(-0.717536646054703,1.13759325917082,0.562149482731459));
#1617=CARTESIAN_POINT('Ctrl Pts',(-0.475302686349956,1.3018258959444,0.562149482731461));
#1618=CARTESIAN_POINT('Ctrl Pts',(-0.365028604236029,1.35252670916178,0.562149482731459));
#1619=CARTESIAN_POINT('Ctrl Pts',(-0.322632652502498,1.36964594787199,0.56214948273146));
#1620=CARTESIAN_POINT('Ctrl Pts',(-0.245448013006953,1.39550438380725,0.562149482731461));
#1621=CARTESIAN_POINT('Ctrl Pts',(-0.00261611392066801,1.45172814605037,
0.562149482731459));
#1622=CARTESIAN_POINT('Ctrl Pts',(0.266159857969325,1.41096833909283,0.56214948273146));
#1623=CARTESIAN_POINT('Ctrl Pts',(0.509958482006059,1.27825809032372,0.562149482731461));
#1624=CARTESIAN_POINT('Ctrl Pts',(0.60342693957558,1.20814032253668,0.56214948273146));
#1625=CARTESIAN_POINT('Ctrl Pts',(0.696519430384641,1.11468121089282,0.56214948273146));
#1626=CARTESIAN_POINT('Ctrl Pts',(0.77672486113373,1.01411289138579,0.56214948273146));
#1627=CARTESIAN_POINT('Ctrl Pts',(0.854737567112533,0.872492855381128,0.56214948273146));
#1628=CARTESIAN_POINT('Ctrl Pts',(0.905616017277849,0.717824938563078,0.562149482731459));
#1629=CARTESIAN_POINT('Ctrl Pts',(0.927942356269912,0.568436774794495,0.56214948273146));
#1630=CARTESIAN_POINT('Ctrl Pts',(0.927800130476956,0.441831789942557,0.56214948273146));
#1631=CARTESIAN_POINT('Ctrl Pts',(0.914176189666919,0.337876984582034,0.56214948273146));
#1632=CARTESIAN_POINT('Ctrl Pts',(0.893293573816175,0.247460228152573,0.562149482731459));
#1633=CARTESIAN_POINT('Ctrl Pts',(0.846662127735924,0.105524408106329,0.562149482731461));
#1634=CARTESIAN_POINT('Ctrl Pts',(0.768478881863286,-0.0296783559866063,
0.56214948273146));
#1635=CARTESIAN_POINT('Ctrl Pts',(0.67388459060923,-0.138094951793175,0.56214948273146));
#1636=CARTESIAN_POINT('Ctrl Pts',(0.574453732408354,-0.234818396747188,
0.56214948273146));
#1637=CARTESIAN_POINT('Ctrl Pts',(0.449828623358802,-0.317794428777027,
0.56214948273146));
#1638=CARTESIAN_POINT('Ctrl Pts',(0.314448170872017,-0.373561318801246,
0.56214948273146));
#1639=CARTESIAN_POINT('Ctrl Pts',(0.231487805667465,-0.398780171619527,
0.56214948273146));
#1640=CARTESIAN_POINT('Ctrl Pts',(0.130392278250491,-0.420322030921605,
0.56214948273146));
#1641=CARTESIAN_POINT('Ctrl Pts',(0.052434826678937,-0.426959343138994,
0.56214948273146));
#1642=CARTESIAN_POINT('Ctrl Pts',(0.000750807375988237,-0.427001203647292,
0.56214948273146));
#1643=CARTESIAN_POINT('Ctrl Pts',(9.26012715400502E-15,-0.170590651392007,
1.16252032412161));
#1644=CARTESIAN_POINT('Ctrl Pts',(-0.0498471061996253,-0.170590651392007,
1.16252032412161));
#1645=CARTESIAN_POINT('Ctrl Pts',(-0.151025008131898,-0.159057220238675,
1.16252032412161));
#1646=CARTESIAN_POINT('Ctrl Pts',(-0.293095597490514,-0.109477393966488,
1.16252032412162));
#1647=CARTESIAN_POINT('Ctrl Pts',(-0.422008824636289,-0.0283717382353361,
1.16252032412161));
#1648=CARTESIAN_POINT('Ctrl Pts',(-0.524035758443861,0.0736067808861823,
1.16252032412161));
#1649=CARTESIAN_POINT('Ctrl Pts',(-0.593046857218613,0.180210418997831,
1.16252032412162));
#1650=CARTESIAN_POINT('Ctrl Pts',(-0.632480988776947,0.271781381909534,
1.16252032412161));
#1651=CARTESIAN_POINT('Ctrl Pts',(-0.669167470922099,0.399332047503454,
1.16252032412161));
#1652=CARTESIAN_POINT('Ctrl Pts',(-0.675754690636733,0.51610169081506,1.16252032412162));
#1653=CARTESIAN_POINT('Ctrl Pts',(-0.660829588823905,0.615679018046941,
1.16252032412161));
#1654=CARTESIAN_POINT('Ctrl Pts',(-0.629123288860623,0.771527047606494,
1.16252032412162));
#1655=CARTESIAN_POINT('Ctrl Pts',(-0.519064278499656,0.961233442447364,
1.16252032412161));
#1656=CARTESIAN_POINT('Ctrl Pts',(-0.343832824250742,1.08003892804698,1.16252032412162));
#1657=CARTESIAN_POINT('Ctrl Pts',(-0.26406080201245,1.11671578300785,1.16252032412161));
#1658=CARTESIAN_POINT('Ctrl Pts',(-0.233391692101873,1.12909979180246,1.16252032412161));
#1659=CARTESIAN_POINT('Ctrl Pts',(-0.177556498430684,1.1478057241858,1.16252032412162));
#1660=CARTESIAN_POINT('Ctrl Pts',(-0.00189249703366008,1.1884778592305,
1.16252032412162));
#1661=CARTESIAN_POINT('Ctrl Pts',(0.192539405439399,1.15899231115276,1.16252032412161));
#1662=CARTESIAN_POINT('Ctrl Pts',(0.368902735637701,1.06299003867249,1.16252032412162));
#1663=CARTESIAN_POINT('Ctrl Pts',(0.436517591175438,1.0122670174318,1.16252032412161));
#1664=CARTESIAN_POINT('Ctrl Pts',(0.503860479501922,0.944658917066867,1.16252032412161));
#1665=CARTESIAN_POINT('Ctrl Pts',(0.561880894567847,0.871908036731547,1.16252032412161));
#1666=CARTESIAN_POINT('Ctrl Pts',(0.618315098930953,0.769460440562199,1.16252032412161));
#1667=CARTESIAN_POINT('Ctrl Pts',(0.655120447424534,0.657574050995369,1.16252032412161));
#1668=CARTESIAN_POINT('Ctrl Pts',(0.671271266113559,0.549506989697445,1.16252032412162));
#1669=CARTESIAN_POINT('Ctrl Pts',(0.671168382610047,0.457921287102823,1.16252032412161));
#1670=CARTESIAN_POINT('Ctrl Pts',(0.661312851577168,0.382720592550414,1.16252032412161));
#1671=CARTESIAN_POINT('Ctrl Pts',(0.646206424784554,0.317313358355657,1.16252032412161));
#1672=CARTESIAN_POINT('Ctrl Pts',(0.612473338500338,0.214637306881173,1.16252032412161));
#1673=CARTESIAN_POINT('Ctrl Pts',(0.555915787864125,0.116831970792481,1.16252032412162));
#1674=CARTESIAN_POINT('Ctrl Pts',(0.487486468051309,0.0384036462945843,
1.16252032412161));
#1675=CARTESIAN_POINT('Ctrl Pts',(0.415558517019407,-0.0315658295848743,
1.16252032412162));
#1676=CARTESIAN_POINT('Ctrl Pts',(0.325404824404627,-0.0915905302724633,
1.16252032412161));
#1677=CARTESIAN_POINT('Ctrl Pts',(0.22747116316826,-0.131932137400879,1.16252032412162));
#1678=CARTESIAN_POINT('Ctrl Pts',(0.167457512623158,-0.150175409674415,
1.16252032412161));
#1679=CARTESIAN_POINT('Ctrl Pts',(0.0943261128482606,-0.165758724439269,
1.16252032412162));
#1680=CARTESIAN_POINT('Ctrl Pts',(0.0379300978685436,-0.170560150566027,
1.16252032412161));
#1681=CARTESIAN_POINT('Ctrl Pts',(0.000543132249279223,-0.170590431442121,
1.16252032412161));
#1682=CARTESIAN_POINT('Ctrl Pts',(9.12889360112753E-15,0.0121655600755705,
1.78456552262426));
#1683=CARTESIAN_POINT('Ctrl Pts',(-0.0362660685667678,0.0121655600755704,
1.78456552262426));
#1684=CARTESIAN_POINT('Ctrl Pts',(-0.109864481712154,0.0205557571331413,
1.78456552262427));
#1685=CARTESIAN_POINT('Ctrl Pts',(-0.21321891479586,0.0566236181636644,
1.78456552262426));
#1686=CARTESIAN_POINT('Ctrl Pts',(-0.30699832784303,0.11562551478079,1.78456552262427));
#1687=CARTESIAN_POINT('Ctrl Pts',(-0.381220395432169,0.189811829928099,
1.78456552262426));
#1688=CARTESIAN_POINT('Ctrl Pts',(-0.431423585726357,0.267362718535088,
1.78456552262426));
#1689=CARTESIAN_POINT('Ctrl Pts',(-0.460110860333345,0.333977864665923,
1.78456552262426));
#1690=CARTESIAN_POINT('Ctrl Pts',(-0.48679910039282,0.426767106254744,1.78456552262425));
#1691=CARTESIAN_POINT('Ctrl Pts',(-0.491591150941266,0.511713503488457,
1.78456552262427));
#1692=CARTESIAN_POINT('Ctrl Pts',(-0.480733570397915,0.584153002053028,
1.78456552262426));
#1693=CARTESIAN_POINT('Ctrl Pts',(-0.457668194425222,0.697527747199757,
1.78456552262426));
#1694=CARTESIAN_POINT('Ctrl Pts',(-0.377603600203754,0.835533399698109,
1.78456552262426));
#1695=CARTESIAN_POINT('Ctrl Pts',(-0.250127985162962,0.921960824758746,
1.78456552262426));
#1696=CARTESIAN_POINT('Ctrl Pts',(-0.192096289757261,0.948642107288148,
1.78456552262426));
#1697=CARTESIAN_POINT('Ctrl Pts',(-0.169785389014251,0.957651118151685,
1.78456552262426));
#1698=CARTESIAN_POINT('Ctrl Pts',(-0.129166999932661,0.971259113918609,
1.78456552262426));
#1699=CARTESIAN_POINT('Ctrl Pts',(-0.00137671797933711,1.00084686214821,
1.78456552262426));
#1700=CARTESIAN_POINT('Ctrl Pts',(0.140066591627101,0.979397020853623,1.78456552262426));
#1701=CARTESIAN_POINT('Ctrl Pts',(0.268365608360463,0.909558261195698,1.78456552262426));
#1702=CARTESIAN_POINT('Ctrl Pts',(0.317553378436152,0.872658786708036,1.78456552262426));
#1703=CARTESIAN_POINT('Ctrl Pts',(0.366543284820455,0.823475945080971,1.78456552262426));
#1704=CARTESIAN_POINT('Ctrl Pts',(0.40875138610591,0.77055187649356,1.78456552262426));
#1705=CARTESIAN_POINT('Ctrl Pts',(0.449805564175637,0.69602435121742,1.78456552262426));
#1706=CARTESIAN_POINT('Ctrl Pts',(0.476580343612515,0.614630357987489,1.78456552262426));
#1707=CARTESIAN_POINT('Ctrl Pts',(0.488329579570018,0.53601489253462,1.78456552262427));
#1708=CARTESIAN_POINT('Ctrl Pts',(0.488254729136515,0.469388961506092,1.78456552262426));
#1709=CARTESIAN_POINT('Ctrl Pts',(0.481085140632454,0.414682824297065,1.78456552262426));
#1710=CARTESIAN_POINT('Ctrl Pts',(0.470095652960677,0.367100961154967,1.78456552262426));
#1711=CARTESIAN_POINT('Ctrl Pts',(0.445555877590797,0.292407286728904,1.78456552262426));
#1712=CARTESIAN_POINT('Ctrl Pts',(0.40441191357706,0.221256812381856,1.78456552262426));
#1713=CARTESIAN_POINT('Ctrl Pts',(0.35463174358333,0.164202625056011,1.78456552262426));
#1714=CARTESIAN_POINT('Ctrl Pts',(0.302306097492517,0.113301864766682,1.78456552262426));
#1715=CARTESIAN_POINT('Ctrl Pts',(0.236722484890982,0.0696358055367063,
1.78456552262426));
#1716=CARTESIAN_POINT('Ctrl Pts',(0.165478116812904,0.0402884365389595,
1.78456552262426));
#1717=CARTESIAN_POINT('Ctrl Pts',(0.121820811553942,0.0270170443064095,
1.78456552262426));
#1718=CARTESIAN_POINT('Ctrl Pts',(0.0686177505537676,0.0156806169650971,
1.78456552262426));
#1719=CARTESIAN_POINT('Ctrl Pts',(0.0275958539781854,0.0121877508162968,
1.78456552262426));
#1720=CARTESIAN_POINT('Ctrl Pts',(0.00039511231002967,0.012165720082471,
1.78456552262426));
#1721=CARTESIAN_POINT('',(-2.98712462225518E-17,0.0121655600755714,1.78456552262426));
#1722=CARTESIAN_POINT('',(9.26642839450918E-15,-0.749999992021427,0.));
#1723=CARTESIAN_POINT('Ctrl Pts',(9.12889360112753E-15,0.0121655600755705,
1.78456552262426));
#1724=CARTESIAN_POINT('Ctrl Pts',(9.26012715400502E-15,-0.170590651392007,
1.16252032412161));
#1725=CARTESIAN_POINT('Ctrl Pts',(9.30639717243591E-15,-0.427001507698464,
0.56214948273146));
#1726=CARTESIAN_POINT('Ctrl Pts',(9.26642839450918E-15,-0.749999992021427,
0.));
#1727=CARTESIAN_POINT('',(0.487834471838727,0.500000031914298,1.78456552262426));
#1728=CARTESIAN_POINT('Ctrl Pts',(-9.34090409830362E-13,0.0121655600755705,
1.78456552262426));
#1729=CARTESIAN_POINT('Ctrl Pts',(-0.0362660685667678,0.0121655600755704,
1.78456552262426));
#1730=CARTESIAN_POINT('Ctrl Pts',(-0.109864481712154,0.0205557571331413,
1.78456552262427));
#1731=CARTESIAN_POINT('Ctrl Pts',(-0.21321891479586,0.0566236181636644,
1.78456552262426));
#1732=CARTESIAN_POINT('Ctrl Pts',(-0.30699832784303,0.11562551478079,1.78456552262427));
#1733=CARTESIAN_POINT('Ctrl Pts',(-0.381220395432169,0.189811829928099,
1.78456552262426));
#1734=CARTESIAN_POINT('Ctrl Pts',(-0.431423585726357,0.267362718535088,
1.78456552262426));
#1735=CARTESIAN_POINT('Ctrl Pts',(-0.460110860333345,0.333977864665923,
1.78456552262426));
#1736=CARTESIAN_POINT('Ctrl Pts',(-0.48679910039282,0.426767106254744,1.78456552262425));
#1737=CARTESIAN_POINT('Ctrl Pts',(-0.491591150941266,0.511713503488457,
1.78456552262427));
#1738=CARTESIAN_POINT('Ctrl Pts',(-0.480733570397915,0.584153002053028,
1.78456552262426));
#1739=CARTESIAN_POINT('Ctrl Pts',(-0.457668194425222,0.697527747199757,
1.78456552262426));
#1740=CARTESIAN_POINT('Ctrl Pts',(-0.377603600203754,0.835533399698109,
1.78456552262426));
#1741=CARTESIAN_POINT('Ctrl Pts',(-0.250127985162962,0.921960824758746,
1.78456552262426));
#1742=CARTESIAN_POINT('Ctrl Pts',(-0.192096289757261,0.948642107288148,
1.78456552262426));
#1743=CARTESIAN_POINT('Ctrl Pts',(-0.169785389014251,0.957651118151685,
1.78456552262426));
#1744=CARTESIAN_POINT('Ctrl Pts',(-0.129166999932661,0.971259113918609,
1.78456552262426));
#1745=CARTESIAN_POINT('Ctrl Pts',(-0.00137671797933711,1.00084686214821,
1.78456552262426));
#1746=CARTESIAN_POINT('Ctrl Pts',(0.140066591627101,0.979397020853623,1.78456552262426));
#1747=CARTESIAN_POINT('Ctrl Pts',(0.268365608360463,0.909558261195698,1.78456552262426));
#1748=CARTESIAN_POINT('Ctrl Pts',(0.317553378436152,0.872658786708036,1.78456552262426));
#1749=CARTESIAN_POINT('Ctrl Pts',(0.366543284820455,0.823475945080971,1.78456552262426));
#1750=CARTESIAN_POINT('Ctrl Pts',(0.40875138610591,0.77055187649356,1.78456552262426));
#1751=CARTESIAN_POINT('Ctrl Pts',(0.449805564175637,0.69602435121742,1.78456552262426));
#1752=CARTESIAN_POINT('Ctrl Pts',(0.476580343612515,0.614630357987489,1.78456552262426));
#1753=CARTESIAN_POINT('Ctrl Pts',(0.48650534220184,0.548221070903546,1.78456552262427));
#1754=CARTESIAN_POINT('Ctrl Pts',(0.487838883434046,0.512005748295124,1.78456552262426));
#1755=CARTESIAN_POINT('Ctrl Pts',(0.487835648119678,0.500000031582652,1.78456552262426));
#1756=CARTESIAN_POINT('',(0.000395112310029979,0.0121657200824714,1.78456552262426));
#1757=CARTESIAN_POINT('Ctrl Pts',(0.487835639982572,0.499972690829992,1.78456552262426));
#1758=CARTESIAN_POINT('Ctrl Pts',(0.487831659248283,0.487752672955335,1.78456552262426));
#1759=CARTESIAN_POINT('Ctrl Pts',(0.487366643576181,0.475523993232663,1.78456552262426));
#1760=CARTESIAN_POINT('Ctrl Pts',(0.486442630014436,0.463282785841622,1.78456552262426));
#1761=CARTESIAN_POINT('Ctrl Pts',(0.485068245356932,0.445075122746525,1.78456552262426));
#1762=CARTESIAN_POINT('Ctrl Pts',(0.482678382522245,0.426839743676849,1.78456552262426));
#1763=CARTESIAN_POINT('Ctrl Pts',(0.47924980266222,0.408839672842007,1.78456552262426));
#1764=CARTESIAN_POINT('Ctrl Pts',(0.476964082755537,0.396839625618778,1.78456552262426));
#1765=CARTESIAN_POINT('Ctrl Pts',(0.474216710837593,0.384944159833254,1.78456552262426));
#1766=CARTESIAN_POINT('Ctrl Pts',(0.471058147664065,0.373210346551105,1.78456552262426));
#1767=CARTESIAN_POINT('Ctrl Pts',(0.466320302903772,0.355609626627881,1.78456552262426));
#1768=CARTESIAN_POINT('Ctrl Pts',(0.460657277818415,0.338372624837251,1.78456552262426));
#1769=CARTESIAN_POINT('Ctrl Pts',(0.453998091985335,0.321443112254539,1.78456552262426));
#1770=CARTESIAN_POINT('Ctrl Pts',(0.436240263097121,0.276297745367308,1.78456552262426));
#1771=CARTESIAN_POINT('Ctrl Pts',(0.411398624447318,0.233338968403053,1.78456552262426));
#1772=CARTESIAN_POINT('Ctrl Pts',(0.381079779829761,0.195409730619843,1.78456552262426));
#1773=CARTESIAN_POINT('Ctrl Pts',(0.372552604781073,0.184742132493316,1.78456552262426));
#1774=CARTESIAN_POINT('Ctrl Pts',(0.363592174182201,0.174472378774663,1.78456552262426));
#1775=CARTESIAN_POINT('Ctrl Pts',(0.354206429561752,0.164565555638213,1.78456552262426));
#1776=CARTESIAN_POINT('Ctrl Pts',(0.344820684941303,0.154658732501762,1.78456552262426));
#1777=CARTESIAN_POINT('Ctrl Pts',(0.335009626299275,0.145114839947513,1.78456552262426));
#1778=CARTESIAN_POINT('Ctrl Pts',(0.324791832260549,0.135995128330806,1.78456552262426));
#1779=CARTESIAN_POINT('Ctrl Pts',(0.290732518798129,0.105596089608451,1.78456552262426));
#1780=CARTESIAN_POINT('Ctrl Pts',(0.252153923150167,0.0799101724143477,
1.78456552262426));
#1781=CARTESIAN_POINT('Ctrl Pts',(0.211196858814582,0.0602405116203405,
1.78456552262426));
#1782=CARTESIAN_POINT('Ctrl Pts',(0.194814033080348,0.0523726473027375,
1.78456552262426));
#1783=CARTESIAN_POINT('Ctrl Pts',(0.178050652356095,0.0454673840091501,
1.78456552262426));
#1784=CARTESIAN_POINT('Ctrl Pts',(0.160887533700795,0.0394745243730297,
1.78456552262426));
#1785=CARTESIAN_POINT('Ctrl Pts',(0.14801519470932,0.0349798796459396,1.78456552262426));
#1786=CARTESIAN_POINT('Ctrl Pts',(0.134918003131631,0.0309984619761746,
1.78456552262426));
#1787=CARTESIAN_POINT('Ctrl Pts',(0.121719024717765,0.027590699723628,1.78456552262426));
#1788=CARTESIAN_POINT('Ctrl Pts',(0.108520046303898,0.0241829374710814,
1.78456552262426));
#1789=CARTESIAN_POINT('Ctrl Pts',(0.0952192810538545,0.0213488306357533,
1.78456552262426));
#1790=CARTESIAN_POINT('Ctrl Pts',(0.0817941157120938,0.0190713298401123,
1.78456552262426));
#1791=CARTESIAN_POINT('Ctrl Pts',(0.054943785028573,0.0145163282488302,
1.78456552262426));
#1792=CARTESIAN_POINT('Ctrl Pts',(0.0275958539781853,0.0121877508162968,
1.78456552262426));
#1793=CARTESIAN_POINT('Ctrl Pts',(0.000395112310029655,0.012165720082471,
1.78456552262426));
#1794=CARTESIAN_POINT('',(0.00101241389345275,-0.749999582028609,0.));
#1795=CARTESIAN_POINT('Origin',(0.00680607978996096,-7.90327965926111,4.11011563950505));
#1796=CARTESIAN_POINT('Origin',(0.,0.500000031914298,0.));
#1797=CARTESIAN_POINT('Origin',(0.,0.500000031914298,1.95456051174337));
#1798=CARTESIAN_POINT('',(-0.227872049998482,0.500000031914298,1.99870250578193));
#1799=CARTESIAN_POINT('',(0.227872049998482,0.500000031914298,1.99870250578193));
#1800=CARTESIAN_POINT('Origin',(0.,0.500000031914298,1.99870250578193));
#1801=CARTESIAN_POINT('',(-0.15,0.500000031914298,1.90912095965814));
#1802=CARTESIAN_POINT('',(-0.1895,0.500000031914298,1.95456051174337));
#1803=CARTESIAN_POINT('Origin',(0.,0.500000031914298,1.90912095965814));
#1804=CARTESIAN_POINT('Origin',(0.,0.500000031914298,1.99870250578193));
#1805=CARTESIAN_POINT('Origin',(0.,0.500000031914298,1.2500000638286));
#1806=CARTESIAN_POINT('',(-0.15,0.500000031914298,0.500000063828596));
#1807=CARTESIAN_POINT('',(-0.15,0.500000031914298,1.2500000638286));
#1808=CARTESIAN_POINT('Origin',(0.,0.500000031914298,0.500000063828596));
#1809=CARTESIAN_POINT('Origin',(0.,0.500000031914298,0.500000063828596));
#1810=CARTESIAN_POINT('Ctrl Pts',(0.00101241389345332,-0.74999958202861,
0.));
#1811=CARTESIAN_POINT('Ctrl Pts',(0.000674935238886247,-0.749999855363157,
0.));
#1812=CARTESIAN_POINT('Ctrl Pts',(0.000337463887253371,-0.749999992021425,
0.));
#1813=CARTESIAN_POINT('Ctrl Pts',(6.55643518479423E-17,-0.749999992021425,
0.));
#1814=CARTESIAN_POINT('Ctrl Pts',(0.000750807375988237,-0.427001203647292,
0.56214948273146));
#1815=CARTESIAN_POINT('Ctrl Pts',(0.000500551486183727,-0.427001406337386,
0.56214948273146));
#1816=CARTESIAN_POINT('Ctrl Pts',(0.000250244939164254,-0.427001507698463,
0.56214948273146));
#1817=CARTESIAN_POINT('Ctrl Pts',(-2.9097026103545E-16,-0.427001507698463,
0.56214948273146));
#1818=CARTESIAN_POINT('Ctrl Pts',(0.000543132249279223,-0.170590431442121,
1.16252032412161));
#1819=CARTESIAN_POINT('Ctrl Pts',(0.000362103210239184,-0.170590578063218,
1.16252032412161));
#1820=CARTESIAN_POINT('Ctrl Pts',(0.000181021117612147,-0.170590651392007,
1.16252032412161));
#1821=CARTESIAN_POINT('Ctrl Pts',(-6.35079863274215E-16,-0.170590651392007,
1.16252032412161));
#1822=CARTESIAN_POINT('Ctrl Pts',(0.00039511231002967,0.012165720082471,
1.78456552262426));
#1823=CARTESIAN_POINT('Ctrl Pts',(0.000263405335585472,0.0121656134088614,
1.78456552262426));
#1824=CARTESIAN_POINT('Ctrl Pts',(0.000131701211239609,0.0121655600755705,
1.78456552262426));
#1825=CARTESIAN_POINT('Ctrl Pts',(-9.57280346501057E-16,0.0121655600755705,
1.78456552262426));
#1826=CARTESIAN_POINT('Origin',(0.,0.500000031914298,0.));
#1827=CARTESIAN_POINT('Ctrl Pts',(0.00039511231002967,0.012165720082471,
1.78456552262426));
#1828=CARTESIAN_POINT('Ctrl Pts',(0.000263405335585472,0.0121656134088614,
1.78456552262426));
#1829=CARTESIAN_POINT('Ctrl Pts',(0.000131701211239609,0.0121655600755705,
1.78456552262426));
#1830=CARTESIAN_POINT('Ctrl Pts',(-9.57280346501057E-16,0.0121655600755705,
1.78456552262426));
#1831=CARTESIAN_POINT('Ctrl Pts',(0.227872049998482,0.500000031914298,1.99870250578193));
#1832=CARTESIAN_POINT('Ctrl Pts',(0.227872049998482,0.272127981915816,1.99870250578193));
#1833=CARTESIAN_POINT('Ctrl Pts',(0.,0.272127981915816,1.99870250578193));
#1834=CARTESIAN_POINT('Ctrl Pts',(-0.227872049998482,0.272127981915816,
1.99870250578193));
#1835=CARTESIAN_POINT('Ctrl Pts',(-0.227872049998482,0.500000031914298,
1.99870250578193));
#1836=CARTESIAN_POINT('Ctrl Pts',(-0.227872049998482,0.72787208191278,1.99870250578193));
#1837=CARTESIAN_POINT('Ctrl Pts',(0.,0.72787208191278,1.99870250578193));
#1838=CARTESIAN_POINT('Ctrl Pts',(0.227872049998482,0.72787208191278,1.99870250578193));
#1839=CARTESIAN_POINT('Ctrl Pts',(0.227872049998482,0.500000031914298,1.99870250578193));
#1840=CARTESIAN_POINT('Ctrl Pts',(0.430475529361178,0.500000031914298,1.97979749024293));
#1841=CARTESIAN_POINT('Ctrl Pts',(0.430475529361178,0.0695245025531197,
1.97979749024293));
#1842=CARTESIAN_POINT('Ctrl Pts',(0.,0.0695245025531196,1.97979749024293));
#1843=CARTESIAN_POINT('Ctrl Pts',(-0.430475529361178,0.0695245025531197,
1.97979749024293));
#1844=CARTESIAN_POINT('Ctrl Pts',(-0.430475529361178,0.500000031914298,
1.97979749024293));
#1845=CARTESIAN_POINT('Ctrl Pts',(-0.430475529361178,0.930475561275476,
1.97979749024293));
#1846=CARTESIAN_POINT('Ctrl Pts',(0.,0.930475561275476,1.97979749024293));
#1847=CARTESIAN_POINT('Ctrl Pts',(0.430475529361178,0.930475561275476,1.97979749024293));
#1848=CARTESIAN_POINT('Ctrl Pts',(0.430475529361178,0.500000031914298,1.97979749024293));
#1849=CARTESIAN_POINT('Ctrl Pts',(0.487834471838727,0.500000031914298,1.78456552262426));
#1850=CARTESIAN_POINT('Ctrl Pts',(0.487834471838727,0.0121655600755712,
1.78456552262426));
#1851=CARTESIAN_POINT('Ctrl Pts',(0.,0.0121655600755712,1.78456552262426));
#1852=CARTESIAN_POINT('Ctrl Pts',(-0.487834471838727,0.0121655600755712,
1.78456552262426));
#1853=CARTESIAN_POINT('Ctrl Pts',(-0.487834471838727,0.500000031914298,
1.78456552262426));
#1854=CARTESIAN_POINT('Ctrl Pts',(-0.487834471838727,0.987834503753025,
1.78456552262426));
#1855=CARTESIAN_POINT('Ctrl Pts',(0.,0.987834503753025,1.78456552262426));
#1856=CARTESIAN_POINT('Ctrl Pts',(0.487834471838727,0.987834503753025,1.78456552262426));
#1857=CARTESIAN_POINT('Ctrl Pts',(0.487834471838727,0.500000031914298,1.78456552262426));
#1858=CARTESIAN_POINT('Origin',(0.200000000000001,0.500000031914298,1.7000000638286));
#1859=CARTESIAN_POINT('Origin',(0.,0.500000031914298,0.));
#1860=CARTESIAN_POINT('Ctrl Pts',(0.219300254759672,3.06062733012916,4.77008885339903));
#1861=CARTESIAN_POINT('Ctrl Pts',(0.219670202476391,3.06250168086729,4.77677230454822));
#1862=CARTESIAN_POINT('Ctrl Pts',(0.221912866213862,3.0654667690199,4.78787541542401));
#1863=CARTESIAN_POINT('Ctrl Pts',(0.228662314987742,3.06826171988558,4.79989689758447));
#1864=CARTESIAN_POINT('Ctrl Pts',(0.235670286178125,3.06931317166993,4.80597592134662));
#1865=CARTESIAN_POINT('Ctrl Pts',(0.240160477985869,3.06928365683176,4.80745026677551));
#1866=CARTESIAN_POINT('Ctrl Pts',(0.242438902583151,3.06906266122486,4.80748964283083));
#1867=CARTESIAN_POINT('Ctrl Pts',(0.215120650485317,3.06104582300536,4.77020561022393));
#1868=CARTESIAN_POINT('Ctrl Pts',(0.215067398396572,3.06307769267516,4.77730716623586));
#1869=CARTESIAN_POINT('Ctrl Pts',(0.216723399574288,3.06636395289024,4.78927064834142));
#1870=CARTESIAN_POINT('Ctrl Pts',(0.223418098019602,3.06976057897399,4.80334274368165));
#1871=CARTESIAN_POINT('Ctrl Pts',(0.231930131172104,3.07133709093432,4.81175015131205));
#1872=CARTESIAN_POINT('Ctrl Pts',(0.238787022962647,3.07140012330466,4.81436756471895));
#1873=CARTESIAN_POINT('Ctrl Pts',(0.24251008548565,3.07104682273622,4.81446244559987));
#1874=CARTESIAN_POINT('Ctrl Pts',(0.206921334736914,3.06359990757797,4.76994871784973));
#1875=CARTESIAN_POINT('Ctrl Pts',(0.206054776891224,3.06632336220578,4.77777944126742));
#1876=CARTESIAN_POINT('Ctrl Pts',(0.206591689173193,3.07090483632983,4.79123934982184));
#1877=CARTESIAN_POINT('Ctrl Pts',(0.213288801062447,3.0766970004038,4.80907109675155));
#1878=CARTESIAN_POINT('Ctrl Pts',(0.224912359894038,3.080249996797,4.82187899778977));
#1879=CARTESIAN_POINT('Ctrl Pts',(0.236558573025512,3.08084425215542,4.82668562860454));
#1880=CARTESIAN_POINT('Ctrl Pts',(0.24318915705716,3.08027583110196,4.82687796206604));
#1881=CARTESIAN_POINT('Ctrl Pts',(0.198045692326169,3.07121948268458,4.76830941313378));
#1882=CARTESIAN_POINT('Ctrl Pts',(0.196765709152875,3.07562063102592,4.77668902532846));
#1883=CARTESIAN_POINT('Ctrl Pts',(0.197191887192733,3.0832599026238,4.79120300505659));
#1884=CARTESIAN_POINT('Ctrl Pts',(0.20588793237876,3.09354564954275,4.81096899356301));
#1885=CARTESIAN_POINT('Ctrl Pts',(0.221251521919091,3.10015599627398,4.82554962927619));
#1886=CARTESIAN_POINT('Ctrl Pts',(0.236490874276327,3.10163825055737,4.83107652699924));
#1887=CARTESIAN_POINT('Ctrl Pts',(0.24512304088457,3.10099927415169,4.83122592725047));
#1888=CARTESIAN_POINT('Ctrl Pts',(0.193105112187123,3.08035834000904,4.76602372309975));
#1889=CARTESIAN_POINT('Ctrl Pts',(0.192320867194354,3.08641211033558,4.77451361470284));
#1890=CARTESIAN_POINT('Ctrl Pts',(0.19434097998995,3.09675631372512,4.78905980505626));
#1891=CARTESIAN_POINT('Ctrl Pts',(0.20665426596943,3.10957256947025,4.80741109287587));
#1892=CARTESIAN_POINT('Ctrl Pts',(0.224068272889579,3.11699762719467,4.81941890955365));
#1893=CARTESIAN_POINT('Ctrl Pts',(0.238831264799271,3.11857401098407,4.82340101179656));
#1894=CARTESIAN_POINT('Ctrl Pts',(0.246909043132563,3.11801051865986,4.82337423937659));
#1895=CARTESIAN_POINT('Ctrl Pts',(0.19203000940242,3.08642947256035,4.76438167790777));
#1896=CARTESIAN_POINT('Ctrl Pts',(0.192017524229532,3.09332343330408,4.77276288865971));
#1897=CARTESIAN_POINT('Ctrl Pts',(0.195857173181095,3.10478154971826,4.78687727584256));
#1898=CARTESIAN_POINT('Ctrl Pts',(0.210832861568926,3.11742667417439,4.80303626504015));
#1899=CARTESIAN_POINT('Ctrl Pts',(0.228397036198234,3.12374243122827,4.81193260223999));
#1900=CARTESIAN_POINT('Ctrl Pts',(0.241037089186275,3.12481955901242,4.81423741460812));
#1901=CARTESIAN_POINT('Ctrl Pts',(0.247683607667948,3.1243322630674,4.81407985445391));
#1902=CARTESIAN_POINT('Ctrl Pts',(0.191993676518432,3.08946436682674,4.7635327708745));
#1903=CARTESIAN_POINT('Ctrl Pts',(0.192474964888709,3.09668979792499,4.771826038651));
#1904=CARTESIAN_POINT('Ctrl Pts',(0.197396985102932,3.10846469804549,4.78565393634577));
#1905=CARTESIAN_POINT('Ctrl Pts',(0.213654794615869,3.12047643260911,4.80052350050388));
#1906=CARTESIAN_POINT('Ctrl Pts',(0.23095423926003,3.12581767572458,4.80771821647023));
#1907=CARTESIAN_POINT('Ctrl Pts',(0.242193218833867,3.12651316712356,4.8091469593486));
#1908=CARTESIAN_POINT('Ctrl Pts',(0.247940947832652,3.12606324290657,4.80893169192576));
#1909=CARTESIAN_POINT('',(0.242438902583151,3.06906266122486,4.80748964283083));
#1910=CARTESIAN_POINT('',(0.247940947832652,3.12606324290657,4.80893169192576));
#1911=CARTESIAN_POINT('Origin',(0.245365234107993,3.09777170258718,4.79929040336223));
#1912=CARTESIAN_POINT('',(0.19199367651844,3.08946436682656,4.76353277087466));
#1913=CARTESIAN_POINT('Ctrl Pts',(0.247940947832652,3.12606324290657,4.80893169192576));
#1914=CARTESIAN_POINT('Ctrl Pts',(0.242193218833867,3.12651316712356,4.8091469593486));
#1915=CARTESIAN_POINT('Ctrl Pts',(0.23095423926003,3.12581767572458,4.80771821647023));
#1916=CARTESIAN_POINT('Ctrl Pts',(0.213654794615869,3.12047643260911,4.80052350050388));
#1917=CARTESIAN_POINT('Ctrl Pts',(0.197396985102932,3.10846469804549,4.78565393634577));
#1918=CARTESIAN_POINT('Ctrl Pts',(0.192474964888709,3.09668979792499,4.771826038651));
#1919=CARTESIAN_POINT('Ctrl Pts',(0.191993676518432,3.08946436682674,4.7635327708745));
#1920=CARTESIAN_POINT('',(0.219300254759672,3.06062733012916,4.77008885339903));
#1921=CARTESIAN_POINT('Origin',(0.221948149124443,3.08936173612758,4.76188382034906));
#1922=CARTESIAN_POINT('Ctrl Pts',(0.219300254759672,3.06062733012916,4.77008885339903));
#1923=CARTESIAN_POINT('Ctrl Pts',(0.219670202476391,3.06250168086729,4.77677230454822));
#1924=CARTESIAN_POINT('Ctrl Pts',(0.221912866213862,3.0654667690199,4.78787541542401));
#1925=CARTESIAN_POINT('Ctrl Pts',(0.228662314987742,3.06826171988558,4.79989689758447));
#1926=CARTESIAN_POINT('Ctrl Pts',(0.235670286178125,3.06931317166993,4.80597592134662));
#1927=CARTESIAN_POINT('Ctrl Pts',(0.240160477985869,3.06928365683176,4.80745026677551));
#1928=CARTESIAN_POINT('Ctrl Pts',(0.242438902583151,3.06906266122486,4.80748964283083));
#1929=CARTESIAN_POINT('Ctrl Pts',(0.191993676518429,3.0894643668266,4.76353277087446));
#1930=CARTESIAN_POINT('Ctrl Pts',(0.168771629224908,2.97321319067489,4.34892164124396));
#1931=CARTESIAN_POINT('Ctrl Pts',(0.133942463012595,2.79856078584154,3.72709303510213));
#1932=CARTESIAN_POINT('Ctrl Pts',(0.0931612121286901,2.60542929563274,2.99829030628177));
#1933=CARTESIAN_POINT('Ctrl Pts',(0.0698278099105391,2.50286258130062,2.58080460652406));
#1934=CARTESIAN_POINT('Ctrl Pts',(0.0579350136037557,2.45499833407867,2.36774175556576));
#1935=CARTESIAN_POINT('Ctrl Pts',(0.042236880622089,2.39783877953672,2.08613053547465));
#1936=CARTESIAN_POINT('Ctrl Pts',(0.0300854999650866,2.35975060018616,1.86776183550542));
#1937=CARTESIAN_POINT('Ctrl Pts',(0.0156272224619086,2.34218477564496,1.60620924317167));
#1938=CARTESIAN_POINT('Ctrl Pts',(0.00841310002544196,2.34180399243452,
1.47518278147688));
#1939=CARTESIAN_POINT('Ctrl Pts',(0.00123522197105818,2.35281122149417,
1.34410593724594));
#1940=CARTESIAN_POINT('Ctrl Pts',(-0.00346025205487844,2.37033325339279,
1.25771841726271));
#1941=CARTESIAN_POINT('Ctrl Pts',(-0.00778104750497521,2.39032361762402,
1.17798359685681));
#1942=CARTESIAN_POINT('Ctrl Pts',(-0.0117429983897681,2.41162876737898,
1.10468563564127));
#1943=CARTESIAN_POINT('Ctrl Pts',(-0.0176878901298362,2.44705915891944,
0.994486851732925));
#1944=CARTESIAN_POINT('Ctrl Pts',(-0.0236545081396431,2.47598408280878,
0.884298293565419));
#1945=CARTESIAN_POINT('Ctrl Pts',(-0.0279440884555444,2.47739196652291,
0.806287094216235));
#1946=CARTESIAN_POINT('Ctrl Pts',(-0.0330941621258281,2.46043967750598,
0.713787099186336));
#1947=CARTESIAN_POINT('Ctrl Pts',(-0.0360068264677197,2.43518873603643,
0.662447898184215));
#1948=CARTESIAN_POINT('Ctrl Pts',(-0.0385201695095514,2.40127638613915,
0.618901766256705));
#1949=CARTESIAN_POINT('Ctrl Pts',(0.192090564209099,3.08137131544958,4.76579652296316));
#1950=CARTESIAN_POINT('Ctrl Pts',(0.168869058135331,2.96506934978798,4.35119838615133));
#1951=CARTESIAN_POINT('Ctrl Pts',(0.134039369255224,2.79033297281189,3.7293655117684));
#1952=CARTESIAN_POINT('Ctrl Pts',(0.0932513015293412,2.59706855598924,3.00044722304975));
#1953=CARTESIAN_POINT('Ctrl Pts',(0.0699088615553026,2.49440372198519,2.58280345237564));
#1954=CARTESIAN_POINT('Ctrl Pts',(0.05800817334043,2.44647356496601,2.3696013409771));
#1955=CARTESIAN_POINT('Ctrl Pts',(0.0422923517952251,2.38920852260872,2.08767535989363));
#1956=CARTESIAN_POINT('Ctrl Pts',(0.0301243417646796,2.35101505034047,1.86901112781413));
#1957=CARTESIAN_POINT('Ctrl Pts',(0.0156157419778648,2.33331890540449,1.60655250308556));
#1958=CARTESIAN_POINT('Ctrl Pts',(0.00836522004955622,2.33289517615011,
1.47486748918922));
#1959=CARTESIAN_POINT('Ctrl Pts',(0.00113703186765211,2.34392671448681,
1.34287520923632));
#1960=CARTESIAN_POINT('Ctrl Pts',(-0.00359738119007033,2.36155614006822,
1.25577364718115));
#1961=CARTESIAN_POINT('Ctrl Pts',(-0.00794208937518903,2.38163842468572,
1.17559871216389));
#1962=CARTESIAN_POINT('Ctrl Pts',(-0.011922586103249,2.40301207148522,1.10195958798136));
#1963=CARTESIAN_POINT('Ctrl Pts',(-0.0178658806173492,2.43843888207501,
0.991790041807094));
#1964=CARTESIAN_POINT('Ctrl Pts',(-0.0237716601043063,2.46701052369931,
0.882728651158126));
#1965=CARTESIAN_POINT('Ctrl Pts',(-0.0279473427884645,2.46835565215774,
0.806790397026556));
#1966=CARTESIAN_POINT('Ctrl Pts',(-0.0329474399752632,2.45199981252042,
0.716977718796699));
#1967=CARTESIAN_POINT('Ctrl Pts',(-0.0357861541123981,2.42749830793631,
0.666935235990935));
#1968=CARTESIAN_POINT('Ctrl Pts',(-0.0382476045839615,2.39434423048578,
0.624284578197163));
#1969=CARTESIAN_POINT('Ctrl Pts',(0.198808140935561,3.06730698304449,4.76936371929182));
#1970=CARTESIAN_POINT('Ctrl Pts',(0.175673130384301,2.95092103702598,4.35478491700163));
#1971=CARTESIAN_POINT('Ctrl Pts',(0.140975905561693,2.77604069899689,3.73293229588645));
#1972=CARTESIAN_POINT('Ctrl Pts',(0.100340751209208,2.58255314496416,3.00380427683644));
#1973=CARTESIAN_POINT('Ctrl Pts',(0.0770817872102274,2.47972054152506,2.58588096533236));
#1974=CARTESIAN_POINT('Ctrl Pts',(0.0652209969467846,2.43168018847385,2.37242927876146));
#1975=CARTESIAN_POINT('Ctrl Pts',(0.0495522855506939,2.37423296148096,2.08995780993011));
#1976=CARTESIAN_POINT('Ctrl Pts',(0.037417958314879,2.33585884422277,1.87078639684049));
#1977=CARTESIAN_POINT('Ctrl Pts',(0.0229294276210745,2.3179448596795,1.60673640921451));
#1978=CARTESIAN_POINT('Ctrl Pts',(0.0156819933021996,2.31744891756013,1.47391875963842));
#1979=CARTESIAN_POINT('Ctrl Pts',(0.0084486171710742,2.32852381245147,1.34033053009412));
#1980=CARTESIAN_POINT('Ctrl Pts',(0.00370792313103434,2.34635156541237,
1.25199576076735));
#1981=CARTESIAN_POINT('Ctrl Pts',(-0.000633815576848716,2.36658446023665,
1.17105509738069));
#1982=CARTESIAN_POINT('Ctrl Pts',(-0.00460832950849247,2.38808499566663,
1.09682569788191));
#1983=CARTESIAN_POINT('Ctrl Pts',(-0.0105210278328956,2.42350624676354,
0.986708972641162));
#1984=CARTESIAN_POINT('Ctrl Pts',(-0.0163514406794584,2.4514464005476,0.879578845016319));
#1985=CARTESIAN_POINT('Ctrl Pts',(-0.02043277475838,2.45269899083577,0.807259209524486));
#1986=CARTESIAN_POINT('Ctrl Pts',(-0.02533648572334,2.4373507118515,0.722073011748081));
#1987=CARTESIAN_POINT('Ctrl Pts',(-0.0281491736584635,2.41417480363473,
0.674303639540842));
#1988=CARTESIAN_POINT('Ctrl Pts',(-0.0305902982028251,2.38231167802556,
0.633213194224954));
#1989=CARTESIAN_POINT('Ctrl Pts',(0.213030848348157,3.06125506944346,4.77026398863636));
#1990=CARTESIAN_POINT('Ctrl Pts',(0.190036610926715,2.94492552486694,4.35566197879195));
#1991=CARTESIAN_POINT('Ctrl Pts',(0.155555593546693,2.77012886800991,3.73375058058515));
#1992=CARTESIAN_POINT('Ctrl Pts',(0.115178647347929,2.5767318262277,3.00447880445832));
#1993=CARTESIAN_POINT('Ctrl Pts',(0.0920705569317276,2.47394241967462,2.58641204089371));
#1994=CARTESIAN_POINT('Ctrl Pts',(0.0802887753998109,2.42591900288657,2.37284546385456));
#1995=CARTESIAN_POINT('Ctrl Pts',(0.0647304278665857,2.36848840283392,2.09014300828257));
#1996=CARTESIAN_POINT('Ctrl Pts',(0.0526826837185652,2.33011582173102,1.87075997438148));
#1997=CARTESIAN_POINT('Ctrl Pts',(0.0383285557967215,2.31224446336201,1.60610209477538));
#1998=CARTESIAN_POINT('Ctrl Pts',(0.0311604838367887,2.31179805618323,1.47286676874808));
#1999=CARTESIAN_POINT('Ctrl Pts',(0.024022319730135,2.32298261338759,1.33870432645848));
#2000=CARTESIAN_POINT('Ctrl Pts',(0.0193520867999454,2.34095146299632,1.24994447397445));
#2001=CARTESIAN_POINT('Ctrl Pts',(0.015063978992457,2.36128499551639,1.16874549898311));
#2002=CARTESIAN_POINT('Ctrl Pts',(0.0111369174836616,2.38287316763496,1.09431972642131));
#2003=CARTESIAN_POINT('Ctrl Pts',(0.00526778329989913,2.41832245352918,
0.98423348976836));
#2004=CARTESIAN_POINT('Ctrl Pts',(-0.000572293478667819,2.4460097954183,
0.877750874667822));
#2005=CARTESIAN_POINT('Ctrl Pts',(-0.00474173921968369,2.44711196073328,
0.806699677881319));
#2006=CARTESIAN_POINT('Ctrl Pts',(-0.0098011263415834,2.43193507366264,
0.723213614337734));
#2007=CARTESIAN_POINT('Ctrl Pts',(-0.0127226269855416,2.40914457729925,
0.676356424458165));
#2008=CARTESIAN_POINT('Ctrl Pts',(-0.0152363749116113,2.37770723558815,
0.635912809128666));
#2009=CARTESIAN_POINT('Ctrl Pts',(0.219300254759672,3.06062733012916,4.77008885339903));
#2010=CARTESIAN_POINT('Ctrl Pts',(0.196349939580468,2.94434889873346,4.35546996690613));
#2011=CARTESIAN_POINT('Ctrl Pts',(0.161935503671683,2.76963215786726,3.73353014974647));
#2012=CARTESIAN_POINT('Ctrl Pts',(0.121636964773011,2.57633446406694,3.00421978442859));
#2013=CARTESIAN_POINT('Ctrl Pts',(0.0985748965638877,2.47360510977544,2.58612833172818));
#2014=CARTESIAN_POINT('Ctrl Pts',(0.0868174867795848,2.42561409143426,2.37254739980394));
#2015=CARTESIAN_POINT('Ctrl Pts',(0.0712941421764249,2.36823085385746,2.08982352285278));
#2016=CARTESIAN_POINT('Ctrl Pts',(0.0592741174840689,2.32989633805824,1.87042193028475));
#2017=CARTESIAN_POINT('Ctrl Pts',(0.0449666145083108,2.31209373580291,1.60574070475123));
#2018=CARTESIAN_POINT('Ctrl Pts',(0.037827122215885,2.31169066470768,1.4724954056945));
#2019=CARTESIAN_POINT('Ctrl Pts',(0.0307242130740969,2.32292956957913,1.33832888548631));
#2020=CARTESIAN_POINT('Ctrl Pts',(0.0260803165934391,2.34093829659361,1.24957555924223));
#2021=CARTESIAN_POINT('Ctrl Pts',(0.0218111928101078,2.36129973468007,1.16838447477346));
#2022=CARTESIAN_POINT('Ctrl Pts',(0.017900496885291,2.38291180471526,1.09396604057778));
#2023=CARTESIAN_POINT('Ctrl Pts',(0.0120430841314322,2.41837822479365,0.983886668320789));
#2024=CARTESIAN_POINT('Ctrl Pts',(0.00618976335214983,2.4460501536508,0.87738531863828));
#2025=CARTESIAN_POINT('Ctrl Pts',(0.00197668485078589,2.44708352519814,
0.806324441759915));
#2026=CARTESIAN_POINT('Ctrl Pts',(-0.00315091455068812,2.43180185764184,
0.722876243205271));
#2027=CARTESIAN_POINT('Ctrl Pts',(-0.00611494977456653,2.40896054478269,
0.676078434823908));
#2028=CARTESIAN_POINT('Ctrl Pts',(-0.0086575682284763,2.37750723759932,
0.635688853617741));
#2029=CARTESIAN_POINT('',(-0.0086575682284763,2.37750723759932,0.635688853617741));
#2030=CARTESIAN_POINT('Ctrl Pts',(-0.0086575682284763,2.37750723759932,
0.635688853617741));
#2031=CARTESIAN_POINT('Ctrl Pts',(-0.00611494977456653,2.40896054478269,
0.676078434823908));
#2032=CARTESIAN_POINT('Ctrl Pts',(-0.00315091455068812,2.43180185764184,
0.722876243205271));
#2033=CARTESIAN_POINT('Ctrl Pts',(0.00197668485078589,2.44708352519814,
0.806324441759915));
#2034=CARTESIAN_POINT('Ctrl Pts',(0.00618976335214983,2.4460501536508,0.87738531863828));
#2035=CARTESIAN_POINT('Ctrl Pts',(0.0120430841314322,2.41837822479365,0.983886668320789));
#2036=CARTESIAN_POINT('Ctrl Pts',(0.017900496885291,2.38291180471526,1.09396604057778));
#2037=CARTESIAN_POINT('Ctrl Pts',(0.0218111928101078,2.36129973468007,1.16838447477346));
#2038=CARTESIAN_POINT('Ctrl Pts',(0.0260803165934391,2.34093829659361,1.24957555924223));
#2039=CARTESIAN_POINT('Ctrl Pts',(0.0307242130740969,2.32292956957913,1.33832888548631));
#2040=CARTESIAN_POINT('Ctrl Pts',(0.037827122215885,2.31169066470768,1.4724954056945));
#2041=CARTESIAN_POINT('Ctrl Pts',(0.0449666145083108,2.31209373580291,1.60574070475123));
#2042=CARTESIAN_POINT('Ctrl Pts',(0.0592741174840689,2.32989633805824,1.87042193028475));
#2043=CARTESIAN_POINT('Ctrl Pts',(0.0712941421764249,2.36823085385746,2.08982352285278));
#2044=CARTESIAN_POINT('Ctrl Pts',(0.0868174867795848,2.42561409143426,2.37254739980394));
#2045=CARTESIAN_POINT('Ctrl Pts',(0.0985748965638877,2.47360510977544,2.58612833172818));
#2046=CARTESIAN_POINT('Ctrl Pts',(0.121636964773011,2.57633446406694,3.00421978442859));
#2047=CARTESIAN_POINT('Ctrl Pts',(0.161935503671683,2.76963215786726,3.73353014974647));
#2048=CARTESIAN_POINT('Ctrl Pts',(0.196349939580468,2.94434889873346,4.35546996690613));
#2049=CARTESIAN_POINT('Ctrl Pts',(0.219300254759672,3.06062733012916,4.77008885339903));
#2050=CARTESIAN_POINT('',(-0.00744980107731216,2.38915943901578,1.1840734051033));
#2051=CARTESIAN_POINT('Ctrl Pts',(0.191993676518429,3.0894643668266,4.76353277087446));
#2052=CARTESIAN_POINT('Ctrl Pts',(0.168771629224908,2.97321319067489,4.34892164124396));
#2053=CARTESIAN_POINT('Ctrl Pts',(0.133942463012595,2.79856078584154,3.72709303510213));
#2054=CARTESIAN_POINT('Ctrl Pts',(0.0931612121286901,2.60542929563274,2.99829030628177));
#2055=CARTESIAN_POINT('Ctrl Pts',(0.0698278099105391,2.50286258130062,2.58080460652406));
#2056=CARTESIAN_POINT('Ctrl Pts',(0.0579350136037557,2.45499833407867,2.36774175556576));
#2057=CARTESIAN_POINT('Ctrl Pts',(0.042236880622089,2.39783877953672,2.08613053547465));
#2058=CARTESIAN_POINT('Ctrl Pts',(0.0300854999650866,2.35975060018616,1.86776183550542));
#2059=CARTESIAN_POINT('Ctrl Pts',(0.0156272224619086,2.34218477564496,1.60620924317167));
#2060=CARTESIAN_POINT('Ctrl Pts',(0.00841310002544196,2.34180399243452,
1.47518278147688));
#2061=CARTESIAN_POINT('Ctrl Pts',(0.00123522197105818,2.35281122149417,
1.34410593724594));
#2062=CARTESIAN_POINT('Ctrl Pts',(-0.00346025205487844,2.37033325339279,
1.25771841726271));
#2063=CARTESIAN_POINT('Ctrl Pts',(-0.00633257886017588,2.38362220902427,
1.20471325545568));
#2064=CARTESIAN_POINT('Ctrl Pts',(-0.00689235182123698,2.38632828467432,
1.19437611677219));
#2065=CARTESIAN_POINT('Ctrl Pts',(-0.00745046648335054,2.3891230587498,
1.1840635817917));
#2066=CARTESIAN_POINT('',(-0.0074497730711431,2.38909739163604,1.18407671877881));
#2067=CARTESIAN_POINT('Ctrl Pts',(-0.00744980107817678,2.38915943902539,
1.18407340508699));
#2068=CARTESIAN_POINT('Ctrl Pts',(-0.00744980107817678,2.38913873671453,
1.18407469359905));
#2069=CARTESIAN_POINT('Ctrl Pts',(-0.0074497917695836,2.3891180540753,1.18407579870404));
#2070=CARTESIAN_POINT('Ctrl Pts',(-0.00744977307114306,2.38909739163604,
1.18407671877881));
#2071=CARTESIAN_POINT('Ctrl Pts',(-0.0074497730711431,2.38909739163604,
1.18407671877881));
#2072=CARTESIAN_POINT('Ctrl Pts',(-0.00744958361102731,2.38888803149574,
1.18408604134623));
#2073=CARTESIAN_POINT('Ctrl Pts',(-0.00744946403335349,2.38868415271581,
1.18405731382484));
#2074=CARTESIAN_POINT('Ctrl Pts',(-0.00744938551906992,2.38829218776386,
1.18391372155765));
#2075=CARTESIAN_POINT('Ctrl Pts',(-0.00744942790227146,2.3881170351292,
1.18380432967255));
#2076=CARTESIAN_POINT('Ctrl Pts',(-0.0074496749654931,2.38773566697422,
1.18347557785433));
#2077=CARTESIAN_POINT('Ctrl Pts',(-0.00744993875122458,2.38755069884202,
1.18323188274792));
#2078=CARTESIAN_POINT('Ctrl Pts',(-0.00745087316287329,2.38708608759231,
1.18246024187016));
#2079=CARTESIAN_POINT('Ctrl Pts',(-0.00745177462730874,2.38686465764676,
1.18182474783262));
#2080=CARTESIAN_POINT('Ctrl Pts',(-0.00745516565650925,2.38624367564998,
1.17953394075368));
#2081=CARTESIAN_POINT('Ctrl Pts',(-0.00745880120418474,2.38606213150514,
1.17730539564419));
#2082=CARTESIAN_POINT('Ctrl Pts',(-0.00747913409255559,2.38567764918049,
1.16510394660489));
#2083=CARTESIAN_POINT('Ctrl Pts',(-0.00750762148107292,2.38800795473817,
1.14909370147871));
#2084=CARTESIAN_POINT('Ctrl Pts',(-0.0076295782023493,2.39892384002891,
1.08003136910373));
#2085=CARTESIAN_POINT('Ctrl Pts',(-0.00776784132190612,2.42412535586621,
0.997510147014717));
#2086=CARTESIAN_POINT('Ctrl Pts',(-0.00795695706815351,2.44717264768409,
0.877618405741138));
#2087=CARTESIAN_POINT('Ctrl Pts',(-0.00802797325301713,2.4514285466768,
0.830718750662839));
#2088=CARTESIAN_POINT('Ctrl Pts',(-0.00821755875172121,2.43999759027493,
0.758383084608693));
#2089=CARTESIAN_POINT('Ctrl Pts',(-0.00829859391578425,2.43275882869858,
0.734102458786444));
#2090=CARTESIAN_POINT('Ctrl Pts',(-0.00847582154931751,2.41135671471752,
0.684913912777646));
#2091=CARTESIAN_POINT('Ctrl Pts',(-0.00856958747794132,2.39667657360452,
0.660693091484889));
#2092=CARTESIAN_POINT('Ctrl Pts',(-0.00865167367217368,2.37881348602508,
0.637372746951384));
#2093=CARTESIAN_POINT('Ctrl Pts',(-0.0086546312084251,2.37816206453918,
0.636529475847869));
#2094=CARTESIAN_POINT('Ctrl Pts',(-0.0086575682284748,2.37750723759932,
0.635688853617741));
#2095=CARTESIAN_POINT('Ctrl Pts',(0.0213950682860051,2.4012690349381,0.618783655721124));
#2096=CARTESIAN_POINT('Ctrl Pts',(0.0190599960001703,2.43523196983434,0.66237056324505));
#2097=CARTESIAN_POINT('Ctrl Pts',(0.0163453846817034,2.46053606167949,0.713924528160334));
#2098=CARTESIAN_POINT('Ctrl Pts',(0.0116089261861659,2.47713692599748,0.805590672061889));
#2099=CARTESIAN_POINT('Ctrl Pts',(0.00768069055403922,2.47619420999139,
0.882530631610026));
#2100=CARTESIAN_POINT('Ctrl Pts',(0.00216739591260376,2.44770523226201,
0.99220698105571));
#2101=CARTESIAN_POINT('Ctrl Pts',(-0.00338650658941819,2.41206509539145,
1.1031231736211));
#2102=CARTESIAN_POINT('Ctrl Pts',(-0.00712612639191665,2.39035464328437,
1.17766423116948));
#2103=CARTESIAN_POINT('Ctrl Pts',(-0.0111816417054292,2.37014836023233,
1.25829420383604));
#2104=CARTESIAN_POINT('Ctrl Pts',(-0.0155573786213371,2.35261761981584,
1.3450248532167));
#2105=CARTESIAN_POINT('Ctrl Pts',(-0.0244809865466608,2.33790782642306,
1.52058837730266));
#2106=CARTESIAN_POINT('Ctrl Pts',(-0.0403197426686397,2.352590848351,1.82966200044722));
#2107=CARTESIAN_POINT('Ctrl Pts',(-0.0537810520515188,2.39828335917258,
2.09027550200601));
#2108=CARTESIAN_POINT('Ctrl Pts',(-0.0736455856297139,2.47643447010551,
2.4741891908503));
#2109=CARTESIAN_POINT('Ctrl Pts',(-0.106205972489523,2.62804240977866,3.10200724054906));
#2110=CARTESIAN_POINT('Ctrl Pts',(-0.149420736119903,2.85669241451737,3.93355184132877));
#2111=CARTESIAN_POINT('Ctrl Pts',(-0.181777675738971,3.03121902693551,4.55596167416839));
#2112=CARTESIAN_POINT('Ctrl Pts',(-0.192562709194891,3.08948553500844,4.763413957496));
#2113=CARTESIAN_POINT('Ctrl Pts',(0.0211405155741772,2.39430128032866,0.624199295659816));
#2114=CARTESIAN_POINT('Ctrl Pts',(0.0188541299106433,2.42751964701967,0.66687967710455));
#2115=CARTESIAN_POINT('Ctrl Pts',(0.0162103107650368,2.45210129742011,0.717093100994116));
#2116=CARTESIAN_POINT('Ctrl Pts',(0.0116111361979406,2.4681469562187,0.806106954735903));
#2117=CARTESIAN_POINT('Ctrl Pts',(0.0077867940882152,2.46725723435567,0.88101026858268));
#2118=CARTESIAN_POINT('Ctrl Pts',(0.00233183766148863,2.43910182376302,
0.989524093091967));
#2119=CARTESIAN_POINT('Ctrl Pts',(-0.00321992407330056,2.40346515393779,
1.10039817193995));
#2120=CARTESIAN_POINT('Ctrl Pts',(-0.00697662557803864,2.38167922293929,
1.17527824105334));
#2121=CARTESIAN_POINT('Ctrl Pts',(-0.0110547538567796,2.36138201032923,
1.25635644179642));
#2122=CARTESIAN_POINT('Ctrl Pts',(-0.0154663196177642,2.3437425057314,1.34379508327171));
#2123=CARTESIAN_POINT('Ctrl Pts',(-0.024453002605434,2.32901196480456,1.52059436939648));
#2124=CARTESIAN_POINT('Ctrl Pts',(-0.0403532579078978,2.3438607219092,1.83086130559372));
#2125=CARTESIAN_POINT('Ctrl Pts',(-0.0538328244737617,2.38967458471411,
2.09182457382959));
#2126=CARTESIAN_POINT('Ctrl Pts',(-0.0737188450596072,2.4679687928312,2.47614988829587));
#2127=CARTESIAN_POINT('Ctrl Pts',(-0.106292474508683,2.61972678100926,3.10421777570715));
#2128=CARTESIAN_POINT('Ctrl Pts',(-0.149510944017305,2.84849693721379,3.93582742768566));
#2129=CARTESIAN_POINT('Ctrl Pts',(-0.181868145933462,3.02309981592549,4.55823764724584));
#2130=CARTESIAN_POINT('Ctrl Pts',(-0.19265291766058,3.08138863740176,4.76568341937366));
#2131=CARTESIAN_POINT('Ctrl Pts',(0.013430088771768,2.38221126237105,0.633206773160599));
#2132=CARTESIAN_POINT('Ctrl Pts',(0.011197441890962,2.41415269762222,0.674285845611193));
#2133=CARTESIAN_POINT('Ctrl Pts',(0.00863835732950699,2.43746047585307,
0.722184171216513));
#2134=CARTESIAN_POINT('Ctrl Pts',(0.00416651222847767,2.45257416725231,
0.806632881916043));
#2135=CARTESIAN_POINT('Ctrl Pts',(0.000421832967793479,2.45174267805285,
0.87795058455969));
#2136=CARTESIAN_POINT('Ctrl Pts',(-0.00499480145993813,2.42420189258964,
0.984499869607249));
#2137=CARTESIAN_POINT('Ctrl Pts',(-0.0105333437934531,2.38856302616585,
1.09528482576743));
#2138=CARTESIAN_POINT('Ctrl Pts',(-0.0142869423335274,2.36664436095863,
1.17076487470898));
#2139=CARTESIAN_POINT('Ctrl Pts',(-0.0183609698328798,2.34619449258726,
1.25261156292809));
#2140=CARTESIAN_POINT('Ctrl Pts',(-0.0227700064403267,2.32835935173971,
1.34129019217797));
#2141=CARTESIAN_POINT('Ctrl Pts',(-0.0317473798777275,2.31358600533582,
1.52022138721833));
#2142=CARTESIAN_POINT('Ctrl Pts',(-0.0476122949057618,2.32871991017329,
1.83258136834227));
#2143=CARTESIAN_POINT('Ctrl Pts',(-0.0610495770556469,2.3747360903186,2.09413781292627));
#2144=CARTESIAN_POINT('Ctrl Pts',(-0.0808710620870407,2.45327687674718,
2.47919334560534));
#2145=CARTESIAN_POINT('Ctrl Pts',(-0.113327812439908,2.60528759439886,3.10769276432408));
#2146=CARTESIAN_POINT('Ctrl Pts',(-0.156384887591602,2.83426336215138,3.93943470623147));
#2147=CARTESIAN_POINT('Ctrl Pts',(-0.188623289659987,3.00899196050359,4.56184777670643));
#2148=CARTESIAN_POINT('Ctrl Pts',(-0.19936877846496,3.06731950838346,4.76928582964399));
#2149=CARTESIAN_POINT('Ctrl Pts',(-0.00204208000763236,2.3776630580516,
0.635921848429768));
#2150=CARTESIAN_POINT('Ctrl Pts',(-0.00429167184762673,2.40915883783618,
0.676376096284447));
#2151=CARTESIAN_POINT('Ctrl Pts',(-0.00686213664546146,2.4320317154454,
0.723392007238765));
#2152=CARTESIAN_POINT('Ctrl Pts',(-0.011416404265129,2.44693598387451,0.806156390376634));
#2153=CARTESIAN_POINT('Ctrl Pts',(-0.0152521668541878,2.44623903122727,
0.876189552892627));
#2154=CARTESIAN_POINT('Ctrl Pts',(-0.0207285633273081,2.41898577238325,
0.982083015597242));
#2155=CARTESIAN_POINT('Ctrl Pts',(-0.0262514673426888,2.38333467746976,
1.09282960254235));
#2156=CARTESIAN_POINT('Ctrl Pts',(-0.0299650946145216,2.36133342279396,
1.16851286020414));
#2157=CARTESIAN_POINT('Ctrl Pts',(-0.0339861425926891,2.34078222671918,
1.25061874644018));
#2158=CARTESIAN_POINT('Ctrl Pts',(-0.0383177498994675,2.32280394399186,
1.33972749466529));
#2159=CARTESIAN_POINT('Ctrl Pts',(-0.0471511653258764,2.30787807504306,
1.51942711143786));
#2160=CARTESIAN_POINT('Ctrl Pts',(-0.0628349500742607,2.3229554398243,1.83258807100242));
#2161=CARTESIAN_POINT('Ctrl Pts',(-0.0761683837839279,2.3689657242109,2.09439268575134));
#2162=CARTESIAN_POINT('Ctrl Pts',(-0.0958439619772275,2.44748863063176,
2.47976122545041));
#2163=CARTESIAN_POINT('Ctrl Pts',(-0.128088263393633,2.59944458983106,3.10847759403876));
#2164=CARTESIAN_POINT('Ctrl Pts',(-0.170877929743305,2.82832243553436,3.94033613245887));
#2165=CARTESIAN_POINT('Ctrl Pts',(-0.202921879283508,3.00297514577993,4.56279376188454));
#2166=CARTESIAN_POINT('Ctrl Pts',(-0.213603446900085,3.06127748535911,4.77024280251907));
#2167=CARTESIAN_POINT('Ctrl Pts',(-0.0086575682284748,2.37750723759932,
0.635688853617741));
#2168=CARTESIAN_POINT('Ctrl Pts',(-0.0109200081412158,2.40900541323656,
0.676112088095252));
#2169=CARTESIAN_POINT('Ctrl Pts',(-0.0135050238794994,2.43188922250981,
0.723090834610899));
#2170=CARTESIAN_POINT('Ctrl Pts',(-0.0181051486959507,2.44686061366129,
0.805813133378741));
#2171=CARTESIAN_POINT('Ctrl Pts',(-0.0219839562824144,2.4462319383726,0.875842561018659));
#2172=CARTESIAN_POINT('Ctrl Pts',(-0.0274868111990845,2.41901604941454,
0.981754571709015));
#2173=CARTESIAN_POINT('Ctrl Pts',(-0.0330057719594962,2.38335901905875,
1.09249852187792));
#2174=CARTESIAN_POINT('Ctrl Pts',(-0.0367053855912312,2.36133748220894,
1.1681753169102));
#2175=CARTESIAN_POINT('Ctrl Pts',(-0.0407077614107107,2.34075862550816,
1.25027424683855));
#2176=CARTESIAN_POINT('Ctrl Pts',(-0.0450116717731052,2.3227383860101,1.3393765356801));
#2177=CARTESIAN_POINT('Ctrl Pts',(-0.0537938039204166,2.30773361183695,
1.51908426748524));
#2178=CARTESIAN_POINT('Ctrl Pts',(-0.0694156834172972,2.32271978068119,
1.83227702129807));
#2179=CARTESIAN_POINT('Ctrl Pts',(-0.0827159210039737,2.36868539110738,
2.09410444799873));
#2180=CARTESIAN_POINT('Ctrl Pts',(-0.102345359932273,2.44714691253476,2.47950257394751));
#2181=CARTESIAN_POINT('Ctrl Pts',(-0.134524735580962,2.59901876471901,3.10825551056833));
#2182=CARTESIAN_POINT('Ctrl Pts',(-0.177232784730051,2.82779583590682,3.94015211450675));
#2183=CARTESIAN_POINT('Ctrl Pts',(-0.209216386546726,3.00237735109354,4.56263445178583));
#2184=CARTESIAN_POINT('Ctrl Pts',(-0.219878026142681,3.06065644627922,4.77009102897392));
#2185=CARTESIAN_POINT('',(-0.00744980107831105,2.3890972409215,1.1840772763003));
#2186=CARTESIAN_POINT('',(-0.192562709194776,3.08948553500225,4.76341395749414));
#2187=CARTESIAN_POINT('Ctrl Pts',(-0.00744946735913809,2.38907759455711,
1.18407196772063));
#2188=CARTESIAN_POINT('Ctrl Pts',(-0.00797088525795375,2.38626398752084,
1.19445199332987));
#2189=CARTESIAN_POINT('Ctrl Pts',(-0.00849374395699907,2.38354059735168,
1.20485460239641));
#2190=CARTESIAN_POINT('Ctrl Pts',(-0.0111816417054292,2.37014836023233,
1.25829420383604));
#2191=CARTESIAN_POINT('Ctrl Pts',(-0.0155573786213371,2.35261761981584,
1.3450248532167));
#2192=CARTESIAN_POINT('Ctrl Pts',(-0.0244809865466608,2.33790782642306,
1.52058837730266));
#2193=CARTESIAN_POINT('Ctrl Pts',(-0.0403197426686397,2.352590848351,1.82966200044722));
#2194=CARTESIAN_POINT('Ctrl Pts',(-0.0537810520515188,2.39828335917258,
2.09027550200601));
#2195=CARTESIAN_POINT('Ctrl Pts',(-0.0736455856297139,2.47643447010551,
2.4741891908503));
#2196=CARTESIAN_POINT('Ctrl Pts',(-0.106205972489523,2.62804240977866,3.10200724054906));
#2197=CARTESIAN_POINT('Ctrl Pts',(-0.149420736119903,2.85669241451737,3.93355184132877));
#2198=CARTESIAN_POINT('Ctrl Pts',(-0.181777675738971,3.03121902693551,4.55596167416839));
#2199=CARTESIAN_POINT('Ctrl Pts',(-0.192562709194891,3.08948553500844,4.763413957496));
#2200=CARTESIAN_POINT('',(-0.219878026142681,3.06065644627922,4.77009102897392));
#2201=CARTESIAN_POINT('Origin',(-0.222523474384433,3.08939025551047,4.76188311750619));
#2202=CARTESIAN_POINT('Ctrl Pts',(-0.219878026142681,3.06065644627922,4.77009102897392));
#2203=CARTESIAN_POINT('Ctrl Pts',(-0.209216386546726,3.00237735109354,4.56263445178583));
#2204=CARTESIAN_POINT('Ctrl Pts',(-0.177232784730051,2.82779583590682,3.94015211450675));
#2205=CARTESIAN_POINT('Ctrl Pts',(-0.134524735580962,2.59901876471901,3.10825551056833));
#2206=CARTESIAN_POINT('Ctrl Pts',(-0.102345359932273,2.44714691253476,2.47950257394751));
#2207=CARTESIAN_POINT('Ctrl Pts',(-0.0827159210039737,2.36868539110738,
2.09410444799873));
#2208=CARTESIAN_POINT('Ctrl Pts',(-0.0694156834172972,2.32271978068119,
1.83227702129807));
#2209=CARTESIAN_POINT('Ctrl Pts',(-0.0537938039204166,2.30773361183695,
1.51908426748524));
#2210=CARTESIAN_POINT('Ctrl Pts',(-0.0450116717731052,2.3227383860101,1.3393765356801));
#2211=CARTESIAN_POINT('Ctrl Pts',(-0.0407077614107107,2.34075862550816,
1.25027424683855));
#2212=CARTESIAN_POINT('Ctrl Pts',(-0.0367053855912312,2.36133748220894,
1.1681753169102));
#2213=CARTESIAN_POINT('Ctrl Pts',(-0.0330057719594962,2.38335901905875,
1.09249852187792));
#2214=CARTESIAN_POINT('Ctrl Pts',(-0.0274868111990845,2.41901604941454,
0.981754571709015));
#2215=CARTESIAN_POINT('Ctrl Pts',(-0.0219839562824144,2.4462319383726,0.875842561018659));
#2216=CARTESIAN_POINT('Ctrl Pts',(-0.0181051486959507,2.44686061366129,
0.805813133378741));
#2217=CARTESIAN_POINT('Ctrl Pts',(-0.0135050238794994,2.43188922250981,
0.723090834610899));
#2218=CARTESIAN_POINT('Ctrl Pts',(-0.0109200081412158,2.40900541323656,
0.676112088095252));
#2219=CARTESIAN_POINT('Ctrl Pts',(-0.0086575682284748,2.37750723759932,
0.635688853617741));
#2220=CARTESIAN_POINT('Ctrl Pts',(-0.00744980845634822,2.38909724089367,
1.18407727592213));
#2221=CARTESIAN_POINT('Ctrl Pts',(-0.00744971310588445,2.38909775399308,
1.18407537785864));
#2222=CARTESIAN_POINT('Ctrl Pts',(-0.00744987579933479,2.38909687850741,
1.18407861646378));
#2223=CARTESIAN_POINT('Ctrl Pts',(-0.00744978044888095,2.3890973916074,
1.18407671840044));
#2224=CARTESIAN_POINT('Ctrl Pts',(-0.242891532685823,3.06911955422051,4.80752298417721));
#2225=CARTESIAN_POINT('Ctrl Pts',(-0.241183287899868,3.06928493729016,4.80749322616897));
#2226=CARTESIAN_POINT('Ctrl Pts',(-0.238919294140807,3.06935408144177,4.80693773008998));
#2227=CARTESIAN_POINT('Ctrl Pts',(-0.234821195654874,3.06916741198782,4.80485976084621));
#2228=CARTESIAN_POINT('Ctrl Pts',(-0.230871238174369,3.06858248632237,4.80146268248912));
#2229=CARTESIAN_POINT('Ctrl Pts',(-0.225584420654404,3.06696162972633,4.79401894133559));
#2230=CARTESIAN_POINT('Ctrl Pts',(-0.22146534513617,3.06431541460221,4.78341138827339));
#2231=CARTESIAN_POINT('Ctrl Pts',(-0.220106952749303,3.06190781435469,4.7745455342633));
#2232=CARTESIAN_POINT('Ctrl Pts',(-0.219878026142441,3.06065644627791,4.77009102896926));
#2233=CARTESIAN_POINT('Ctrl Pts',(-0.242961586239531,3.07110441939123,4.81449495813132));
#2234=CARTESIAN_POINT('Ctrl Pts',(-0.240169912343883,3.07136904052963,4.81442426911195));
#2235=CARTESIAN_POINT('Ctrl Pts',(-0.236607719445682,3.0714423009974,4.81343137565375));
#2236=CARTESIAN_POINT('Ctrl Pts',(-0.230809418262394,3.07109490266123,4.81020207284637));
#2237=CARTESIAN_POINT('Ctrl Pts',(-0.225944291172415,3.07021818315505,4.80548831149722));
#2238=CARTESIAN_POINT('Ctrl Pts',(-0.220269128652931,3.06814496947214,4.79636504093569));
#2239=CARTESIAN_POINT('Ctrl Pts',(-0.21651531938457,3.06508459465905,4.78445177038855));
#2240=CARTESIAN_POINT('Ctrl Pts',(-0.215640601783054,3.06242672410895,4.7749247512636));
#2241=CARTESIAN_POINT('Ctrl Pts',(-0.215694973312862,3.06107047233161,4.77019221133385));
#2242=CARTESIAN_POINT('Ctrl Pts',(-0.243637567184152,3.08033380512344,4.82690850724807));
#2243=CARTESIAN_POINT('Ctrl Pts',(-0.238665494575,3.08076117385786,4.8267657532356));
#2244=CARTESIAN_POINT('Ctrl Pts',(-0.232481530946764,3.08070560575289,4.82493752591775));
#2245=CARTESIAN_POINT('Ctrl Pts',(-0.223228125638173,3.07963965860996,4.81951180558302));
#2246=CARTESIAN_POINT('Ctrl Pts',(-0.216474959772011,3.07766654573303,4.81230891996056));
#2247=CARTESIAN_POINT('Ctrl Pts',(-0.209940580963313,3.07385253076262,4.80006884630607));
#2248=CARTESIAN_POINT('Ctrl Pts',(-0.206838738828485,3.06909263971124,4.78579616161016));
#2249=CARTESIAN_POINT('Ctrl Pts',(-0.206889888652713,3.06543497689228,4.77512055336067));
#2250=CARTESIAN_POINT('Ctrl Pts',(-0.207488817217315,3.0636177343086,4.7699033912204));
#2251=CARTESIAN_POINT('Ctrl Pts',(-0.245567130523626,3.10105573994791,4.8312556403046));
#2252=CARTESIAN_POINT('Ctrl Pts',(-0.239094035740518,3.10153911715859,4.83114279301471));
#2253=CARTESIAN_POINT('Ctrl Pts',(-0.231019803730808,3.10118184594139,4.82905669259348));
#2254=CARTESIAN_POINT('Ctrl Pts',(-0.2188724964051,3.09898040478545,4.82283946699408));
#2255=CARTESIAN_POINT('Ctrl Pts',(-0.209953354071929,3.09530570333545,4.81463330731589));
#2256=CARTESIAN_POINT('Ctrl Pts',(-0.201367485507086,3.08844048009726,4.80093407501133));
#2257=CARTESIAN_POINT('Ctrl Pts',(-0.197466015730432,3.08020859530422,4.78529669179139));
#2258=CARTESIAN_POINT('Ctrl Pts',(-0.19773124357504,3.074170789403,4.77380788232448));
#2259=CARTESIAN_POINT('Ctrl Pts',(-0.198607932032522,3.07123461402885,4.76822576042397));
#2260=CARTESIAN_POINT('Ctrl Pts',(-0.247350980274664,3.11806592014769,4.82340528211577));
#2261=CARTESIAN_POINT('Ctrl Pts',(-0.241293355252575,3.11849337959341,4.82342006978844));
#2262=CARTESIAN_POINT('Ctrl Pts',(-0.233596020019823,3.11807749915579,4.82194754950494));
#2263=CARTESIAN_POINT('Ctrl Pts',(-0.221287733213504,3.1156679046824,4.81716786167132));
#2264=CARTESIAN_POINT('Ctrl Pts',(-0.211296013245842,3.11153948379768,4.81041615235673));
#2265=CARTESIAN_POINT('Ctrl Pts',(-0.200316461398018,3.103262937894,4.79816433787543));
#2266=CARTESIAN_POINT('Ctrl Pts',(-0.193923646038455,3.09261166283545,4.78310359591494));
#2267=CARTESIAN_POINT('Ctrl Pts',(-0.193121367455426,3.08441392751137,4.77157167035312));
#2268=CARTESIAN_POINT('Ctrl Pts',(-0.193668088988362,3.0803754290779,4.76591521944888));
#2269=CARTESIAN_POINT('Ctrl Pts',(-0.248125575116101,3.1243878579036,4.81411227102356));
#2270=CARTESIAN_POINT('Ctrl Pts',(-0.243140959164309,3.12475668766003,4.81422238905998));
#2271=CARTESIAN_POINT('Ctrl Pts',(-0.236669326405542,3.12449640071123,4.8134024286675));
#2272=CARTESIAN_POINT('Ctrl Pts',(-0.225569531170741,3.12261550448519,4.81024851229028));
#2273=CARTESIAN_POINT('Ctrl Pts',(-0.215594509943424,3.11910261352354,4.80525505100702));
#2274=CARTESIAN_POINT('Ctrl Pts',(-0.203248333178321,3.11127836863882,4.79499008531523));
#2275=CARTESIAN_POINT('Ctrl Pts',(-0.194660469791194,3.10019942858554,4.78107672709359));
#2276=CARTESIAN_POINT('Ctrl Pts',(-0.192564756028169,3.09104805284396,4.76985051432017));
#2277=CARTESIAN_POINT('Ctrl Pts',(-0.192596537368189,3.08644919841855,4.76426500570017));
#2278=CARTESIAN_POINT('Ctrl Pts',(-0.248383271525574,3.12611920489643,4.80896473736058));
#2279=CARTESIAN_POINT('Ctrl Pts',(-0.244072497717179,3.12645878718423,4.80911707045021));
#2280=CARTESIAN_POINT('Ctrl Pts',(-0.238389622970863,3.12632424910564,4.80863488447081));
#2281=CARTESIAN_POINT('Ctrl Pts',(-0.228166378158961,3.12486972947644,4.80634788593555));
#2282=CARTESIAN_POINT('Ctrl Pts',(-0.218395624894049,3.12189783828733,4.8023140328176));
#2283=CARTESIAN_POINT('Ctrl Pts',(-0.205493620903536,3.11468934973835,4.79317758771417));
#2284=CARTESIAN_POINT('Ctrl Pts',(-0.195738715904688,3.10376583283017,4.77996791643585));
#2285=CARTESIAN_POINT('Ctrl Pts',(-0.192860483860399,3.09430541123442,4.76894185159699));
#2286=CARTESIAN_POINT('Ctrl Pts',(-0.192562709194924,3.08948553502198,4.76341395749581));
#2287=CARTESIAN_POINT('',(-0.248383271525574,3.12611920489643,4.80896473736058));
#2288=CARTESIAN_POINT('Ctrl Pts',(-0.192562709194924,3.08948553502198,4.76341395749581));
#2289=CARTESIAN_POINT('Ctrl Pts',(-0.192860483860399,3.09430541123442,4.76894185159699));
#2290=CARTESIAN_POINT('Ctrl Pts',(-0.195738715904688,3.10376583283017,4.77996791643585));
#2291=CARTESIAN_POINT('Ctrl Pts',(-0.205493620903536,3.11468934973835,4.79317758771417));
#2292=CARTESIAN_POINT('Ctrl Pts',(-0.218395624894049,3.12189783828733,4.8023140328176));
#2293=CARTESIAN_POINT('Ctrl Pts',(-0.228166378158961,3.12486972947644,4.80634788593555));
#2294=CARTESIAN_POINT('Ctrl Pts',(-0.238389622970863,3.12632424910564,4.80863488447081));
#2295=CARTESIAN_POINT('Ctrl Pts',(-0.244072497717179,3.12645878718423,4.80911707045021));
#2296=CARTESIAN_POINT('Ctrl Pts',(-0.248383271525574,3.12611920489643,4.80896473736058));
#2297=CARTESIAN_POINT('',(-0.242891532685823,3.06911955422051,4.80752298417721));
#2298=CARTESIAN_POINT('Origin',(-0.245813827129764,3.09782808888102,4.79932053132279));
#2299=CARTESIAN_POINT('Ctrl Pts',(-0.242891532685823,3.06911955422051,4.80752298417721));
#2300=CARTESIAN_POINT('Ctrl Pts',(-0.241183287899868,3.06928493729016,4.80749322616897));
#2301=CARTESIAN_POINT('Ctrl Pts',(-0.238919294140807,3.06935408144177,4.80693773008998));
#2302=CARTESIAN_POINT('Ctrl Pts',(-0.234821195654874,3.06916741198782,4.80485976084621));
#2303=CARTESIAN_POINT('Ctrl Pts',(-0.230871238174369,3.06858248632237,4.80146268248912));
#2304=CARTESIAN_POINT('Ctrl Pts',(-0.225584420654404,3.06696162972633,4.79401894133559));
#2305=CARTESIAN_POINT('Ctrl Pts',(-0.22146534513617,3.06431541460221,4.78341138827339));
#2306=CARTESIAN_POINT('Ctrl Pts',(-0.220106952749303,3.06190781435469,4.7745455342633));
#2307=CARTESIAN_POINT('Ctrl Pts',(-0.219878026142441,3.06065644627791,4.77009102896926));
#2308=CARTESIAN_POINT('Ctrl Pts',(-0.248383271525567,3.12611920489628,4.80896473736007));
#2309=CARTESIAN_POINT('Ctrl Pts',(-0.51697674662741,3.10011309132772,4.81369358456094));
#2310=CARTESIAN_POINT('Ctrl Pts',(-0.781358689603061,3.03142345952929,4.82615245538362));
#2311=CARTESIAN_POINT('Ctrl Pts',(-1.02770395669563,2.92278141798638,4.8456193458255));
#2312=CARTESIAN_POINT('Ctrl Pts',(-0.248039676312936,3.12381074223918,4.81582811557737));
#2313=CARTESIAN_POINT('Ctrl Pts',(-0.516264921908941,3.09783396635892,4.82054802158773));
#2314=CARTESIAN_POINT('Ctrl Pts',(-0.780264729817833,3.02922552584241,4.83298273529443));
#2315=CARTESIAN_POINT('Ctrl Pts',(-1.02626035388318,2.92072305129709,4.85242058534341));
#2316=CARTESIAN_POINT('Ctrl Pts',(-0.246882345292182,3.11401187374133,4.8277603013605));
#2317=CARTESIAN_POINT('Ctrl Pts',(-0.513847397546652,3.0881467468478,4.83244839204617));
#2318=CARTESIAN_POINT('Ctrl Pts',(-0.776605042813987,3.01982990139913,4.84480027181621));
#2319=CARTESIAN_POINT('Ctrl Pts',(-1.02141242508674,2.91182124836387,4.86413029572836));
#2320=CARTESIAN_POINT('Ctrl Pts',(-0.244801705118093,3.09311125782092,4.83105465160455));
#2321=CARTESIAN_POINT('Ctrl Pts',(-0.509510021478176,3.06746296267472,4.8356847176264));
#2322=CARTESIAN_POINT('Ctrl Pts',(-0.770026323626187,2.99971916858853,4.84788180914833));
#2323=CARTESIAN_POINT('Ctrl Pts',(-1.01272199893711,2.89262490435577,4.86699973631863));
#2324=CARTESIAN_POINT('Ctrl Pts',(-0.243345098494,3.07648821263373,4.82235356347232));
#2325=CARTESIAN_POINT('Ctrl Pts',(-0.506470696871441,3.05100143068092,4.82694242529282));
#2326=CARTESIAN_POINT('Ctrl Pts',(-0.765427453575723,2.98368342834257,4.83902867322462));
#2327=CARTESIAN_POINT('Ctrl Pts',(-1.00665480713629,2.87725384672115,4.85798556197125));
#2328=CARTESIAN_POINT('Ctrl Pts',(-0.242944072851101,3.07060820309841,4.81275196464229));
#2329=CARTESIAN_POINT('Ctrl Pts',(-0.505634822426034,3.04517163257895,4.81732899883972));
#2330=CARTESIAN_POINT('Ctrl Pts',(-0.764162744898267,2.97798806884273,4.82938241335341));
#2331=CARTESIAN_POINT('Ctrl Pts',(-1.0049958771164,2.87175829481898,4.84828831072949));
#2332=CARTESIAN_POINT('Ctrl Pts',(-0.24289153268582,3.06911955422037,4.80752298417671));
#2333=CARTESIAN_POINT('Ctrl Pts',(-0.505525671632662,3.04369272988521,4.81209812992482));
#2334=CARTESIAN_POINT('Ctrl Pts',(-0.763997881362717,2.97653605328461,4.82414592874103));
#2335=CARTESIAN_POINT('Ctrl Pts',(-1.00478490202198,2.87034210740996,4.84304189566119));
#2336=CARTESIAN_POINT('',(-1.02770395669563,2.92278141798638,4.8456193458255));
#2337=CARTESIAN_POINT('',(-1.00478490202198,2.87034210740995,4.84304189566119));
#2338=CARTESIAN_POINT('Origin',(-1.01699311233004,2.89667134134811,4.83544380107744));
#2339=CARTESIAN_POINT('Ctrl Pts',(-1.00478490202198,2.87034210740996,4.84304189566119));
#2340=CARTESIAN_POINT('Ctrl Pts',(-0.763997881362717,2.97653605328461,4.82414592874103));
#2341=CARTESIAN_POINT('Ctrl Pts',(-0.505525671632662,3.04369272988521,4.81209812992482));
#2342=CARTESIAN_POINT('Ctrl Pts',(-0.24289153268582,3.06911955422037,4.80752298417671));
#2343=CARTESIAN_POINT('Ctrl Pts',(-0.248383271525567,3.12611920489628,4.80896473736007));
#2344=CARTESIAN_POINT('Ctrl Pts',(-0.51697674662741,3.10011309132772,4.81369358456094));
#2345=CARTESIAN_POINT('Ctrl Pts',(-0.781358689603061,3.03142345952929,4.82615245538362));
#2346=CARTESIAN_POINT('Ctrl Pts',(-1.02770395669563,2.92278141798638,4.8456193458255));
#2347=CARTESIAN_POINT('Ctrl Pts',(-1.01074146165138,2.86770561106255,4.84351100815607));
#2348=CARTESIAN_POINT('Ctrl Pts',(-1.00875714555066,2.86858707348246,4.84335417591824));
#2349=CARTESIAN_POINT('Ctrl Pts',(-1.00677162325761,2.86946590666288,4.84319780530518));
#2350=CARTESIAN_POINT('Ctrl Pts',(-1.00478490202197,2.87034210740986,4.84304189566085));
#2351=CARTESIAN_POINT('Ctrl Pts',(-1.01102429635674,2.86959267126012,4.85050655767931));
#2352=CARTESIAN_POINT('Ctrl Pts',(-1.00903950331956,2.87047451645906,4.85034961897917));
#2353=CARTESIAN_POINT('Ctrl Pts',(-1.00705340425879,2.87135377410153,4.85019313132054));
#2354=CARTESIAN_POINT('Ctrl Pts',(-1.00506620214785,2.87223035728855,4.85003711575192));
#2355=CARTESIAN_POINT('Ctrl Pts',(-1.01384331458748,2.87818695923002,4.86307867965447));
#2356=CARTESIAN_POINT('Ctrl Pts',(-1.01185297365819,2.87907153492566,4.86292104913223));
#2357=CARTESIAN_POINT('Ctrl Pts',(-1.00986140889308,2.87995347827037,4.86276388180315));
#2358=CARTESIAN_POINT('Ctrl Pts',(-1.007868646545,2.88083277955748,4.86260717782044));
#2359=CARTESIAN_POINT('Ctrl Pts',(-1.02193994115226,2.89726790066919,4.86783563719012));
#2360=CARTESIAN_POINT('Ctrl Pts',(-1.0199335276766,2.89815963656127,4.8676763060833));
#2361=CARTESIAN_POINT('Ctrl Pts',(-1.01792586031707,2.89904872812019,4.86751743976712));
#2362=CARTESIAN_POINT('Ctrl Pts',(-1.01591700468424,2.89993514904366,4.86735904269845));
#2363=CARTESIAN_POINT('Ctrl Pts',(-1.02944274189932,2.91282324540497,4.86034684987963));
#2364=CARTESIAN_POINT('Ctrl Pts',(-1.02742134119828,2.91372142816508,4.86018605611603));
#2365=CARTESIAN_POINT('Ctrl Pts',(-1.02539873795394,2.91461692240784,4.86002573552126));
#2366=CARTESIAN_POINT('Ctrl Pts',(-1.02337488079563,2.91550974980117,4.85986588166557));
#2367=CARTESIAN_POINT('Ctrl Pts',(-1.03270874478507,2.91854300370204,4.85120300249424));
#2368=CARTESIAN_POINT('Ctrl Pts',(-1.03068081492702,2.91944390304392,4.85104162223794));
#2369=CARTESIAN_POINT('Ctrl Pts',(-1.02865164493265,2.92034211817737,4.85088071363606));
#2370=CARTESIAN_POINT('Ctrl Pts',(-1.02662125458628,2.92123764296932,4.85072027546361));
#2371=CARTESIAN_POINT('Ctrl Pts',(-1.03379801490085,2.92008414443864,4.84610262042126));
#2372=CARTESIAN_POINT('Ctrl Pts',(-1.03176789397225,2.92098592588154,4.84594105736419));
#2373=CARTESIAN_POINT('Ctrl Pts',(-1.02973653873468,2.92188501812874,4.84577996612991));
#2374=CARTESIAN_POINT('Ctrl Pts',(-1.02770395669562,2.92278141798629,4.84561934582518));
#2375=CARTESIAN_POINT('',(-1.03379801490085,2.92008414443864,4.84610262042126));
#2376=CARTESIAN_POINT('Ctrl Pts',(-1.02770395669562,2.92278141798629,4.84561934582518));
#2377=CARTESIAN_POINT('Ctrl Pts',(-1.02973653873468,2.92188501812874,4.84577996612991));
#2378=CARTESIAN_POINT('Ctrl Pts',(-1.03176789397225,2.92098592588154,4.84594105736419));
#2379=CARTESIAN_POINT('Ctrl Pts',(-1.03379801490085,2.92008414443864,4.84610262042126));
#2380=CARTESIAN_POINT('',(-1.01074146164286,2.86770561102985,4.84351100802901));
#2381=CARTESIAN_POINT('Origin',(-1.02302303516628,2.89400295473798,4.8359207072652));
#2382=CARTESIAN_POINT('Ctrl Pts',(-1.01074146165138,2.86770561106255,4.84351100815607));
#2383=CARTESIAN_POINT('Ctrl Pts',(-1.00875714555066,2.86858707348246,4.84335417591824));
#2384=CARTESIAN_POINT('Ctrl Pts',(-1.00677162325761,2.86946590666288,4.84319780530518));
#2385=CARTESIAN_POINT('Ctrl Pts',(-1.00478490202197,2.87034210740986,4.84304189566085));
#2386=CARTESIAN_POINT('Ctrl Pts',(-1.03379801489912,2.92008414443941,4.84610262042112));
#2387=CARTESIAN_POINT('Ctrl Pts',(-1.03389680685695,2.92004026096773,4.84611048257874));
#2388=CARTESIAN_POINT('Ctrl Pts',(-1.0339955958918,2.91999637112768,4.84611834585329));
#2389=CARTESIAN_POINT('Ctrl Pts',(-1.03409438200304,2.91995247492012,4.84612621024469));
#2390=CARTESIAN_POINT('Ctrl Pts',(-1.03234565474475,2.91802929012394,4.85290312985176));
#2391=CARTESIAN_POINT('Ctrl Pts',(-1.03244430635431,2.91798546314263,4.85291098030621));
#2392=CARTESIAN_POINT('Ctrl Pts',(-1.03254295000895,2.91794163192959,4.85291883139272));
#2393=CARTESIAN_POINT('Ctrl Pts',(-1.03264159581405,2.91789779221636,4.85292668408208));
#2394=CARTESIAN_POINT('Ctrl Pts',(-1.02746843243294,2.90913970754996,4.86461017578634));
#2395=CARTESIAN_POINT('Ctrl Pts',(-1.02756660727078,2.90909608021773,4.8646179827854));
#2396=CARTESIAN_POINT('Ctrl Pts',(-1.02766477949889,2.9090524464668,4.86462579089597));
#2397=CARTESIAN_POINT('Ctrl Pts',(-1.02776294862884,2.90900880643311,4.86463360012835));
#2398=CARTESIAN_POINT('Ctrl Pts',(-1.01872574370486,2.88996607431227,4.86747435362336));
#2399=CARTESIAN_POINT('Ctrl Pts',(-1.01882307157986,2.88992281633688,4.86748207510459));
#2400=CARTESIAN_POINT('Ctrl Pts',(-1.01892039590724,2.88987955240123,4.86748979759592));
#2401=CARTESIAN_POINT('Ctrl Pts',(-1.01901771817422,2.88983628180738,4.86749752129675));
#2402=CARTESIAN_POINT('Ctrl Pts',(-1.01262227739186,2.87461149484429,4.85845618903459));
#2403=CARTESIAN_POINT('Ctrl Pts',(-1.01271901659436,2.87456850519349,4.85846384555891));
#2404=CARTESIAN_POINT('Ctrl Pts',(-1.01281575437408,2.87452550868726,4.85847150333572));
#2405=CARTESIAN_POINT('Ctrl Pts',(-1.01291248799569,2.87448250649545,4.85847916206314));
#2406=CARTESIAN_POINT('Ctrl Pts',(-1.01095358767871,2.86912090621148,4.84875767029836));
#2407=CARTESIAN_POINT('Ctrl Pts',(-1.01105016900142,2.86907799712632,4.84876530624734));
#2408=CARTESIAN_POINT('Ctrl Pts',(-1.01114674820636,2.86903508154465,4.84877294332401));
#2409=CARTESIAN_POINT('Ctrl Pts',(-1.01124332392817,2.86899215995307,4.84878058146762));
#2410=CARTESIAN_POINT('Ctrl Pts',(-1.01074146164968,2.8677056110633,4.84351100815593));
#2411=CARTESIAN_POINT('Ctrl Pts',(-1.01083802460304,2.86766271637807,4.84351864009726));
#2412=CARTESIAN_POINT('Ctrl Pts',(-1.01093458474734,2.86761981544521,4.84352627313439));
#2413=CARTESIAN_POINT('Ctrl Pts',(-1.01103114208196,2.86757690826556,4.84353390726726));
#2414=CARTESIAN_POINT('',(-1.03409438200304,2.91995247492012,4.84612621024469));
#2415=CARTESIAN_POINT('',(-1.01103114208196,2.86757690826556,4.84353390726726));
#2416=CARTESIAN_POINT('Origin',(-1.02331628351231,2.89387269509698,4.83594398665155));
#2417=CARTESIAN_POINT('Ctrl Pts',(-1.01103114208196,2.86757690826556,4.84353390726726));
#2418=CARTESIAN_POINT('Ctrl Pts',(-1.01093458474734,2.86761981544521,4.84352627313439));
#2419=CARTESIAN_POINT('Ctrl Pts',(-1.01083802460304,2.86766271637807,4.84351864009726));
#2420=CARTESIAN_POINT('Ctrl Pts',(-1.01074146164968,2.8677056110633,4.84351100815593));
#2421=CARTESIAN_POINT('Ctrl Pts',(-1.03379801489912,2.92008414443941,4.84610262042112));
#2422=CARTESIAN_POINT('Ctrl Pts',(-1.03389680685695,2.92004026096773,4.84611048257874));
#2423=CARTESIAN_POINT('Ctrl Pts',(-1.0339955958918,2.91999637112768,4.84611834585329));
#2424=CARTESIAN_POINT('Ctrl Pts',(-1.03409438200304,2.91995247492012,4.84612621024469));
#2425=CARTESIAN_POINT('Ctrl Pts',(-1.03409438200304,2.91995247492012,4.84612621024469));
#2426=CARTESIAN_POINT('Ctrl Pts',(-1.03411078555941,2.91994518590038,4.84612751613664));
#2427=CARTESIAN_POINT('Ctrl Pts',(-1.03412718903428,2.91993789670546,4.84612882205933));
#2428=CARTESIAN_POINT('Ctrl Pts',(-1.03414359242764,2.91993060733535,4.84613012801273));
#2429=CARTESIAN_POINT('Ctrl Pts',(-1.03264159581405,2.91789779221635,4.85292668408207));
#2430=CARTESIAN_POINT('Ctrl Pts',(-1.03265797607241,2.91789051257756,4.85292798803089));
#2431=CARTESIAN_POINT('Ctrl Pts',(-1.03267435541052,2.91788323311829,4.85292929192981));
#2432=CARTESIAN_POINT('Ctrl Pts',(-1.03269073550641,2.91787595312953,4.85293059594005));
#2433=CARTESIAN_POINT('Ctrl Pts',(-1.02776294862801,2.9090088064307,4.86463360012531));
#2434=CARTESIAN_POINT('Ctrl Pts',(-1.02777924973387,2.90900155994895,4.86463489685804));
#2435=CARTESIAN_POINT('Ctrl Pts',(-1.02779555079985,2.90899431328162,4.86463619362057));
#2436=CARTESIAN_POINT('Ctrl Pts',(-1.02781185174498,2.90898706645114,4.8646374904146));
#2437=CARTESIAN_POINT('Ctrl Pts',(-1.01901771817421,2.88983628180699,4.86749752129481));
#2438=CARTESIAN_POINT('Ctrl Pts',(-1.01903387865742,2.88982909667119,4.86749880382492));
#2439=CARTESIAN_POINT('Ctrl Pts',(-1.01905003893824,2.88982191142013,4.86750008636895));
#2440=CARTESIAN_POINT('Ctrl Pts',(-1.01906619926375,2.88981472593776,4.86750136895999));
#2441=CARTESIAN_POINT('Ctrl Pts',(-1.01291248799591,2.87448250649553,4.85847916206081));
#2442=CARTESIAN_POINT('Ctrl Pts',(-1.01292855073383,2.87447536592821,4.858480433802));
#2443=CARTESIAN_POINT('Ctrl Pts',(-1.01294461362099,2.87446822509131,4.85848170559856));
#2444=CARTESIAN_POINT('Ctrl Pts',(-1.0129606762033,2.87446108417898,4.85848297740034));
#2445=CARTESIAN_POINT('Ctrl Pts',(-1.01124332392817,2.86899215995307,4.84878058146762));
#2446=CARTESIAN_POINT('Ctrl Pts',(-1.01125936044663,2.86898503276952,4.84878184979084));
#2447=CARTESIAN_POINT('Ctrl Pts',(-1.01127539700087,2.86897790537336,4.84878311814934));
#2448=CARTESIAN_POINT('Ctrl Pts',(-1.0112914333643,2.86897077784524,4.84878438653301));
#2449=CARTESIAN_POINT('Ctrl Pts',(-1.01103114208196,2.86757690826556,4.84353390726726));
#2450=CARTESIAN_POINT('Ctrl Pts',(-1.0110471755472,2.86756978347513,4.84353517492449));
#2451=CARTESIAN_POINT('Ctrl Pts',(-1.01106320893498,2.86756265851246,4.84353644261195));
#2452=CARTESIAN_POINT('Ctrl Pts',(-1.01107924224528,2.86755553337754,4.84353771032959));
#2453=CARTESIAN_POINT('',(-1.03414359242764,2.91993060733535,4.84613012801273));
#2454=CARTESIAN_POINT('',(-1.01107924224528,2.86755553337754,4.84353771032959));
#2455=CARTESIAN_POINT('Origin',(-1.0233649760867,2.89385106166025,4.83594785286643));
#2456=CARTESIAN_POINT('Ctrl Pts',(-1.01107924224528,2.86755553337754,4.84353771032959));
#2457=CARTESIAN_POINT('Ctrl Pts',(-1.01106320893498,2.86756265851246,4.84353644261195));
#2458=CARTESIAN_POINT('Ctrl Pts',(-1.0110471755472,2.86756978347513,4.84353517492449));
#2459=CARTESIAN_POINT('Ctrl Pts',(-1.01103114208196,2.86757690826556,4.84353390726726));
#2460=CARTESIAN_POINT('Ctrl Pts',(-1.03409438200304,2.91995247492012,4.84612621024469));
#2461=CARTESIAN_POINT('Ctrl Pts',(-1.03411078555941,2.91994518590038,4.84612751613664));
#2462=CARTESIAN_POINT('Ctrl Pts',(-1.03412718903428,2.91993789670546,4.84612882205933));
#2463=CARTESIAN_POINT('Ctrl Pts',(-1.03414359242764,2.91993060733535,4.84613012801273));
#2464=CARTESIAN_POINT('Ctrl Pts',(-1.03414359242764,2.91993060733539,4.84613012801285));
#2465=CARTESIAN_POINT('Ctrl Pts',(-1.31447144088824,2.79535800262672,4.86844838231891));
#2466=CARTESIAN_POINT('Ctrl Pts',(-1.95358661292371,2.35700472017275,4.94653530770584));
#2467=CARTESIAN_POINT('Ctrl Pts',(-2.38440573285752,1.71115041085955,5.06400807192207));
#2468=CARTESIAN_POINT('Ctrl Pts',(-2.66543431865494,0.989968740731569,5.19791281099612));
#2469=CARTESIAN_POINT('Ctrl Pts',(-2.83738779622961,0.203970488195284,5.34573720598355));
#2470=CARTESIAN_POINT('Ctrl Pts',(-2.73952031684419,-0.603512326332632,
5.50040267914073));
#2471=CARTESIAN_POINT('Ctrl Pts',(-2.42640623729794,-1.47106092773393,5.66822821952446));
#2472=CARTESIAN_POINT('Ctrl Pts',(-2.02630005713717,-2.11228148517963,5.79406519217916));
#2473=CARTESIAN_POINT('Ctrl Pts',(-1.42289780084854,-2.56641539544643,5.88438099362897));
#2474=CARTESIAN_POINT('Ctrl Pts',(-1.15576651006928,-2.70184430013517,5.91131059352535));
#2475=CARTESIAN_POINT('Ctrl Pts',(-1.03269073550641,2.91787595312956,4.85293059594017));
#2476=CARTESIAN_POINT('Ctrl Pts',(-1.31261363068091,2.79346716724485,4.87521480863284));
#2477=CARTESIAN_POINT('Ctrl Pts',(-1.95090197717836,2.35566178988185,4.95320894786995));
#2478=CARTESIAN_POINT('Ctrl Pts',(-2.38125786414386,1.71056923942839,5.07057247015307));
#2479=CARTESIAN_POINT('Ctrl Pts',(-2.66206360398684,0.990271774397772,5.20438075763234));
#2480=CARTESIAN_POINT('Ctrl Pts',(-2.83400325562324,0.205119259220207,5.35213238161908));
#2481=CARTESIAN_POINT('Ctrl Pts',(-2.73649876207036,-0.60165425251319,5.50679960986107));
#2482=CARTESIAN_POINT('Ctrl Pts',(-2.42405235220963,-1.46850112633,5.67466140939738));
#2483=CARTESIAN_POINT('Ctrl Pts',(-2.02455709325759,-2.10937318521471,5.80054898604115));
#2484=CARTESIAN_POINT('Ctrl Pts',(-1.42177135306834,-2.56338080621257,5.89091876450357));
#2485=CARTESIAN_POINT('Ctrl Pts',(-1.15488662172274,-2.69878368867891,5.91786727190756));
#2486=CARTESIAN_POINT('Ctrl Pts',(-1.02781211624545,2.90898846545137,4.86464198741107));
#2487=CARTESIAN_POINT('Ctrl Pts',(-1.30639092801011,2.78514182990459,4.88680395035067));
#2488=CARTESIAN_POINT('Ctrl Pts',(-1.94191827312563,2.3491928685678,4.96444589445351));
#2489=CARTESIAN_POINT('Ctrl Pts',(-2.3707085318234,1.70655601958967,5.08143813854212));
#2490=CARTESIAN_POINT('Ctrl Pts',(-2.65057892141267,0.9891337489435,5.21492909683404));
#2491=CARTESIAN_POINT('Ctrl Pts',(-2.82219991470617,0.206769356129272,5.36244255714627));
#2492=CARTESIAN_POINT('Ctrl Pts',(-2.72542608952727,-0.597451801147952,
5.51710284950471));
#2493=CARTESIAN_POINT('Ctrl Pts',(-2.41469937695379,-1.46139467595503,5.685055085633));
#2494=CARTESIAN_POINT('Ctrl Pts',(-2.01695740648081,-2.10045689000625,5.81107872698842));
#2495=CARTESIAN_POINT('Ctrl Pts',(-1.41650792613056,-2.55324758965122,5.90158589640799));
#2496=CARTESIAN_POINT('Ctrl Pts',(-1.15066616871659,-2.68828598986746,5.92858129907195));
#2497=CARTESIAN_POINT('Ctrl Pts',(-1.01906460085982,2.88981215199531,4.86750709676681));
#2498=CARTESIAN_POINT('Ctrl Pts',(-1.29523494044858,2.76701765509802,4.88942540102475));
#2499=CARTESIAN_POINT('Ctrl Pts',(-1.92591537474081,2.33441460828067,4.96634213703907));
#2500=CARTESIAN_POINT('Ctrl Pts',(-2.35188753970085,1.6960273163808,5.08263473913047));
#2501=CARTESIAN_POINT('Ctrl Pts',(-2.62979540231931,0.983589345204383,5.2155604086027));
#2502=CARTESIAN_POINT('Ctrl Pts',(-2.80041743553137,0.206117649819617,5.36265069390939));
#2503=CARTESIAN_POINT('Ctrl Pts',(-2.70416042449395,-0.59327250873048,5.51727011175529));
#2504=CARTESIAN_POINT('Ctrl Pts',(-2.39563661999075,-1.45114211098227,5.6853338432804));
#2505=CARTESIAN_POINT('Ctrl Pts',(-2.00057997372686,-2.08591900007089,5.8115467760332));
#2506=CARTESIAN_POINT('Ctrl Pts',(-1.40465983706136,-2.53525932774502,5.90223998305245));
#2507=CARTESIAN_POINT('Ctrl Pts',(-1.141065014356,-2.66917746510238,5.92929409633763));
#2508=CARTESIAN_POINT('Ctrl Pts',(-1.01295690149594,2.87445267765164,4.85848347732368));
#2509=CARTESIAN_POINT('Ctrl Pts',(-1.28745608950217,2.75242075200195,4.88021718898371));
#2510=CARTESIAN_POINT('Ctrl Pts',(-1.91482868137078,2.32220549262497,4.95656361664104));
#2511=CARTESIAN_POINT('Ctrl Pts',(-2.33886866660458,1.68668640994087,5.0723499543564));
#2512=CARTESIAN_POINT('Ctrl Pts',(-2.61525167157277,0.977610220479544,5.20488415418655));
#2513=CARTESIAN_POINT('Ctrl Pts',(-2.78492834063918,0.203472891183559,5.35168306029096));
#2514=CARTESIAN_POINT('Ctrl Pts',(-2.68855569674367,-0.592414578765904,
5.50625707846478));
#2515=CARTESIAN_POINT('Ctrl Pts',(-2.38102928211194,-1.44554664834292,5.67436671136079));
#2516=CARTESIAN_POINT('Ctrl Pts',(-1.98753667179537,-2.07672079510455,5.80067853401299));
#2517=CARTESIAN_POINT('Ctrl Pts',(-1.39497993760697,-2.52287931460949,5.89146370943227));
#2518=CARTESIAN_POINT('Ctrl Pts',(-1.13316266763114,-2.65573688485301,5.91854359910199));
#2519=CARTESIAN_POINT('Ctrl Pts',(-1.01129143336431,2.86897077784528,4.84878438653313));
#2520=CARTESIAN_POINT('Ctrl Pts',(-1.28534822236661,2.74716342456691,4.87046072072721));
#2521=CARTESIAN_POINT('Ctrl Pts',(-1.91186680413964,2.3176520949698,4.94661640564272));
#2522=CARTESIAN_POINT('Ctrl Pts',(-2.33541959677453,1.68284783990092,5.06226112598978));
#2523=CARTESIAN_POINT('Ctrl Pts',(-2.61129191076959,0.974606668897226,5.1946941100308));
#2524=CARTESIAN_POINT('Ctrl Pts',(-2.78055132890009,0.20132030183392,5.34141915592105));
#2525=CARTESIAN_POINT('Ctrl Pts',(-2.68383750982249,-0.593534586926666,
5.49597186629984));
#2526=CARTESIAN_POINT('Ctrl Pts',(-2.37622974199873,-1.44505927864849,5.66407306089232));
#2527=CARTESIAN_POINT('Ctrl Pts',(-1.98294276515664,-2.0748605040737,5.7903887231396));
#2528=CARTESIAN_POINT('Ctrl Pts',(-1.39144277149984,-2.51964056330375,5.88117082810567));
#2529=CARTESIAN_POINT('Ctrl Pts',(-1.13023508732288,-2.65203118196939,5.90824700570198));
#2530=CARTESIAN_POINT('Ctrl Pts',(-1.01107924224528,2.86755553337757,4.84353771032971));
#2531=CARTESIAN_POINT('Ctrl Pts',(-1.28508250224245,2.74578964979659,4.86520252936387));
#2532=CARTESIAN_POINT('Ctrl Pts',(-1.91152862329038,2.31639297238849,4.94131939888062));
#2533=CARTESIAN_POINT('Ctrl Pts',(-2.33503773263883,1.68164572167808,5.05694530824382));
#2534=CARTESIAN_POINT('Ctrl Pts',(-2.61079306897903,0.973465552420145,5.18936996342022));
#2535=CARTESIAN_POINT('Ctrl Pts',(-2.77991268470839,0.200254519261982,5.33608937442395));
#2536=CARTESIAN_POINT('Ctrl Pts',(-2.68298439076863,-0.594426756718299,
5.49063521243527));
#2537=CARTESIAN_POINT('Ctrl Pts',(-2.3751678001017,-1.44557308218111,5.6587238952625));
#2538=CARTESIAN_POINT('Ctrl Pts',(-1.98179318489744,-2.07498201958558,5.7850265417404));
#2539=CARTESIAN_POINT('Ctrl Pts',(-1.39049068991619,-2.51930947888845,5.87579198469446));
#2540=CARTESIAN_POINT('Ctrl Pts',(-1.12943596939162,-2.65153911781785,5.90286130280559));
#2541=CARTESIAN_POINT('',(-1.15576651006929,-2.70184430013517,5.91131059352535));
#2542=CARTESIAN_POINT('',(-1.12943596939162,-2.65153911781785,5.90286130280559));
#2543=CARTESIAN_POINT('Origin',(-1.14248509823352,-2.67819635276322,5.89848956842038));
#2544=CARTESIAN_POINT('Ctrl Pts',(-1.12943596939162,-2.65153911781785,5.90286130280559));
#2545=CARTESIAN_POINT('Ctrl Pts',(-1.39049068991619,-2.51930947888845,5.87579198469446));
#2546=CARTESIAN_POINT('Ctrl Pts',(-1.98179318489744,-2.07498201958558,5.7850265417404));
#2547=CARTESIAN_POINT('Ctrl Pts',(-2.3751678001017,-1.44557308218111,5.6587238952625));
#2548=CARTESIAN_POINT('Ctrl Pts',(-2.68298439076863,-0.594426756718299,
5.49063521243527));
#2549=CARTESIAN_POINT('Ctrl Pts',(-2.77991268470839,0.200254519261982,5.33608937442395));
#2550=CARTESIAN_POINT('Ctrl Pts',(-2.61079306897903,0.973465552420145,5.18936996342022));
#2551=CARTESIAN_POINT('Ctrl Pts',(-2.33503773263883,1.68164572167808,5.05694530824382));
#2552=CARTESIAN_POINT('Ctrl Pts',(-1.91152862329038,2.31639297238849,4.94131939888062));
#2553=CARTESIAN_POINT('Ctrl Pts',(-1.28508250224245,2.74578964979659,4.86520252936387));
#2554=CARTESIAN_POINT('Ctrl Pts',(-1.01107924224528,2.86755553337757,4.84353771032971));
#2555=CARTESIAN_POINT('Ctrl Pts',(-1.03414359242764,2.91993060733539,4.84613012801285));
#2556=CARTESIAN_POINT('Ctrl Pts',(-1.31447144088824,2.79535800262672,4.86844838231891));
#2557=CARTESIAN_POINT('Ctrl Pts',(-1.95358661292371,2.35700472017275,4.94653530770584));
#2558=CARTESIAN_POINT('Ctrl Pts',(-2.38440573285752,1.71115041085955,5.06400807192207));
#2559=CARTESIAN_POINT('Ctrl Pts',(-2.66543431865494,0.989968740731569,5.19791281099612));
#2560=CARTESIAN_POINT('Ctrl Pts',(-2.83738779622961,0.203970488195284,5.34573720598355));
#2561=CARTESIAN_POINT('Ctrl Pts',(-2.73952031684419,-0.603512326332632,
5.50040267914073));
#2562=CARTESIAN_POINT('Ctrl Pts',(-2.42640623729794,-1.47106092773393,5.66822821952446));
#2563=CARTESIAN_POINT('Ctrl Pts',(-2.02630005713717,-2.11228148517963,5.79406519217916));
#2564=CARTESIAN_POINT('Ctrl Pts',(-1.42289780084854,-2.56641539544643,5.88438099362897));
#2565=CARTESIAN_POINT('Ctrl Pts',(-1.15576651006928,-2.70184430013517,5.91131059352535));
#2566=CARTESIAN_POINT('Ctrl Pts',(-1.15576651006921,-2.70184430013512,5.91131059352487));
#2567=CARTESIAN_POINT('Ctrl Pts',(-1.13370525276393,-2.7130288075891,5.91353459667594));
#2568=CARTESIAN_POINT('Ctrl Pts',(-1.1114737758457,-2.72389536242441,5.91569520794569));
#2569=CARTESIAN_POINT('Ctrl Pts',(-1.08907908439084,-2.73443342631902,5.9177919098236));
#2570=CARTESIAN_POINT('Ctrl Pts',(-1.15488662172267,-2.69878368867887,5.91786727190709));
#2571=CARTESIAN_POINT('Ctrl Pts',(-1.13284527178249,-2.70996619780166,5.92009284198988));
#2572=CARTESIAN_POINT('Ctrl Pts',(-1.11063493905923,-2.72083030681126,5.92225502392886));
#2573=CARTESIAN_POINT('Ctrl Pts',(-1.08826030076446,-2.73136651921521,5.92435317770052));
#2574=CARTESIAN_POINT('Ctrl Pts',(-1.15066532565112,-2.68828528331815,5.92857654631648));
#2575=CARTESIAN_POINT('Ctrl Pts',(-1.1287110660163,-2.69943712759732,5.93080601346841));
#2576=CARTESIAN_POINT('Ctrl Pts',(-1.10658765309491,-2.71027179862636,5.93297200520003));
#2577=CARTESIAN_POINT('Ctrl Pts',(-1.08430199076471,-2.72077882317117,5.93507376199229));
#2578=CARTESIAN_POINT('Ctrl Pts',(-1.14106620921806,-2.66918094760812,5.92928853242397));
#2579=CARTESIAN_POINT('Ctrl Pts',(-1.11929691069996,-2.68024045751365,5.93152286523244));
#2580=CARTESIAN_POINT('Ctrl Pts',(-1.09736143157292,-2.69098462310532,5.93369364013563));
#2581=CARTESIAN_POINT('Ctrl Pts',(-1.07526627113013,-2.70140344277177,5.93579992341257));
#2582=CARTESIAN_POINT('Ctrl Pts',(-1.13316697181382,-2.65574529556418,5.91854405098056));
#2583=CARTESIAN_POINT('Ctrl Pts',(-1.1115441859985,-2.66671741965159,5.92078049666615));
#2584=CARTESIAN_POINT('Ctrl Pts',(-1.08975720912263,-2.67737628061967,5.92295332357268));
#2585=CARTESIAN_POINT('Ctrl Pts',(-1.06781374222091,-2.68771146299794,5.92506159859122));
#2586=CARTESIAN_POINT('Ctrl Pts',(-1.13023508732281,-2.65203118196934,5.90824700570151));
#2587=CARTESIAN_POINT('Ctrl Pts',(-1.10866317425073,-2.66296464583831,5.91048311924049));
#2588=CARTESIAN_POINT('Ctrl Pts',(-1.08692845375985,-2.67358536989632,5.91265560911269));
#2589=CARTESIAN_POINT('Ctrl Pts',(-1.06503811665029,-2.68388345788163,5.9147635871917));
#2590=CARTESIAN_POINT('Ctrl Pts',(-1.12943596939155,-2.6515391178178,5.90286130280512));
#2591=CARTESIAN_POINT('Ctrl Pts',(-1.10787655063736,-2.66245941127837,5.90509684469984));
#2592=CARTESIAN_POINT('Ctrl Pts',(-1.08615475656574,-2.67306724263468,5.90726877902784));
#2593=CARTESIAN_POINT('Ctrl Pts',(-1.06427767009929,-2.6833526599804,5.90937622552431));
#2594=CARTESIAN_POINT('',(-1.08907908439084,-2.73443342631902,5.9177919098236));
#2595=CARTESIAN_POINT('',(-1.06427767009929,-2.6833526599804,5.9093762255243));
#2596=CARTESIAN_POINT('Origin',(-1.07655623206525,-2.71036969838726,5.90498116559631));
#2597=CARTESIAN_POINT('Ctrl Pts',(-1.06427767009929,-2.6833526599804,5.90937622552431));
#2598=CARTESIAN_POINT('Ctrl Pts',(-1.08615475656574,-2.67306724263468,5.90726877902784));
#2599=CARTESIAN_POINT('Ctrl Pts',(-1.10787655063736,-2.66245941127837,5.90509684469984));
#2600=CARTESIAN_POINT('Ctrl Pts',(-1.12943596939155,-2.6515391178178,5.90286130280512));
#2601=CARTESIAN_POINT('Ctrl Pts',(-1.15576651006921,-2.70184430013512,5.91131059352487));
#2602=CARTESIAN_POINT('Ctrl Pts',(-1.13370525276393,-2.7130288075891,5.91353459667594));
#2603=CARTESIAN_POINT('Ctrl Pts',(-1.1114737758457,-2.72389536242441,5.91569520794569));
#2604=CARTESIAN_POINT('Ctrl Pts',(-1.08907908439084,-2.73443342631902,5.9177919098236));
#2605=CARTESIAN_POINT('Ctrl Pts',(-1.08907908439084,-2.73443342631902,5.9177919098236));
#2606=CARTESIAN_POINT('Ctrl Pts',(-1.0856325152676,-2.73605524663796,5.91811459468701));
#2607=CARTESIAN_POINT('Ctrl Pts',(-1.0821820814785,-2.73766928634857,5.91843576569442));
#2608=CARTESIAN_POINT('Ctrl Pts',(-1.07872781476866,-2.73927552598989,5.91875538008567));
#2609=CARTESIAN_POINT('Ctrl Pts',(-1.08826030076446,-2.73136651921521,5.92435317770052));
#2610=CARTESIAN_POINT('Ctrl Pts',(-1.08481681784594,-2.73298805458758,5.92467608601206));
#2611=CARTESIAN_POINT('Ctrl Pts',(-1.08136962570276,-2.73460173986593,5.92499748503633));
#2612=CARTESIAN_POINT('Ctrl Pts',(-1.07791839704533,-2.73620771958199,5.92531732440643));
#2613=CARTESIAN_POINT('Ctrl Pts',(-1.08430199165453,-2.72077882457891,5.93507376439934));
#2614=CARTESIAN_POINT('Ctrl Pts',(-1.08087220224069,-2.72239586790573,5.93539722721996));
#2615=CARTESIAN_POINT('Ctrl Pts',(-1.07743849811775,-2.72400517410462,5.93571917617909));
#2616=CARTESIAN_POINT('Ctrl Pts',(-1.07400090400808,-2.72560674121942,5.93603956977933));
#2617=CARTESIAN_POINT('Ctrl Pts',(-1.07526627129343,-2.70140344282739,5.93579992485862));
#2618=CARTESIAN_POINT('Ctrl Pts',(-1.07186580034216,-2.7030069113206,5.9361240843105));
#2619=CARTESIAN_POINT('Ctrl Pts',(-1.06846148087487,-2.70460269233873,5.936446725869));
#2620=CARTESIAN_POINT('Ctrl Pts',(-1.06505326680426,-2.70619081675967,5.93676780665212));
#2621=CARTESIAN_POINT('Ctrl Pts',(-1.06781374223181,-2.68771146267902,5.92506160028596));
#2622=CARTESIAN_POINT('Ctrl Pts',(-1.06443661709335,-2.68930205929607,5.92538606626919));
#2623=CARTESIAN_POINT('Ctrl Pts',(-1.0610556265396,-2.69088506159407,5.92570900712303));
#2624=CARTESIAN_POINT('Ctrl Pts',(-1.05767090349228,-2.69246040025067,5.92603038239871));
#2625=CARTESIAN_POINT('Ctrl Pts',(-1.06503811665029,-2.68388345788163,5.9147635871917));
#2626=CARTESIAN_POINT('Ctrl Pts',(-1.06166916824879,-2.68546834562836,5.91508800747559));
#2627=CARTESIAN_POINT('Ctrl Pts',(-1.05829645005178,-2.68704561705871,5.91541089912144));
#2628=CARTESIAN_POINT('Ctrl Pts',(-1.0549200100331,-2.68861526609132,5.91573222197096));
#2629=CARTESIAN_POINT('Ctrl Pts',(-1.06427767009929,-2.6833526599804,5.90937622552431));
#2630=CARTESIAN_POINT('Ctrl Pts',(-1.06091076098721,-2.68493559770092,5.90970056399703));
#2631=CARTESIAN_POINT('Ctrl Pts',(-1.05754011578569,-2.68651092540112,5.9100233737009));
#2632=CARTESIAN_POINT('Ctrl Pts',(-1.05416576580991,-2.68807862444184,5.91034461199208));
#2633=CARTESIAN_POINT('',(-1.07872781476866,-2.73927552598989,5.91875538008567));
#2634=CARTESIAN_POINT('',(-1.05416576580991,-2.68807862444184,5.91034461199208));
#2635=CARTESIAN_POINT('Origin',(-1.06632395349812,-2.71514948255863,5.90594607667237));
#2636=CARTESIAN_POINT('Ctrl Pts',(-1.05416576580991,-2.68807862444184,5.91034461199208));
#2637=CARTESIAN_POINT('Ctrl Pts',(-1.05754011578569,-2.68651092540112,5.9100233737009));
#2638=CARTESIAN_POINT('Ctrl Pts',(-1.06091076098721,-2.68493559770092,5.90970056399703));
#2639=CARTESIAN_POINT('Ctrl Pts',(-1.06427767009929,-2.6833526599804,5.90937622552431));
#2640=CARTESIAN_POINT('Ctrl Pts',(-1.08907908439084,-2.73443342631902,5.9177919098236));
#2641=CARTESIAN_POINT('Ctrl Pts',(-1.0856325152676,-2.73605524663796,5.91811459468701));
#2642=CARTESIAN_POINT('Ctrl Pts',(-1.0821820814785,-2.73766928634857,5.91843576569442));
#2643=CARTESIAN_POINT('Ctrl Pts',(-1.07872781476866,-2.73927552598989,5.91875538008567));
#2644=CARTESIAN_POINT('Ctrl Pts',(-1.07872781476865,-2.73927552598988,5.91875538008557));
#2645=CARTESIAN_POINT('Ctrl Pts',(-1.07829123100495,-2.73947853815047,5.91879577605542));
#2646=CARTESIAN_POINT('Ctrl Pts',(-1.07785458667604,-2.73968142542098,5.91883614706047));
#2647=CARTESIAN_POINT('Ctrl Pts',(-1.07741788185598,-2.73988418776935,5.91887649307753));
#2648=CARTESIAN_POINT('Ctrl Pts',(-1.07791839704531,-2.73620771958199,5.92531732440632));
#2649=CARTESIAN_POINT('Ctrl Pts',(-1.07748219726018,-2.73641069889069,5.92535774881118));
#2650=CARTESIAN_POINT('Ctrl Pts',(-1.07704595946983,-2.73661354307762,5.92539814872197));
#2651=CARTESIAN_POINT('Ctrl Pts',(-1.07660963834088,-2.73681627275984,5.92543852316795));
#2652=CARTESIAN_POINT('Ctrl Pts',(-1.07400090415368,-2.72560674145274,5.93603957017672));
#2653=CARTESIAN_POINT('Ctrl Pts',(-1.07356642763507,-2.72580916305406,5.93608006463057));
#2654=CARTESIAN_POINT('Ctrl Pts',(-1.07313189071988,-2.7260114591762,5.9361205340109));
#2655=CARTESIAN_POINT('Ctrl Pts',(-1.07269729262543,-2.72621363209253,5.93616097847222));
#2656=CARTESIAN_POINT('Ctrl Pts',(-1.065053266831,-2.70619081676907,5.93676780689082));
#2657=CARTESIAN_POINT('Ctrl Pts',(-1.06462250364698,-2.70639153935223,5.93680838819752));
#2658=CARTESIAN_POINT('Ctrl Pts',(-1.06419168492124,-2.70659213548941,5.93684894446853));
#2659=CARTESIAN_POINT('Ctrl Pts',(-1.06376080094158,-2.70679261156622,5.93688947568321));
#2660=CARTESIAN_POINT('Ctrl Pts',(-1.0576709034941,-2.69246040019812,5.92603038267849));
#2661=CARTESIAN_POINT('Ctrl Pts',(-1.05724310933366,-2.69265950679224,5.92607100120601));
#2662=CARTESIAN_POINT('Ctrl Pts',(-1.05681524892614,-2.69285849420657,5.92611159450702));
#2663=CARTESIAN_POINT('Ctrl Pts',(-1.05638733525694,-2.6930573561308,5.92615216284878));
#2664=CARTESIAN_POINT('Ctrl Pts',(-1.05492001003309,-2.68861526609131,5.91573222197085));
#2665=CARTESIAN_POINT('Ctrl Pts',(-1.05449326276223,-2.68881365357551,5.91577283387225));
#2666=CARTESIAN_POINT('Ctrl Pts',(-1.05406645508996,-2.68901191827593,5.91581342051331));
#2667=CARTESIAN_POINT('Ctrl Pts',(-1.05363958914918,-2.68921006179783,5.91585398219324));
#2668=CARTESIAN_POINT('Ctrl Pts',(-1.05416576580989,-2.68807862444183,5.91034461199198));
#2669=CARTESIAN_POINT('Ctrl Pts',(-1.05373928269895,-2.68827676546713,5.91038521320607));
#2670=CARTESIAN_POINT('Ctrl Pts',(-1.05331274040673,-2.68847478462947,5.91042578931688));
#2671=CARTESIAN_POINT('Ctrl Pts',(-1.05288613900541,-2.68867268189761,5.91046634030118));
#2672=CARTESIAN_POINT('',(-1.07741788185598,-2.73988418776935,5.91887649307753));
#2673=CARTESIAN_POINT('',(-1.05288613900541,-2.68867268189761,5.91046634030118));
#2674=CARTESIAN_POINT('Origin',(-1.06502910068884,-2.71575030232377,5.90606736842));
#2675=CARTESIAN_POINT('Ctrl Pts',(-1.05288613900541,-2.68867268189761,5.91046634030118));
#2676=CARTESIAN_POINT('Ctrl Pts',(-1.05331274040673,-2.68847478462947,5.91042578931688));
#2677=CARTESIAN_POINT('Ctrl Pts',(-1.05373928269895,-2.68827676546713,5.91038521320607));
#2678=CARTESIAN_POINT('Ctrl Pts',(-1.05416576580989,-2.68807862444183,5.91034461199198));
#2679=CARTESIAN_POINT('Ctrl Pts',(-1.07872781476865,-2.73927552598988,5.91875538008557));
#2680=CARTESIAN_POINT('Ctrl Pts',(-1.07829123100495,-2.73947853815047,5.91879577605542));
#2681=CARTESIAN_POINT('Ctrl Pts',(-1.07785458667604,-2.73968142542098,5.91883614706047));
#2682=CARTESIAN_POINT('Ctrl Pts',(-1.07741788185598,-2.73988418776935,5.91887649307753));
#2683=CARTESIAN_POINT('Ctrl Pts',(-1.07741788185605,-2.73988418776956,5.91887649307901));
#2684=CARTESIAN_POINT('Ctrl Pts',(-0.796272122236165,-2.87042035966773,
5.94485081074711));
#2685=CARTESIAN_POINT('Ctrl Pts',(-0.285964969414299,-3.00054431648746,
5.97065809054285));
#2686=CARTESIAN_POINT('Ctrl Pts',(0.339918149616755,-2.96891793326849,5.96435678974393));
#2687=CARTESIAN_POINT('Ctrl Pts',(0.693447408222089,-2.88564379948731,5.94780460976396));
#2688=CARTESIAN_POINT('Ctrl Pts',(0.86533425397665,-2.82802133545023,5.93633975818331));
#2689=CARTESIAN_POINT('Ctrl Pts',(0.96171620072694,-2.79068377690363,5.9289163324083));
#2690=CARTESIAN_POINT('Ctrl Pts',(1.00950123972066,-2.77044811657296,5.92487940969702));
#2691=CARTESIAN_POINT('Ctrl Pts',(1.03285695887124,-2.76011870405418,5.92284013630638));
#2692=CARTESIAN_POINT('Ctrl Pts',(-1.07660963834095,-2.73681627276005,5.92543852316943));
#2693=CARTESIAN_POINT('Ctrl Pts',(-0.795710923747083,-2.86733140212333,
5.95143114130557));
#2694=CARTESIAN_POINT('Ctrl Pts',(-0.285784854733083,-2.99745525781851,
5.97726299076557));
#2695=CARTESIAN_POINT('Ctrl Pts',(0.339712257334079,-2.96581823923682,5.97095485601455));
#2696=CARTESIAN_POINT('Ctrl Pts',(0.692979694162479,-2.88254720678457,5.95438888252495));
#2697=CARTESIAN_POINT('Ctrl Pts',(0.864766618115493,-2.82491556238783,5.94291294847657));
#2698=CARTESIAN_POINT('Ctrl Pts',(0.961043162823543,-2.78759295897883,5.93548541549281));
#2699=CARTESIAN_POINT('Ctrl Pts',(1.00885344003912,-2.76733312209306,5.93144171277754));
#2700=CARTESIAN_POINT('Ctrl Pts',(1.03208655563363,-2.75704716053443,5.92940688525897));
#2701=CARTESIAN_POINT('Ctrl Pts',(-1.07269729264407,-2.72621363212256,5.93616097852446));
#2702=CARTESIAN_POINT('Ctrl Pts',(-0.792907891619478,-2.85637030260137,
5.96219867012032));
#2703=CARTESIAN_POINT('Ctrl Pts',(-0.284801889259059,-2.98619104890873,
5.98808831000498));
#2704=CARTESIAN_POINT('Ctrl Pts',(0.338570949963912,-2.95460601328344,5.9817653807992));
#2705=CARTESIAN_POINT('Ctrl Pts',(0.690562145649853,-2.87154085283833,5.96516590879173));
#2706=CARTESIAN_POINT('Ctrl Pts',(0.861758149335394,-2.81403590156281,5.95366624438158));
#2707=CARTESIAN_POINT('Ctrl Pts',(0.957627054411739,-2.77682897515137,5.94622648296094));
#2708=CARTESIAN_POINT('Ctrl Pts',(1.00535004957299,-2.75658211054202,5.94217204369745));
#2709=CARTESIAN_POINT('Ctrl Pts',(1.0283391689215,-2.74638899189234,5.94013911750583));
#2710=CARTESIAN_POINT('Ctrl Pts',(-1.06376080094506,-2.70679261156764,5.93688947571519));
#2711=CARTESIAN_POINT('Ctrl Pts',(-0.786362495043085,-2.8358568790124,5.96298302123168));
#2712=CARTESIAN_POINT('Ctrl Pts',(-0.28246840307937,-2.964624608261,5.98893419136572));
#2713=CARTESIAN_POINT('Ctrl Pts',(0.335797401424902,-2.93329261580864,5.98259546228243));
#2714=CARTESIAN_POINT('Ctrl Pts',(0.684845429228594,-2.85090908494601,5.96595668479922));
#2715=CARTESIAN_POINT('Ctrl Pts',(0.854579753229591,-2.79388712677109,5.95443477620053));
#2716=CARTESIAN_POINT('Ctrl Pts',(0.949640760970947,-2.75698917214586,5.94697608746634));
#2717=CARTESIAN_POINT('Ctrl Pts',(0.996931172227336,-2.73691992406051,5.94291965186859));
#2718=CARTESIAN_POINT('Ctrl Pts',(1.01976007656249,-2.72680155799345,5.94087196955625));
#2719=CARTESIAN_POINT('Ctrl Pts',(-1.05638733525724,-2.6930573561243,5.926152162886));
#2720=CARTESIAN_POINT('Ctrl Pts',(-0.780901221645977,-2.82108247633071,
5.95226961616027));
#2721=CARTESIAN_POINT('Ctrl Pts',(-0.280493979059726,-2.94881621672551,
5.97823764875139));
#2722=CARTESIAN_POINT('Ctrl Pts',(0.333430581600951,-2.91775596001058,5.97189455268833));
#2723=CARTESIAN_POINT('Ctrl Pts',(0.680040720206851,-2.8360374043884,5.95524102303204));
#2724=CARTESIAN_POINT('Ctrl Pts',(0.848514753895322,-2.77950864202437,5.94371594382023));
#2725=CARTESIAN_POINT('Ctrl Pts',(0.942966543761093,-2.74288768033763,5.93624588754886));
#2726=CARTESIAN_POINT('Ctrl Pts',(0.989789264511165,-2.72303833440267,5.93219849072323));
#2727=CARTESIAN_POINT('Ctrl Pts',(1.01267373965422,-2.71291352202291,5.93012955449748));
#2728=CARTESIAN_POINT('Ctrl Pts',(-1.05363958914924,-2.68921006179805,5.91585398219472));
#2729=CARTESIAN_POINT('Ctrl Pts',(-0.77882794050698,-2.81677270559148,5.9419671508305));
#2730=CARTESIAN_POINT('Ctrl Pts',(-0.279734661500645,-2.94402764318574,
5.96792337279136));
#2731=CARTESIAN_POINT('Ctrl Pts',(0.332505095730491,-2.91310612009146,5.96158392588491));
#2732=CARTESIAN_POINT('Ctrl Pts',(0.678199912827206,-2.83169192837814,5.94493490244106));
#2733=CARTESIAN_POINT('Ctrl Pts',(0.84617554215017,-2.7753998531919,5.93341757125528));
#2734=CARTESIAN_POINT('Ctrl Pts',(0.940432650807223,-2.73889391163241,5.92594562965282));
#2735=CARTESIAN_POINT('Ctrl Pts',(0.987020668219627,-2.71916767831461,5.92190815822091));
#2736=CARTESIAN_POINT('Ctrl Pts',(1.01002924579457,-2.7090017930708,5.91982554205366));
#2737=CARTESIAN_POINT('Ctrl Pts',(-1.05288613900548,-2.68867268189782,5.91046634030265));
#2738=CARTESIAN_POINT('Ctrl Pts',(-0.778244772251888,-2.81607680206702,
5.9365726252711));
#2739=CARTESIAN_POINT('Ctrl Pts',(-0.279515875333899,-2.94316349644031,
5.96251852178534));
#2740=CARTESIAN_POINT('Ctrl Pts',(0.332233556725158,-2.9122946486523,5.95618236965569));
#2741=CARTESIAN_POINT('Ctrl Pts',(0.677675040966386,-2.83098723565198,5.9395387429217));
#2742=CARTESIAN_POINT('Ctrl Pts',(0.845501923714798,-2.77478185188573,5.92802737136557));
#2743=CARTESIAN_POINT('Ctrl Pts',(0.939718811296882,-2.73831238674921,5.92055586311257));
#2744=CARTESIAN_POINT('Ctrl Pts',(0.986217494524926,-2.71863699458634,5.91652403601338));
#2745=CARTESIAN_POINT('Ctrl Pts',(1.00930266702218,-2.70844381719635,5.91443502507756));
#2746=CARTESIAN_POINT('',(1.03285695887208,-2.76011870405383,5.92284013630626));
#2747=CARTESIAN_POINT('',(1.00930266702218,-2.70844381719635,5.91443502507756));
#2748=CARTESIAN_POINT('Origin',(1.02095580362738,-2.73573633608551,5.91003925211419));
#2749=CARTESIAN_POINT('Ctrl Pts',(1.00930266702218,-2.70844381719635,5.91443502507756));
#2750=CARTESIAN_POINT('Ctrl Pts',(0.986217494524926,-2.71863699458634,5.91652403601338));
#2751=CARTESIAN_POINT('Ctrl Pts',(0.939718811296882,-2.73831238674921,5.92055586311257));
#2752=CARTESIAN_POINT('Ctrl Pts',(0.845501923714798,-2.77478185188573,5.92802737136557));
#2753=CARTESIAN_POINT('Ctrl Pts',(0.677675040966386,-2.83098723565198,5.9395387429217));
#2754=CARTESIAN_POINT('Ctrl Pts',(0.332233556725158,-2.9122946486523,5.95618236965569));
#2755=CARTESIAN_POINT('Ctrl Pts',(-0.279515875333899,-2.94316349644031,
5.96251852178534));
#2756=CARTESIAN_POINT('Ctrl Pts',(-0.778244772251888,-2.81607680206702,
5.9365726252711));
#2757=CARTESIAN_POINT('Ctrl Pts',(-1.05288613900548,-2.68867268189782,5.91046634030265));
#2758=CARTESIAN_POINT('Ctrl Pts',(-1.07741788185605,-2.73988418776956,5.91887649307901));
#2759=CARTESIAN_POINT('Ctrl Pts',(-0.796272122236165,-2.87042035966773,
5.94485081074711));
#2760=CARTESIAN_POINT('Ctrl Pts',(-0.285964969414299,-3.00054431648746,
5.97065809054285));
#2761=CARTESIAN_POINT('Ctrl Pts',(0.339918149616755,-2.96891793326849,5.96435678974393));
#2762=CARTESIAN_POINT('Ctrl Pts',(0.693447408222089,-2.88564379948731,5.94780460976396));
#2763=CARTESIAN_POINT('Ctrl Pts',(0.86533425397665,-2.82802133545023,5.93633975818331));
#2764=CARTESIAN_POINT('Ctrl Pts',(0.96171620072694,-2.79068377690363,5.9289163324083));
#2765=CARTESIAN_POINT('Ctrl Pts',(1.00950123972066,-2.77044811657296,5.92487940969702));
#2766=CARTESIAN_POINT('Ctrl Pts',(1.03285695887124,-2.76011870405418,5.92284013630638));
#2767=CARTESIAN_POINT('Ctrl Pts',(1.03285695887381,-2.76011870405308,5.92284013630581));
#2768=CARTESIAN_POINT('Ctrl Pts',(1.03328146738861,-2.75993109945941,5.92280280314229));
#2769=CARTESIAN_POINT('Ctrl Pts',(1.03370592170966,-2.75974337725637,5.92276544649468));
#2770=CARTESIAN_POINT('Ctrl Pts',(1.03413032176936,-2.75955553747128,5.92272806638496));
#2771=CARTESIAN_POINT('Ctrl Pts',(1.03208655563715,-2.75704716053295,5.92940688525835));
#2772=CARTESIAN_POINT('Ctrl Pts',(1.03251069640614,-2.75685958443709,5.92936952538354));
#2773=CARTESIAN_POINT('Ctrl Pts',(1.0329347606791,-2.75667190042733,5.92933214157965));
#2774=CARTESIAN_POINT('Ctrl Pts',(1.03335879272256,-2.75648408930565,5.92929473474799));
#2775=CARTESIAN_POINT('Ctrl Pts',(1.02833916953698,-2.7463889929236,5.94013911923936));
#2776=CARTESIAN_POINT('Ctrl Pts',(1.02876163960118,-2.74620193137947,5.94010169389742));
#2777=CARTESIAN_POINT('Ctrl Pts',(1.02918405476066,-2.7460147538295,5.94006424513358));
#2778=CARTESIAN_POINT('Ctrl Pts',(1.02960641586765,-2.74582745813892,5.94002677279541));
#2779=CARTESIAN_POINT('Ctrl Pts',(1.01976007667974,-2.72680155803651,5.94087197059767));
#2780=CARTESIAN_POINT('Ctrl Pts',(1.02017892262311,-2.72661607325353,5.94083446523498));
#2781=CARTESIAN_POINT('Ctrl Pts',(1.02059770964316,-2.72643047541493,5.94079693632605));
#2782=CARTESIAN_POINT('Ctrl Pts',(1.02101644731482,-2.72624475855533,5.94075938388109));
#2783=CARTESIAN_POINT('Ctrl Pts',(1.01267373966531,-2.71291352179466,5.93012955571819));
#2784=CARTESIAN_POINT('Ctrl Pts',(1.01308967600519,-2.71272953940685,5.93009201709868));
#2785=CARTESIAN_POINT('Ctrl Pts',(1.01350556513387,-2.71254543891938,5.93005445502363));
#2786=CARTESIAN_POINT('Ctrl Pts',(1.01392139435974,-2.71236122620903,5.93001686925212));
#2787=CARTESIAN_POINT('Ctrl Pts',(1.0100292457954,-2.7090017930704,5.91982554205339));
#2788=CARTESIAN_POINT('Ctrl Pts',(1.01044414948026,-2.70881848030062,5.91978801040478));
#2789=CARTESIAN_POINT('Ctrl Pts',(1.01085900096972,-2.70863505346919,5.91975045531367));
#2790=CARTESIAN_POINT('Ctrl Pts',(1.01127379830127,-2.70845151105541,5.91971287649117));
#2791=CARTESIAN_POINT('Ctrl Pts',(1.00930266702217,-2.70844381719632,5.91443502507735));
#2792=CARTESIAN_POINT('Ctrl Pts',(1.00971730723503,-2.70826073425668,5.91439750367954));
#2793=CARTESIAN_POINT('Ctrl Pts',(1.01013189447685,-2.70807753658049,5.91435995868211));
#2794=CARTESIAN_POINT('Ctrl Pts',(1.01054642868181,-2.70789422419441,5.91432239010711));
#2795=CARTESIAN_POINT('',(1.03413032176936,-2.75955553747128,5.92272806638496));
#2796=CARTESIAN_POINT('',(1.01054642868181,-2.70789422419441,5.91432239010711));
#2797=CARTESIAN_POINT('Origin',(1.02221441110594,-2.73518046397667,5.90992701700634));
#2798=CARTESIAN_POINT('Ctrl Pts',(1.01054642868181,-2.70789422419441,5.91432239010711));
#2799=CARTESIAN_POINT('Ctrl Pts',(1.01013189447685,-2.70807753658049,5.91435995868211));
#2800=CARTESIAN_POINT('Ctrl Pts',(1.00971730723503,-2.70826073425668,5.91439750367954));
#2801=CARTESIAN_POINT('Ctrl Pts',(1.00930266702217,-2.70844381719632,5.91443502507735));
#2802=CARTESIAN_POINT('Ctrl Pts',(1.03285695887381,-2.76011870405308,5.92284013630581));
#2803=CARTESIAN_POINT('Ctrl Pts',(1.03328146738861,-2.75993109945941,5.92280280314229));
#2804=CARTESIAN_POINT('Ctrl Pts',(1.03370592170966,-2.75974337725637,5.92276544649468));
#2805=CARTESIAN_POINT('Ctrl Pts',(1.03413032176936,-2.75955553747128,5.92272806638496));
#2806=CARTESIAN_POINT('Ctrl Pts',(1.03413032176936,-2.75955553747128,5.92272806638497));
#2807=CARTESIAN_POINT('Ctrl Pts',(1.03749320490476,-2.75806712287053,5.92243187193895));
#2808=CARTESIAN_POINT('Ctrl Pts',(1.04085264189468,-2.75657134185382,5.92213420990796));
#2809=CARTESIAN_POINT('Ctrl Pts',(1.04420860332173,-2.75506821131664,5.92183511890133));
#2810=CARTESIAN_POINT('Ctrl Pts',(1.03335879272256,-2.75648408930565,5.929294734748));
#2811=CARTESIAN_POINT('Ctrl Pts',(1.03671875975187,-2.75499590182944,5.9289983285613));
#2812=CARTESIAN_POINT('Ctrl Pts',(1.04007508234574,-2.75350043564047,5.92870045177969));
#2813=CARTESIAN_POINT('Ctrl Pts',(1.04342808216441,-2.75199755468326,5.92840115008061));
#2814=CARTESIAN_POINT('Ctrl Pts',(1.02960641572214,-2.74582745789305,5.94002677238264));
#2815=CARTESIAN_POINT('Ctrl Pts',(1.03295314249866,-2.74434335461644,5.93972984713204));
#2816=CARTESIAN_POINT('Ctrl Pts',(1.03629636833621,-2.7428519412246,5.93943145503127));
#2817=CARTESIAN_POINT('Ctrl Pts',(1.03963607130253,-2.74135321815595,5.93913163342866));
#2818=CARTESIAN_POINT('Ctrl Pts',(1.02101644728796,-2.72624475854465,5.94075938363308));
#2819=CARTESIAN_POINT('Ctrl Pts',(1.02433446250027,-2.72477316569064,5.94046182362817));
#2820=CARTESIAN_POINT('Ctrl Pts',(1.027648969647,-2.72329434112182,5.94016279197253));
#2821=CARTESIAN_POINT('Ctrl Pts',(1.03096001607443,-2.72180825464948,5.93986232730062));
#2822=CARTESIAN_POINT('Ctrl Pts',(1.01392139435771,-2.71236122626311,5.93001686896148));
#2823=CARTESIAN_POINT('Ctrl Pts',(1.01721636347689,-2.71090155206459,5.92971904488191));
#2824=CARTESIAN_POINT('Ctrl Pts',(1.02050797937533,-2.70943464141918,5.92941974524602));
#2825=CARTESIAN_POINT('Ctrl Pts',(1.02379611352656,-2.70796055777944,5.92911900656601));
#2826=CARTESIAN_POINT('Ctrl Pts',(1.01127379830128,-2.70845151105541,5.91971287649118));
#2827=CARTESIAN_POINT('Ctrl Pts',(1.01456059084297,-2.70699714818755,5.91941510747455));
#2828=CARTESIAN_POINT('Ctrl Pts',(1.0178440373945,-2.7055355884962,5.91911586040543));
#2829=CARTESIAN_POINT('Ctrl Pts',(1.02112409361026,-2.70406683623619,5.91881517137184));
#2830=CARTESIAN_POINT('Ctrl Pts',(1.01054642868181,-2.70789422419441,5.91432239010712));
#2831=CARTESIAN_POINT('Ctrl Pts',(1.01383113624738,-2.70644168403193,5.91402470229013));
#2832=CARTESIAN_POINT('Ctrl Pts',(1.01711251375268,-2.7049819415264,5.91372553411055));
#2833=CARTESIAN_POINT('Ctrl Pts',(1.02039053222331,-2.70351501284061,5.91342492406729));
#2834=CARTESIAN_POINT('',(1.04420860332173,-2.75506821131664,5.92183511890133));
#2835=CARTESIAN_POINT('',(1.02039053222331,-2.70351501284061,5.91342492406729));
#2836=CARTESIAN_POINT('Origin',(1.03217606873738,-2.73075119859561,5.90903273616209));
#2837=CARTESIAN_POINT('Ctrl Pts',(1.02039053222331,-2.70351501284061,5.91342492406729));
#2838=CARTESIAN_POINT('Ctrl Pts',(1.01711251375268,-2.7049819415264,5.91372553411055));
#2839=CARTESIAN_POINT('Ctrl Pts',(1.01383113624738,-2.70644168403193,5.91402470229013));
#2840=CARTESIAN_POINT('Ctrl Pts',(1.01054642868181,-2.70789422419441,5.91432239010712));
#2841=CARTESIAN_POINT('Ctrl Pts',(1.03413032176936,-2.75955553747128,5.92272806638497));
#2842=CARTESIAN_POINT('Ctrl Pts',(1.03749320490476,-2.75806712287053,5.92243187193895));
#2843=CARTESIAN_POINT('Ctrl Pts',(1.04085264189468,-2.75657134185382,5.92213420990796));
#2844=CARTESIAN_POINT('Ctrl Pts',(1.04420860332173,-2.75506821131664,5.92183511890133));
#2845=CARTESIAN_POINT('Ctrl Pts',(1.04420860332173,-2.75506821131663,5.92183511890133));
#2846=CARTESIAN_POINT('Ctrl Pts',(1.06599798140426,-2.74530877864913,5.91989319937509));
#2847=CARTESIAN_POINT('Ctrl Pts',(1.08764080188261,-2.73523952448296,5.91789104476742));
#2848=CARTESIAN_POINT('Ctrl Pts',(1.10913048516419,-2.72486979213342,5.91582908478132));
#2849=CARTESIAN_POINT('Ctrl Pts',(1.04342808216441,-2.75199755468326,5.92840115008061));
#2850=CARTESIAN_POINT('Ctrl Pts',(1.0651982312998,-2.74223974247309,5.9264578625835));
#2851=CARTESIAN_POINT('Ctrl Pts',(1.08682075611526,-2.7321726598426,5.92445422523147));
#2852=CARTESIAN_POINT('Ctrl Pts',(1.10829134928097,-2.72180467606326,5.92239077957672));
#2853=CARTESIAN_POINT('Ctrl Pts',(1.03963607040777,-2.74135321666319,5.93913163091398));
#2854=CARTESIAN_POINT('Ctrl Pts',(1.06131988656545,-2.73162240053386,5.93718496781951));
#2855=CARTESIAN_POINT('Ctrl Pts',(1.08285803943229,-2.72158256709545,5.93517775736645));
#2856=CARTESIAN_POINT('Ctrl Pts',(1.10424404626383,-2.71124299618196,5.93311064599837));
#2857=CARTESIAN_POINT('Ctrl Pts',(1.03096001590947,-2.72180825458569,5.93986232578975));
#2858=CARTESIAN_POINT('Ctrl Pts',(1.05245777266991,-2.71215948456466,5.93791148741478));
#2859=CARTESIAN_POINT('Ctrl Pts',(1.07381221432122,-2.70220392158568,5.93589987486608));
#2860=CARTESIAN_POINT('Ctrl Pts',(1.0950172653305,-2.69195041078802,5.93382829015641));
#2861=CARTESIAN_POINT('Ctrl Pts',(1.02379611351435,-2.7079605581096,5.92911900479546));
#2862=CARTESIAN_POINT('Ctrl Pts',(1.0451451068698,-2.69838971933515,5.92716638735777));
#2863=CARTESIAN_POINT('Ctrl Pts',(1.06635374483243,-2.68851371551218,5.9251529609022));
#2864=CARTESIAN_POINT('Ctrl Pts',(1.08741478419353,-2.67834178613659,5.92307952581675));
#2865=CARTESIAN_POINT('Ctrl Pts',(1.02112409361026,-2.70406683623619,5.91881517137184));
#2866=CARTESIAN_POINT('Ctrl Pts',(1.04242063904755,-2.69453061271321,5.91686287627534));
#2867=CARTESIAN_POINT('Ctrl Pts',(1.06357760114771,-2.68469022707273,5.91484982292587));
#2868=CARTESIAN_POINT('Ctrl Pts',(1.0845882490114,-2.6745544363293,5.91277676881468));
#2869=CARTESIAN_POINT('Ctrl Pts',(1.02039053222331,-2.70351501284061,5.91342492406729));
#2870=CARTESIAN_POINT('Ctrl Pts',(1.04167384711553,-2.69399062930713,5.91147314183431));
#2871=CARTESIAN_POINT('Ctrl Pts',(1.06281787020515,-2.68416229898922,5.90946062795502));
#2872=CARTESIAN_POINT('Ctrl Pts',(1.08381597131174,-2.67403883352285,5.90738813394763));
#2873=CARTESIAN_POINT('',(1.10913048516421,-2.72486979213341,5.91582908478132));
#2874=CARTESIAN_POINT('',(1.08381597131174,-2.67403883352285,5.90738813394763));
#2875=CARTESIAN_POINT('Origin',(1.09635412577293,-2.70094031195074,5.90301719113159));
#2876=CARTESIAN_POINT('Ctrl Pts',(1.08381597131174,-2.67403883352285,5.90738813394763));
#2877=CARTESIAN_POINT('Ctrl Pts',(1.06281787020515,-2.68416229898922,5.90946062795502));
#2878=CARTESIAN_POINT('Ctrl Pts',(1.04167384711553,-2.69399062930713,5.91147314183431));
#2879=CARTESIAN_POINT('Ctrl Pts',(1.02039053222331,-2.70351501284061,5.91342492406729));
#2880=CARTESIAN_POINT('Ctrl Pts',(1.04420860332173,-2.75506821131663,5.92183511890133));
#2881=CARTESIAN_POINT('Ctrl Pts',(1.06599798140426,-2.74530877864913,5.91989319937509));
#2882=CARTESIAN_POINT('Ctrl Pts',(1.08764080188261,-2.73523952448296,5.91789104476742));
#2883=CARTESIAN_POINT('Ctrl Pts',(1.10913048516419,-2.72486979213342,5.91582908478132));
#2884=CARTESIAN_POINT('Ctrl Pts',(1.10913048516426,-2.72486979213345,5.91582908478165));
#2885=CARTESIAN_POINT('Ctrl Pts',(1.37877725889136,-2.59475317590281,5.88995616471483));
#2886=CARTESIAN_POINT('Ctrl Pts',(1.99049895577789,-2.15211611786867,5.80196893321581));
#2887=CARTESIAN_POINT('Ctrl Pts',(2.40133980111423,-1.51775221370923,5.67748581936191));
#2888=CARTESIAN_POINT('Ctrl Pts',(2.72844317532728,-0.655505049013903,5.51052792379802));
#2889=CARTESIAN_POINT('Ctrl Pts',(2.83887793558861,0.150430438342918,5.35589474181961));
#2890=CARTESIAN_POINT('Ctrl Pts',(2.67932720057134,0.938962215730172,5.20738898530776));
#2891=CARTESIAN_POINT('Ctrl Pts',(2.40976016387943,1.66526840872858,5.07238530556329));
#2892=CARTESIAN_POINT('Ctrl Pts',(1.98918495664866,2.31910171041711,4.95333877426151));
#2893=CARTESIAN_POINT('Ctrl Pts',(1.35719743606404,2.76968697573835,4.87295711364409));
#2894=CARTESIAN_POINT('Ctrl Pts',(1.07877686662245,2.89967197808573,4.84966459009583));
#2895=CARTESIAN_POINT('Ctrl Pts',(1.10829134928104,-2.72180467606329,5.92239077957705));
#2896=CARTESIAN_POINT('Ctrl Pts',(1.37769310621063,-2.59171175102414,5.89649931510343));
#2897=CARTESIAN_POINT('Ctrl Pts',(1.98880115923954,-2.14919246685141,5.8084561910207));
#2898=CARTESIAN_POINT('Ctrl Pts',(2.39902795990645,-1.51516397417625,5.68391847615123));
#2899=CARTESIAN_POINT('Ctrl Pts',(2.72545193372848,-0.653601809438814,5.5169221267607));
#2900=CARTESIAN_POINT('Ctrl Pts',(2.83550854964887,0.151634664870539,5.36228766926473));
#2901=CARTESIAN_POINT('Ctrl Pts',(2.67595185280269,0.939322685751042,5.21385383067376));
#2902=CARTESIAN_POINT('Ctrl Pts',(2.40658656642039,1.66474202603425,5.07894485920054));
#2903=CARTESIAN_POINT('Ctrl Pts',(1.98645562763226,2.3178061160352,4.96000572431505));
#2904=CARTESIAN_POINT('Ctrl Pts',(1.35528166092509,2.76782932147925,4.87971904744112));
#2905=CARTESIAN_POINT('Ctrl Pts',(1.07726268490241,2.8976431949786,4.856461643297));
#2906=CARTESIAN_POINT('Ctrl Pts',(1.10424486083529,-2.71124372747329,5.93311540053162));
#2907=CARTESIAN_POINT('Ctrl Pts',(1.37259707204056,-2.58150080827387,5.90717827489003));
#2908=CARTESIAN_POINT('Ctrl Pts',(1.98134976603808,-2.14016795976751,5.81899597176672));
#2909=CARTESIAN_POINT('Ctrl Pts',(2.38979828667559,-1.50792218068702,5.69431485334677));
#2910=CARTESIAN_POINT('Ctrl Pts',(2.71445253607716,-0.649229339626422,5.52722149250051));
#2911=CARTESIAN_POINT('Ctrl Pts',(2.8237271771177,0.1534726367667,5.37259079699586));
#2912=CARTESIAN_POINT('Ctrl Pts',(2.66443173264191,0.93837152793692,5.22438900979736));
#2913=CARTESIAN_POINT('Ctrl Pts',(2.39594257640428,1.66090385849858,5.08979034789755));
#2914=CARTESIAN_POINT('Ctrl Pts',(1.97732399898698,2.31149219488801,4.97121629814336));
#2915=CARTESIAN_POINT('Ctrl Pts',(1.34886590101483,2.75961377931684,4.89128871849785));
#2916=CARTESIAN_POINT('Ctrl Pts',(1.07217856663587,2.88884217450763,4.86815750482721));
#2917=CARTESIAN_POINT('Ctrl Pts',(1.09501612083769,-2.69194691187979,5.93383386094491));
#2918=CARTESIAN_POINT('Ctrl Pts',(1.36109031489453,-2.56328581139962,5.90784082877745));
#2919=CARTESIAN_POINT('Ctrl Pts',(1.96523095686388,-2.12534306041404,5.81948161272198));
#2920=CARTESIAN_POINT('Ctrl Pts',(2.37091999712043,-1.49735766366034,5.69461277360178));
#2921=CARTESIAN_POINT('Ctrl Pts',(2.69326463950537,-0.644714743952663,5.52739617988782));
#2922=CARTESIAN_POINT('Ctrl Pts',(2.80193694572308,0.153158002349165,5.37278702615414));
#2923=CARTESIAN_POINT('Ctrl Pts',(2.64355694614738,0.933151294770067,5.22498850734068));
#2924=CARTESIAN_POINT('Ctrl Pts',(2.37694436408739,1.65067575679137,5.09093908291022));
#2925=CARTESIAN_POINT('Ctrl Pts',(1.96106384949778,2.29698628468238,4.97305476386502));
#2926=CARTESIAN_POINT('Ctrl Pts',(1.33736926635349,2.74168867774195,4.89386293852136));
#2927=CARTESIAN_POINT('Ctrl Pts',(1.06306519968732,2.86982357920541,4.87098384299085));
#2928=CARTESIAN_POINT('Ctrl Pts',(1.08741064297281,-2.67833328374002,5.92307907153546));
#2929=CARTESIAN_POINT('Ctrl Pts',(1.35167418355721,-2.55069812662908,5.89706258389929));
#2930=CARTESIAN_POINT('Ctrl Pts',(1.95236145611317,-2.11588609317209,5.80862544750613));
#2931=CARTESIAN_POINT('Ctrl Pts',(2.35641096737209,-1.49149965526503,5.68366774356124));
#2932=CARTESIAN_POINT('Ctrl Pts',(2.6776742588435,-0.643604639106149,5.51639708366233));
#2933=CARTESIAN_POINT('Ctrl Pts',(2.78641409744098,0.150746038467827,5.36181163758904));
#2934=CARTESIAN_POINT('Ctrl Pts',(2.62893754521968,0.9273917051106,5.21428504469419));
#2935=CARTESIAN_POINT('Ctrl Pts',(2.36380319675155,1.64153832085548,5.08061366114872));
#2936=CARTESIAN_POINT('Ctrl Pts',(1.94980682838429,2.28496740968425,4.9632290969014));
#2937=CARTESIAN_POINT('Ctrl Pts',(1.32935883381051,2.72723595927611,4.88461374874686));
#2938=CARTESIAN_POINT('Ctrl Pts',(1.05670558283011,2.85457990126647,4.86192591006733));
#2939=CARTESIAN_POINT('Ctrl Pts',(1.08458824901146,-2.67455443632933,5.91277676881502));
#2940=CARTESIAN_POINT('Ctrl Pts',(1.34822591154678,-2.54737178690941,5.88676472096754));
#2941=CARTESIAN_POINT('Ctrl Pts',(1.94780959038238,-2.11391625257872,5.79833812444195));
#2942=CARTESIAN_POINT('Ctrl Pts',(2.35161542271554,-1.49091094245805,5.67338372247543));
#2943=CARTESIAN_POINT('Ctrl Pts',(2.67293139911576,-0.644644514959218,5.50611966173198));
#2944=CARTESIAN_POINT('Ctrl Pts',(2.78200947189005,0.148654400378983,5.3515460742395));
#2945=CARTESIAN_POINT('Ctrl Pts',(2.62495089898502,0.924443728404766,5.20408546506176));
#2946=CARTESIAN_POINT('Ctrl Pts',(2.36032360736956,1.6377517884022,5.07051052950803));
#2947=CARTESIAN_POINT('Ctrl Pts',(1.94680601248,2.28046741592439,4.95326564978144));
#2948=CARTESIAN_POINT('Ctrl Pts',(1.32719282897903,2.72202263645487,4.87484203462579));
#2949=CARTESIAN_POINT('Ctrl Pts',(1.05497435252963,2.84913478977922,4.85221365158787));
#2950=CARTESIAN_POINT('Ctrl Pts',(1.08381597131179,-2.67403883352289,5.90738813394796));
#2951=CARTESIAN_POINT('Ctrl Pts',(1.34729450394502,-2.54701230799549,5.88138303581135));
#2952=CARTESIAN_POINT('Ctrl Pts',(1.94666235170331,-2.11400241525689,5.79297558274182));
#2953=CARTESIAN_POINT('Ctrl Pts',(2.35054099480554,-1.49139531090917,5.6680370586182));
#2954=CARTESIAN_POINT('Ctrl Pts',(2.67205904748764,-0.6455203583518,5.50078560167176));
#2955=CARTESIAN_POINT('Ctrl Pts',(2.78135716055943,0.147594921809986,5.34621635524585));
#2956=CARTESIAN_POINT('Ctrl Pts',(2.62444533442464,0.923307374922595,5.19875933483469));
#2957=CARTESIAN_POINT('Ctrl Pts',(2.35993962768876,1.63655461757857,5.06519160489931));
#2958=CARTESIAN_POINT('Ctrl Pts',(1.94646715889281,2.27921588151012,4.94796519351749));
#2959=CARTESIAN_POINT('Ctrl Pts',(1.32692260015093,2.72065752383583,4.86958000655855));
#2960=CARTESIAN_POINT('Ctrl Pts',(1.05475547317373,2.84772732799242,4.84696355608333));
#2961=CARTESIAN_POINT('',(1.07877686662244,2.89967197808574,4.84966459009583));
#2962=CARTESIAN_POINT('',(1.05475547317373,2.84772732799242,4.84696355608333));
#2963=CARTESIAN_POINT('Origin',(1.06755226112591,2.87379751222651,4.8394410756342));
#2964=CARTESIAN_POINT('Ctrl Pts',(1.05475547317373,2.84772732799242,4.84696355608333));
#2965=CARTESIAN_POINT('Ctrl Pts',(1.32692260015093,2.72065752383583,4.86958000655855));
#2966=CARTESIAN_POINT('Ctrl Pts',(1.94646715889281,2.27921588151012,4.94796519351749));
#2967=CARTESIAN_POINT('Ctrl Pts',(2.35993962768876,1.63655461757857,5.06519160489931));
#2968=CARTESIAN_POINT('Ctrl Pts',(2.62444533442464,0.923307374922595,5.19875933483469));
#2969=CARTESIAN_POINT('Ctrl Pts',(2.78135716055943,0.147594921809986,5.34621635524585));
#2970=CARTESIAN_POINT('Ctrl Pts',(2.67205904748764,-0.6455203583518,5.50078560167176));
#2971=CARTESIAN_POINT('Ctrl Pts',(2.35054099480554,-1.49139531090917,5.6680370586182));
#2972=CARTESIAN_POINT('Ctrl Pts',(1.94666235170331,-2.11400241525689,5.79297558274182));
#2973=CARTESIAN_POINT('Ctrl Pts',(1.34729450394502,-2.54701230799549,5.88138303581135));
#2974=CARTESIAN_POINT('Ctrl Pts',(1.08381597131179,-2.67403883352289,5.90738813394796));
#2975=CARTESIAN_POINT('Ctrl Pts',(1.10913048516426,-2.72486979213345,5.91582908478165));
#2976=CARTESIAN_POINT('Ctrl Pts',(1.37877725889136,-2.59475317590281,5.88995616471483));
#2977=CARTESIAN_POINT('Ctrl Pts',(1.99049895577789,-2.15211611786867,5.80196893321581));
#2978=CARTESIAN_POINT('Ctrl Pts',(2.40133980111423,-1.51775221370923,5.67748581936191));
#2979=CARTESIAN_POINT('Ctrl Pts',(2.72844317532728,-0.655505049013903,5.51052792379802));
#2980=CARTESIAN_POINT('Ctrl Pts',(2.83887793558861,0.150430438342918,5.35589474181961));
#2981=CARTESIAN_POINT('Ctrl Pts',(2.67932720057134,0.938962215730172,5.20738898530776));
#2982=CARTESIAN_POINT('Ctrl Pts',(2.40976016387943,1.66526840872858,5.07238530556329));
#2983=CARTESIAN_POINT('Ctrl Pts',(1.98918495664866,2.31910171041711,4.95333877426151));
#2984=CARTESIAN_POINT('Ctrl Pts',(1.35719743606404,2.76968697573835,4.87295711364409));
#2985=CARTESIAN_POINT('Ctrl Pts',(1.07877686662245,2.89967197808573,4.84966459009583));
#2986=CARTESIAN_POINT('Ctrl Pts',(1.07877686662243,2.89967197808564,4.8496645900955));
#2987=CARTESIAN_POINT('Ctrl Pts',(1.07875843781252,2.89968058186411,4.84966304835061));
#2988=CARTESIAN_POINT('Ctrl Pts',(1.07874000889408,2.89968918542056,4.84966150664481));
#2989=CARTESIAN_POINT('Ctrl Pts',(1.07872157986713,2.89969778875499,4.84965996497811));
#2990=CARTESIAN_POINT('Ctrl Pts',(1.0772626849024,2.89764319497851,4.85646164329667));
#2991=CARTESIAN_POINT('Ctrl Pts',(1.07724428222669,2.89765178767185,4.85646010381942));
#2992=CARTESIAN_POINT('Ctrl Pts',(1.07722588038358,2.8976603797268,4.85645856447548));
#2993=CARTESIAN_POINT('Ctrl Pts',(1.07720747749154,2.89766897197657,4.85645702507639));
#2994=CARTESIAN_POINT('Ctrl Pts',(1.07217829090462,2.88884077864504,4.86815300092071));
#2995=CARTESIAN_POINT('Ctrl Pts',(1.07215997693199,2.88884933227003,4.86815146987224));
#2996=CARTESIAN_POINT('Ctrl Pts',(1.07214166280643,2.88885788568756,4.86814993886396));
#2997=CARTESIAN_POINT('Ctrl Pts',(1.07212334861973,2.88886643887053,4.8681484078935));
#2998=CARTESIAN_POINT('Ctrl Pts',(1.06306686763266,2.86982612821524,4.87097811332063));
#2999=CARTESIAN_POINT('Ctrl Pts',(1.06304871105086,2.86983460973009,4.87097659889352));
#3000=CARTESIAN_POINT('Ctrl Pts',(1.063030554502,2.86984309095749,4.87097508452472));
#3001=CARTESIAN_POINT('Ctrl Pts',(1.06301239771008,2.86985157203301,4.87097357017518));
#3002=CARTESIAN_POINT('Ctrl Pts',(1.05670951911026,2.85458824795852,4.8619254282951));
#3003=CARTESIAN_POINT('Ctrl Pts',(1.056691471747,2.85459667718489,4.86192392651078));
#3004=CARTESIAN_POINT('Ctrl Pts',(1.05667342402562,2.85460510630651,4.86192242473556));
#3005=CARTESIAN_POINT('Ctrl Pts',(1.05665537645499,2.85461353509543,4.86192092302841));
#3006=CARTESIAN_POINT('Ctrl Pts',(1.05497435252961,2.84913478977914,4.85221365158754));
#3007=CARTESIAN_POINT('Ctrl Pts',(1.054956334324,2.84914320336497,4.85221215381171));
#3008=CARTESIAN_POINT('Ctrl Pts',(1.05493831588741,2.84915161678028,4.85221065606868));
#3009=CARTESIAN_POINT('Ctrl Pts',(1.05492029747519,2.84916002992922,4.85220915836985));
#3010=CARTESIAN_POINT('Ctrl Pts',(1.05475547317371,2.84772732799233,4.846963556083));
#3011=CARTESIAN_POINT('Ctrl Pts',(1.05473745828208,2.84773573881247,4.84696205908772));
#3012=CARTESIAN_POINT('Ctrl Pts',(1.05471944328719,2.8477441494142,4.84696056213092));
#3013=CARTESIAN_POINT('Ctrl Pts',(1.05470142818906,2.84775255979752,4.8469590652126));
#3014=CARTESIAN_POINT('',(1.07872157986713,2.89969778875499,4.84965996497811));
#3015=CARTESIAN_POINT('',(1.05470142818906,2.84775255979752,4.8469590652126));
#3016=CARTESIAN_POINT('Origin',(1.0674975532686,2.87382304801267,4.83943651064832));
#3017=CARTESIAN_POINT('Ctrl Pts',(1.05470142818906,2.84775255979752,4.8469590652126));
#3018=CARTESIAN_POINT('Ctrl Pts',(1.05471944328719,2.8477441494142,4.84696056213092));
#3019=CARTESIAN_POINT('Ctrl Pts',(1.05473745828208,2.84773573881247,4.84696205908772));
#3020=CARTESIAN_POINT('Ctrl Pts',(1.05475547317371,2.84772732799233,4.846963556083));
#3021=CARTESIAN_POINT('Ctrl Pts',(1.07877686662243,2.89967197808564,4.8496645900955));
#3022=CARTESIAN_POINT('Ctrl Pts',(1.07875843781252,2.89968058186411,4.84966304835061));
#3023=CARTESIAN_POINT('Ctrl Pts',(1.07874000889408,2.89968918542056,4.84966150664481));
#3024=CARTESIAN_POINT('Ctrl Pts',(1.07872157986713,2.89969778875499,4.84965996497811));
#3025=CARTESIAN_POINT('Ctrl Pts',(1.07872157986714,2.89969778875498,4.84965996497811));
#3026=CARTESIAN_POINT('Ctrl Pts',(1.07860665887919,2.89975143801679,4.84965035134736));
#3027=CARTESIAN_POINT('Ctrl Pts',(1.07849173371554,2.8998050786247,4.84964073924072));
#3028=CARTESIAN_POINT('Ctrl Pts',(1.07837680437716,2.89985871057732,4.84963112865847));
#3029=CARTESIAN_POINT('Ctrl Pts',(1.07720747749154,2.89766897197657,4.85645702507639));
#3030=CARTESIAN_POINT('Ctrl Pts',(1.07709271947741,2.89772255211596,4.85644742558621));
#3031=CARTESIAN_POINT('Ctrl Pts',(1.07697796318368,2.89777612100598,4.85643782820844));
#3032=CARTESIAN_POINT('Ctrl Pts',(1.07686319687729,2.89782968384049,4.85642823176843));
#3033=CARTESIAN_POINT('Ctrl Pts',(1.07212334862068,2.88886643887313,4.86814840789679));
#3034=CARTESIAN_POINT('Ctrl Pts',(1.07200914376148,2.88891977539708,4.86813886096641));
#3035=CARTESIAN_POINT('Ctrl Pts',(1.07189493453637,2.88897310337332,4.86812931556748));
#3036=CARTESIAN_POINT('Ctrl Pts',(1.071780721519,2.88902642263149,4.86811977168563));
#3037=CARTESIAN_POINT('Ctrl Pts',(1.0630123977101,2.86985157203342,4.87097357017729));
#3038=CARTESIAN_POINT('Ctrl Pts',(1.06289917434403,2.86990445890478,4.8709641268928));
#3039=CARTESIAN_POINT('Ctrl Pts',(1.06278594782904,2.86995733677651,4.87095468524536));
#3040=CARTESIAN_POINT('Ctrl Pts',(1.06267271644508,2.87001020649257,4.87094524499187));
#3041=CARTESIAN_POINT('Ctrl Pts',(1.05665537645474,2.85461353509535,4.86192092303094));
#3042=CARTESIAN_POINT('Ctrl Pts',(1.05654283417824,2.85466609591434,4.86191155858266));
#3043=CARTESIAN_POINT('Ctrl Pts',(1.05643028632546,2.85471864891928,4.86190219545521));
#3044=CARTESIAN_POINT('Ctrl Pts',(1.05631773607076,2.85477119268745,4.86189283401642));
#3045=CARTESIAN_POINT('Ctrl Pts',(1.05492029747519,2.84916002992922,4.85220915836985));
#3046=CARTESIAN_POINT('Ctrl Pts',(1.0548079370267,2.84921249321935,4.85219981891697));
#3047=CARTESIAN_POINT('Ctrl Pts',(1.05469557177893,2.8492649483072,4.85219048092755));
#3048=CARTESIAN_POINT('Ctrl Pts',(1.05458320332563,2.84931739459373,4.85218114447297));
#3049=CARTESIAN_POINT('Ctrl Pts',(1.05470142818905,2.84775255979752,4.8469590652126));
#3050=CARTESIAN_POINT('Ctrl Pts',(1.05458908840674,2.84780500584165,4.84694973062687));
#3051=CARTESIAN_POINT('Ctrl Pts',(1.05447674460938,2.84785744339295,4.84694039753807));
#3052=CARTESIAN_POINT('Ctrl Pts',(1.05436439679796,2.84790987245006,4.84693106594649));
#3053=CARTESIAN_POINT('',(1.07837680437716,2.89985871057732,4.84963112865847));
#3054=CARTESIAN_POINT('',(1.05436439679796,2.84790987245006,4.84693106594649));
#3055=CARTESIAN_POINT('Origin',(1.06715638790735,2.87398225599057,4.83940804926607));
#3056=CARTESIAN_POINT('Ctrl Pts',(1.05436439679796,2.84790987245006,4.84693106594649));
#3057=CARTESIAN_POINT('Ctrl Pts',(1.05447674460938,2.84785744339295,4.84694039753807));
#3058=CARTESIAN_POINT('Ctrl Pts',(1.05458908840674,2.84780500584165,4.84694973062687));
#3059=CARTESIAN_POINT('Ctrl Pts',(1.05470142818905,2.84775255979752,4.8469590652126));
#3060=CARTESIAN_POINT('Ctrl Pts',(1.07872157986714,2.89969778875498,4.84965996497811));
#3061=CARTESIAN_POINT('Ctrl Pts',(1.07860665887919,2.89975143801679,4.84965035134736));
#3062=CARTESIAN_POINT('Ctrl Pts',(1.07849173371554,2.8998050786247,4.84964073924072));
#3063=CARTESIAN_POINT('Ctrl Pts',(1.07837680437716,2.89985871057732,4.84963112865847));
#3064=CARTESIAN_POINT('Ctrl Pts',(1.0717810235197,2.90292501709758,4.84908163116682));
#3065=CARTESIAN_POINT('Ctrl Pts',(0.812789234480172,3.02287164528963,4.82758532131662));
#3066=CARTESIAN_POINT('Ctrl Pts',(0.532744659143335,3.09843835584981,4.81390797467153));
#3067=CARTESIAN_POINT('Ctrl Pts',(0.247940947832651,3.12606324290653,4.80893169192564));
#3068=CARTESIAN_POINT('Ctrl Pts',(1.07027687999491,2.90089199341408,4.85587955491594));
#3069=CARTESIAN_POINT('Ctrl Pts',(0.811652117913923,3.02068437714535,4.83441494513366));
#3070=CARTESIAN_POINT('Ctrl Pts',(0.53201159774458,3.09616197465439,4.82076362361975));
#3071=CARTESIAN_POINT('Ctrl Pts',(0.247597827613046,3.12375526978765,4.81579590862983));
#3072=CARTESIAN_POINT('Ctrl Pts',(1.06522603152148,2.89207486438947,4.8675740924909));
#3073=CARTESIAN_POINT('Ctrl Pts',(0.80784741360791,3.01132302845773,4.84622730196379));
#3074=CARTESIAN_POINT('Ctrl Pts',(0.529519484702143,3.08648122224909,4.83266603091566));
#3075=CARTESIAN_POINT('Ctrl Pts',(0.246440210835676,3.11395637799936,4.8277299771481));
#3076=CARTESIAN_POINT('Ctrl Pts',(1.05617438097624,2.87303293704632,4.870405498361));
#3077=CARTESIAN_POINT('Ctrl Pts',(0.80100761399646,2.99127574353617,4.84929092979294));
#3078=CARTESIAN_POINT('Ctrl Pts',(0.525045920557603,3.06580675878813,4.83590001239278));
#3079=CARTESIAN_POINT('Ctrl Pts',(0.2443561273266,3.09305412672131,4.83102488201084));
#3080=CARTESIAN_POINT('Ctrl Pts',(1.04985845029099,2.85777530326208,4.86135759147245));
#3081=CARTESIAN_POINT('Ctrl Pts',(0.796227116858505,2.97528865488745,4.84041958623203));
#3082=CARTESIAN_POINT('Ctrl Pts',(0.52190992667418,3.04935307842955,4.82715201009441));
#3083=CARTESIAN_POINT('Ctrl Pts',(0.242895466102357,3.076430294251,4.82232225626425));
#3084=CARTESIAN_POINT('Ctrl Pts',(1.0481343742061,2.85231591842981,4.85164733394845));
#3085=CARTESIAN_POINT('Ctrl Pts',(0.794913351075992,2.96961081781928,4.83076528871103));
#3086=CARTESIAN_POINT('Ctrl Pts',(0.521046866861604,3.04352728778448,4.81753492043839));
#3087=CARTESIAN_POINT('Ctrl Pts',(0.242492289760024,3.07055078235835,4.81271924490748));
#3088=CARTESIAN_POINT('Ctrl Pts',(1.04791677201552,2.85090740268895,4.84639753439176));
#3089=CARTESIAN_POINT('Ctrl Pts',(0.79474261693692,2.96816354524564,4.82552638392389));
#3090=CARTESIAN_POINT('Ctrl Pts',(0.520933848083755,3.04205006683355,4.81230263176656));
#3091=CARTESIAN_POINT('Ctrl Pts',(0.242438902583149,3.06906266122483,4.8074896428307));
#3092=CARTESIAN_POINT('',(1.04791677201552,2.85090740268895,4.84639753439176));
#3093=CARTESIAN_POINT('Ctrl Pts',(0.242438902583149,3.06906266122483,4.8074896428307));
#3094=CARTESIAN_POINT('Ctrl Pts',(0.520933848083755,3.04205006683355,4.81230263176656));
#3095=CARTESIAN_POINT('Ctrl Pts',(0.79474261693692,2.96816354524564,4.82552638392389));
#3096=CARTESIAN_POINT('Ctrl Pts',(1.04791677201552,2.85090740268895,4.84639753439176));
#3097=CARTESIAN_POINT('',(1.07178102351969,2.90292501709758,4.84908163116682));
#3098=CARTESIAN_POINT('Origin',(1.06062967889231,2.87701589890007,4.83886570696835));
#3099=CARTESIAN_POINT('Ctrl Pts',(1.0717810235197,2.90292501709758,4.84908163116682));
#3100=CARTESIAN_POINT('Ctrl Pts',(0.812789234480172,3.02287164528963,4.82758532131662));
#3101=CARTESIAN_POINT('Ctrl Pts',(0.532744659143335,3.09843835584981,4.81390797467153));
#3102=CARTESIAN_POINT('Ctrl Pts',(0.247940947832651,3.12606324290653,4.80893169192564));
#3103=CARTESIAN_POINT('Ctrl Pts',(1.04791677201549,2.8509074026888,4.84639753439119));
#3104=CARTESIAN_POINT('Ctrl Pts',(1.05006746459451,2.84991132188599,4.84657483301163));
#3105=CARTESIAN_POINT('Ctrl Pts',(1.05221667593746,2.84891214368467,4.84675267658892));
#3106=CARTESIAN_POINT('Ctrl Pts',(1.05436439679796,2.84790987245006,4.84693106594649));
#3107=CARTESIAN_POINT('Ctrl Pts',(1.0482069082696,2.8527854236766,4.85339726713344));
#3108=CARTESIAN_POINT('Ctrl Pts',(1.05035810323176,2.85178891710937,4.85357468537662));
#3109=CARTESIAN_POINT('Ctrl Pts',(1.05250792025574,2.85078926575671,4.85375266113853));
#3110=CARTESIAN_POINT('Ctrl Pts',(1.05465613883485,2.84978656864163,4.85393117064845));
#3111=CARTESIAN_POINT('Ctrl Pts',(1.05112101208585,2.86132973652606,4.86598765068271));
#3112=CARTESIAN_POINT('Ctrl Pts',(1.05327817469145,2.86033016701857,4.86616584683583));
#3113=CARTESIAN_POINT('Ctrl Pts',(1.05543385656491,2.85932748930322,4.86634459050539));
#3114=CARTESIAN_POINT('Ctrl Pts',(1.0575880277869,2.8583217152105,4.86652388162238));
#3115=CARTESIAN_POINT('Ctrl Pts',(1.05950189660841,2.88028602118293,4.87077975556133));
#3116=CARTESIAN_POINT('Ctrl Pts',(1.06167640086277,2.87927840006503,4.87095986186131));
#3117=CARTESIAN_POINT('Ctrl Pts',(1.06384943272007,2.87826763770577,4.87114052231689));
#3118=CARTESIAN_POINT('Ctrl Pts',(1.0660209197548,2.87725376469209,4.87132173198902));
#3119=CARTESIAN_POINT('Ctrl Pts',(1.06727063032064,2.8957291467056,4.86331600064067));
#3120=CARTESIAN_POINT('Ctrl Pts',(1.06946131931551,2.89471426812698,4.86349774800548));
#3121=CARTESIAN_POINT('Ctrl Pts',(1.0716504635883,2.89369625174821,4.8636800467439));
#3122=CARTESIAN_POINT('Ctrl Pts',(1.07383811717313,2.89267507379065,4.86386290419541));
#3123=CARTESIAN_POINT('Ctrl Pts',(1.07065291587608,2.9014002493348,4.85418007397807));
#3124=CARTESIAN_POINT('Ctrl Pts',(1.07285066004449,2.90038230872598,4.85436247858568));
#3125=CARTESIAN_POINT('Ctrl Pts',(1.07504689534751,2.89936120318278,4.85454543874214));
#3126=CARTESIAN_POINT('Ctrl Pts',(1.07724159875225,2.8983369405247,4.85472895599094));
#3127=CARTESIAN_POINT('Ctrl Pts',(1.07178102351966,2.90292501709742,4.84908163116624));
#3128=CARTESIAN_POINT('Ctrl Pts',(1.07398113639667,2.90190608085154,4.84926424046163));
#3129=CARTESIAN_POINT('Ctrl Pts',(1.07617973320701,2.9008839772201,4.84944740591641));
#3130=CARTESIAN_POINT('Ctrl Pts',(1.07837680437716,2.89985871057733,4.84963112865846));
#3131=CARTESIAN_POINT('Ctrl Pts',(1.07837680437716,2.89985871057733,4.84963112865846));
#3132=CARTESIAN_POINT('Ctrl Pts',(1.07617973320701,2.9008839772201,4.84944740591641));
#3133=CARTESIAN_POINT('Ctrl Pts',(1.07398113639667,2.90190608085154,4.84926424046163));
#3134=CARTESIAN_POINT('Ctrl Pts',(1.07178102351966,2.90292501709742,4.84908163116624));
#3135=CARTESIAN_POINT('Ctrl Pts',(1.04791677201549,2.8509074026888,4.84639753439119));
#3136=CARTESIAN_POINT('Ctrl Pts',(1.05006746459451,2.84991132188599,4.84657483301163));
#3137=CARTESIAN_POINT('Ctrl Pts',(1.05221667593746,2.84891214368467,4.84675267658892));
#3138=CARTESIAN_POINT('Ctrl Pts',(1.05436439679796,2.84790987245006,4.84693106594649));
#3139=CARTESIAN_POINT('Ctrl Pts',(-0.711554797424146,-2.203601841595,-0.730719837914434));
#3140=CARTESIAN_POINT('Ctrl Pts',(-0.727297858365385,-2.21190535780672,
-0.73759696989205));
#3141=CARTESIAN_POINT('Ctrl Pts',(-0.739832338101611,-2.22011856921603,
-0.744487736213615));
#3142=CARTESIAN_POINT('Ctrl Pts',(-0.766245524275856,-2.23571719593604,
-0.755811141942809));
#3143=CARTESIAN_POINT('Ctrl Pts',(-0.779305072503292,-2.24369716825579,
-0.760743703732489));
#3144=CARTESIAN_POINT('Ctrl Pts',(-0.818735244279165,-2.26779146747124,
-0.772838897782607));
#3145=CARTESIAN_POINT('Ctrl Pts',(-0.882970603805334,-2.30504503229765,
-0.773298811364985));
#3146=CARTESIAN_POINT('Ctrl Pts',(-0.934481781623674,-2.27294791484664,
-0.475455602046206));
#3147=CARTESIAN_POINT('Ctrl Pts',(-0.917216586028228,-2.52994737635272,
1.23333320295327));
#3148=CARTESIAN_POINT('Ctrl Pts',(-0.897457935259174,-2.07548981366017,
1.7053812747018));
#3149=CARTESIAN_POINT('Ctrl Pts',(-1.02406235820864,-2.48193883320515,4.55848238122294));
#3150=CARTESIAN_POINT('Ctrl Pts',(-1.08736456968338,-2.68516334297763,5.98503293448351));
#3151=CARTESIAN_POINT('Ctrl Pts',(-0.708408526084837,-2.20453007878122,
-0.73150565150151));
#3152=CARTESIAN_POINT('Ctrl Pts',(-0.723653091868774,-2.2132916557061,-0.738758649553681));
#3153=CARTESIAN_POINT('Ctrl Pts',(-0.73618123364903,-2.22164706367427,-0.745792644299641));
#3154=CARTESIAN_POINT('Ctrl Pts',(-0.762154002410157,-2.23772584132808,
-0.757551419911968));
#3155=CARTESIAN_POINT('Ctrl Pts',(-0.775052523917308,-2.24584558235309,
-0.762609482366369));
#3156=CARTESIAN_POINT('Ctrl Pts',(-0.813946274266935,-2.27018746560707,
-0.774976314944841));
#3157=CARTESIAN_POINT('Ctrl Pts',(-0.877567797567901,-2.30769085778079,
-0.775789564780868));
#3158=CARTESIAN_POINT('Ctrl Pts',(-0.928750477221143,-2.27565286717958,
-0.478047844897924));
#3159=CARTESIAN_POINT('Ctrl Pts',(-0.911648854252801,-2.53309051463611,
1.2331027134362));
#3160=CARTESIAN_POINT('Ctrl Pts',(-0.892004501950305,-2.07782629136168,
1.70513220823919));
#3161=CARTESIAN_POINT('Ctrl Pts',(-1.01786464932065,-2.48477701076631,4.55881461151471));
#3162=CARTESIAN_POINT('Ctrl Pts',(-1.08079472300583,-2.68825237046862,5.98565581315247));
#3163=CARTESIAN_POINT('Ctrl Pts',(-0.705262254745529,-2.20545831596743,
-0.732291465088586));
#3164=CARTESIAN_POINT('Ctrl Pts',(-0.720008325372164,-2.21467795360547,
-0.739920329215312));
#3165=CARTESIAN_POINT('Ctrl Pts',(-0.732530129196448,-2.22317555813251,
-0.747097552385666));
#3166=CARTESIAN_POINT('Ctrl Pts',(-0.758062480544458,-2.23973448672012,
-0.759291697881126));
#3167=CARTESIAN_POINT('Ctrl Pts',(-0.770799975331323,-2.24799399645039,
-0.764475261000249));
#3168=CARTESIAN_POINT('Ctrl Pts',(-0.809157304254705,-2.2725834637429,-0.777113732107076));
#3169=CARTESIAN_POINT('Ctrl Pts',(-0.872164991330468,-2.31033668326393,
-0.778280318196751));
#3170=CARTESIAN_POINT('Ctrl Pts',(-0.923019172818611,-2.27835781951251,
-0.480640087749642));
#3171=CARTESIAN_POINT('Ctrl Pts',(-0.906081122477375,-2.5362336529195,1.23287222391912));
#3172=CARTESIAN_POINT('Ctrl Pts',(-0.886551068641437,-2.0801627690632,1.70488314177658));
#3173=CARTESIAN_POINT('Ctrl Pts',(-1.01166694043266,-2.48761518832747,4.55914684180649));
#3174=CARTESIAN_POINT('Ctrl Pts',(-1.07422487632827,-2.6913413979596,5.98627869182144));
#3175=CARTESIAN_POINT('Ctrl Pts',(-0.702115983406221,-2.20638655315364,
-0.733077278675661));
#3176=CARTESIAN_POINT('Ctrl Pts',(-0.716363558875554,-2.21606425150485,
-0.741082008876944));
#3177=CARTESIAN_POINT('Ctrl Pts',(-0.728879024743867,-2.22470405259074,
-0.748402460471691));
#3178=CARTESIAN_POINT('Ctrl Pts',(-0.753970958678759,-2.24174313211217,
-0.761031975850284));
#3179=CARTESIAN_POINT('Ctrl Pts',(-0.766547426745338,-2.2501424105477,-0.766341039634129));
#3180=CARTESIAN_POINT('Ctrl Pts',(-0.804368334242476,-2.27497946187874,
-0.77925114926931));
#3181=CARTESIAN_POINT('Ctrl Pts',(-0.866762185093035,-2.31298250874708,
-0.780771071612633));
#3182=CARTESIAN_POINT('Ctrl Pts',(-0.91728786841608,-2.28106277184544,-0.48323233060136));
#3183=CARTESIAN_POINT('Ctrl Pts',(-0.900513390701948,-2.5393767912029,1.23264173440205));
#3184=CARTESIAN_POINT('Ctrl Pts',(-0.881097635332569,-2.08249924676472,
1.70463407531396));
#3185=CARTESIAN_POINT('Ctrl Pts',(-1.00546923154467,-2.49045336588863,4.55947907209826));
#3186=CARTESIAN_POINT('Ctrl Pts',(-1.06765502965072,-2.69443042545058,5.98690157049041));
#3187=CARTESIAN_POINT('Ctrl Pts',(-0.662787591664868,-2.21798951798128,
-0.742899948514108));
#3188=CARTESIAN_POINT('Ctrl Pts',(-0.670803977667926,-2.23339297524705,
-0.755603004647334));
#3189=CARTESIAN_POINT('Ctrl Pts',(-0.683240219086597,-2.24381023331873,
-0.764713811547007));
#3190=CARTESIAN_POINT('Ctrl Pts',(-0.702826935357521,-2.26685119951272,
-0.782785450464761));
#3191=CARTESIAN_POINT('Ctrl Pts',(-0.713390569420529,-2.27699758676396,
-0.789663272557627));
#3192=CARTESIAN_POINT('Ctrl Pts',(-0.744506209089606,-2.30492943857663,
-0.805968863797241));
#3193=CARTESIAN_POINT('Ctrl Pts',(-0.799227107125123,-2.34605532728636,
-0.811905489311167));
#3194=CARTESIAN_POINT('Ctrl Pts',(-0.845646563384439,-2.31487467600711,
-0.515635366247839));
#3195=CARTESIAN_POINT('Ctrl Pts',(-0.830916743509117,-2.57866601974528,
1.22976061543863));
#3196=CARTESIAN_POINT('Ctrl Pts',(-0.812929718971718,-2.11170521803367,
1.70152074453131));
#3197=CARTESIAN_POINT('Ctrl Pts',(-0.927997870444768,-2.52593058540314,
4.56363195074543));
#3198=CARTESIAN_POINT('Ctrl Pts',(-0.985531946181294,-2.73304326908787,
5.99468755385249));
#3199=CARTESIAN_POINT('Ctrl Pts',(-0.625157421133574,-2.22850835288648,
-0.751779880336404));
#3200=CARTESIAN_POINT('Ctrl Pts',(-0.630484759971377,-2.24583368157758,
-0.766223760370017));
#3201=CARTESIAN_POINT('Ctrl Pts',(-0.635762840579717,-2.2610332516528,-0.779217103086298));
#3202=CARTESIAN_POINT('Ctrl Pts',(-0.649840002421744,-2.28824407607022,
-0.801201644760884));
#3203=CARTESIAN_POINT('Ctrl Pts',(-0.65837817713028,-2.30001275969534,-0.810085598114452));
#3204=CARTESIAN_POINT('Ctrl Pts',(-0.683427598107941,-2.33082727453474,
-0.829488696560222));
#3205=CARTESIAN_POINT('Ctrl Pts',(-0.731266027471482,-2.37449016006976,
-0.839299846992013));
#3206=CARTESIAN_POINT('Ctrl Pts',(-0.772438958362864,-2.34493182925364,
-0.543818976086935));
#3207=CARTESIAN_POINT('Ctrl Pts',(-0.7600803867106,-2.61309396872998,1.22711059943405));
#3208=CARTESIAN_POINT('Ctrl Pts',(-0.743379144791514,-2.13737951715714,
1.69873014900502));
#3209=CARTESIAN_POINT('Ctrl Pts',(-0.848862181397232,-2.55709042958331,
4.56725948959828));
#3210=CARTESIAN_POINT('Ctrl Pts',(-0.901603699700091,-2.7669458857964,6.00152415989492));
#3211=CARTESIAN_POINT('Ctrl Pts',(-0.535122249822766,-2.24861065310976,
-0.768711290071221));
#3212=CARTESIAN_POINT('Ctrl Pts',(-0.5325020360865,-2.27185715825494,-0.78839244980554));
#3213=CARTESIAN_POINT('Ctrl Pts',(-0.532458031057578,-2.29118301947583,
-0.805137710219898));
#3214=CARTESIAN_POINT('Ctrl Pts',(-0.538253595670832,-2.3247618261544,-0.833383923792539));
#3215=CARTESIAN_POINT('Ctrl Pts',(-0.543305242082389,-2.33874844225302,
-0.844692475624865));
#3216=CARTESIAN_POINT('Ctrl Pts',(-0.559297061841126,-2.37467463969777,
-0.870060017755873));
#3217=CARTESIAN_POINT('Ctrl Pts',(-0.594628223454868,-2.42239243118293,
-0.886562648554011));
#3218=CARTESIAN_POINT('Ctrl Pts',(-0.623775850361813,-2.39732087649673,
-0.591927351829841));
#3219=CARTESIAN_POINT('Ctrl Pts',(-0.616547766431584,-2.67226130010698,
1.22230133352803));
#3220=CARTESIAN_POINT('Ctrl Pts',(-0.602193590643903,-2.18164185169047,
1.69382887682799));
#3221=CARTESIAN_POINT('Ctrl Pts',(-0.688078416092867,-2.61076215454466,
4.57347407005903));
#3222=CARTESIAN_POINT('Ctrl Pts',(-0.731020828817349,-2.82532230597176,
6.01329666667456));
#3223=CARTESIAN_POINT('Ctrl Pts',(-0.482717249043253,-2.25819411842784,
-0.776762767983743));
#3224=CARTESIAN_POINT('Ctrl Pts',(-0.477496318795825,-2.28297326847489,
-0.79790881986877));
#3225=CARTESIAN_POINT('Ctrl Pts',(-0.476865604407836,-2.3040266593559,-0.816312394736776));
#3226=CARTESIAN_POINT('Ctrl Pts',(-0.480379395567766,-2.33970207931504,
-0.846815900893253));
#3227=CARTESIAN_POINT('Ctrl Pts',(-0.483921047579129,-2.35452179953535,
-0.859073062158698));
#3228=CARTESIAN_POINT('Ctrl Pts',(-0.496245136555977,-2.39262416890268,
-0.887111506188543));
#3229=CARTESIAN_POINT('Ctrl Pts',(-0.525951499091895,-2.44185986951268,
-0.906431092435162));
#3230=CARTESIAN_POINT('Ctrl Pts',(-0.548320347382337,-2.41965277049328,
-0.611852117733652));
#3231=CARTESIAN_POINT('Ctrl Pts',(-0.543851502951085,-2.69700068249928,
1.22014208362658));
#3232=CARTESIAN_POINT('Ctrl Pts',(-0.530558610676496,-2.20022988710033,
1.69171820017725));
#3233=CARTESIAN_POINT('Ctrl Pts',(-0.606430339836038,-2.63327403532583,
4.57606111166693));
#3234=CARTESIAN_POINT('Ctrl Pts',(-0.644366204415809,-2.84979610943858,
6.01823256741177));
#3235=CARTESIAN_POINT('Ctrl Pts',(-0.303340001332385,-2.28554146000143,
-0.799674520856646));
#3236=CARTESIAN_POINT('Ctrl Pts',(-0.300952288793383,-2.31249657870988,
-0.823256434315587));
#3237=CARTESIAN_POINT('Ctrl Pts',(-0.299947156499322,-2.33570363736596,
-0.844156742257795));
#3238=CARTESIAN_POINT('Ctrl Pts',(-0.299818173570741,-2.37569201580533,
-0.879813755308364));
#3239=CARTESIAN_POINT('Ctrl Pts',(-0.300694322936222,-2.3924733355886,-0.894570460416726));
#3240=CARTESIAN_POINT('Ctrl Pts',(-0.304818875276467,-2.43478425847709,
-0.928454583790468));
#3241=CARTESIAN_POINT('Ctrl Pts',(-0.319052396932166,-2.48727395840866,
-0.954678862732589));
#3242=CARTESIAN_POINT('Ctrl Pts',(-0.319909044540006,-2.47473692747836,
-0.659508161061371));
#3243=CARTESIAN_POINT('Ctrl Pts',(-0.323902121280699,-2.75673696857201,
1.21444332335518));
#3244=CARTESIAN_POINT('Ctrl Pts',(-0.313548426870719,-2.24533021862551,
1.68645772108259));
#3245=CARTESIAN_POINT('Ctrl Pts',(-0.358941933280584,-2.68781791347532,
4.58227676413872));
#3246=CARTESIAN_POINT('Ctrl Pts',(-0.381638686485517,-2.90906176090023,
6.03018628566678));
#3247=CARTESIAN_POINT('Ctrl Pts',(-0.0314173822611457,-2.3086808018612,
-0.818872643126373));
#3248=CARTESIAN_POINT('Ctrl Pts',(-0.0345938655768546,-2.33613009401129,
-0.843873199434252));
#3249=CARTESIAN_POINT('Ctrl Pts',(-0.0370127780631984,-2.35966243036564,
-0.866136656206847));
#3250=CARTESIAN_POINT('Ctrl Pts',(-0.0405668864071684,-2.4001297364814,
-0.904349356163105));
#3251=CARTESIAN_POINT('Ctrl Pts',(-0.0417020822647947,-2.41706470624281,
-0.920298599346767));
#3252=CARTESIAN_POINT('Ctrl Pts',(-0.0435292324396168,-2.45982838313547,
-0.957414986736806));
#3253=CARTESIAN_POINT('Ctrl Pts',(-0.0408697831970328,-2.5131908073545,
-0.98872239287309));
#3254=CARTESIAN_POINT('Ctrl Pts',(-0.00990785700648773,-2.5164184034463,
-0.690734207141765));
#3255=CARTESIAN_POINT('Ctrl Pts',(-0.0256747024431514,-2.79776705372457,
1.20892228148109));
#3256=CARTESIAN_POINT('Ctrl Pts',(-0.0185875313868689,-2.27702726144738,
1.68230121790987));
#3257=CARTESIAN_POINT('Ctrl Pts',(-0.0221729171133988,-2.72589837982393,
4.5864430411627));
#3258=CARTESIAN_POINT('Ctrl Pts',(-0.0239656099766638,-2.95033393901221,
6.03851395278912));
#3259=CARTESIAN_POINT('Ctrl Pts',(0.245649615198437,-2.28510319968369,-0.799530413123893));
#3260=CARTESIAN_POINT('Ctrl Pts',(0.237191290100524,-2.31060672819541,-0.823727340608898));
#3261=CARTESIAN_POINT('Ctrl Pts',(0.231466140800587,-2.33240068697684,-0.845255571716775));
#3262=CARTESIAN_POINT('Ctrl Pts',(0.224215771040647,-2.3698306418327,-0.882118989974445));
#3263=CARTESIAN_POINT('Ctrl Pts',(0.222690550580645,-2.38546663790713,-0.897454177124238));
#3264=CARTESIAN_POINT('Ctrl Pts',(0.222515148326513,-2.42502944720024,-0.93288669583075));
#3265=CARTESIAN_POINT('Ctrl Pts',(0.239765380321753,-2.47477435006583,-0.9614595622723));
#3266=CARTESIAN_POINT('Ctrl Pts',(0.296843665663073,-2.49111962734095,-0.660209686047351));
#3267=CARTESIAN_POINT('Ctrl Pts',(0.272563669144889,-2.76210442668896,1.20801281288347));
#3268=CARTESIAN_POINT('Ctrl Pts',(0.276706773958604,-2.25148412841682,1.68441082644926));
#3269=CARTESIAN_POINT('Ctrl Pts',(0.315104748264597,-2.69447803345234,4.58252971647552));
#3270=CARTESIAN_POINT('Ctrl Pts',(0.334303735417593,-2.91597498597011,6.03158916148865));
#3271=CARTESIAN_POINT('Ctrl Pts',(0.430433472455583,-2.25810828739715,-0.776735670999875));
#3272=CARTESIAN_POINT('Ctrl Pts',(0.419724284923791,-2.28075541434275,-0.798785024735682));
#3273=CARTESIAN_POINT('Ctrl Pts',(0.414771877305734,-2.29975665657582,-0.818116131680122));
#3274=CARTESIAN_POINT('Ctrl Pts',(0.41169110378862,-2.33171650637913,-0.850456370251915));
#3275=CARTESIAN_POINT('Ctrl Pts',(0.412924702041936,-2.34488899133984,-0.863610455333916));
#3276=CARTESIAN_POINT('Ctrl Pts',(0.420583499675956,-2.37891904969655,-0.894153743764955));
#3277=CARTESIAN_POINT('Ctrl Pts',(0.450343307156962,-2.42368847961007,-0.917747791457793));
#3278=CARTESIAN_POINT('Ctrl Pts',(0.520380471209467,-2.4457334062161,-0.615239878612858));
#3279=CARTESIAN_POINT('Ctrl Pts',(0.492529479941012,-2.70680164447946,1.20923141252676));
#3280=CARTESIAN_POINT('Ctrl Pts',(0.494217072556816,-2.21072419616335,1.68854951492275));
#3281=CARTESIAN_POINT('Ctrl Pts',(0.563356128636265,-2.64477069252154,4.57662596638056));
#3282=CARTESIAN_POINT('Ctrl Pts',(0.59792565667599,-2.86179394070063,6.02066419210946));
#3283=CARTESIAN_POINT('Ctrl Pts',(0.484667248169441,-2.24873144231966,-0.768752519199514));
#3284=CARTESIAN_POINT('Ctrl Pts',(0.476914782926025,-2.26969368315392,-0.789406414809434));
#3285=CARTESIAN_POINT('Ctrl Pts',(0.472864880700334,-2.28684235929891,-0.807156547223054));
#3286=CARTESIAN_POINT('Ctrl Pts',(0.472330937981629,-2.31644682548343,-0.837403856164233));
#3287=CARTESIAN_POINT('Ctrl Pts',(0.475108515273845,-2.32866168498967,-0.84969553570902));
#3288=CARTESIAN_POINT('Ctrl Pts',(0.486362127754912,-2.3602137179366,-0.877853304095314));
#3289=CARTESIAN_POINT('Ctrl Pts',(0.520552875134717,-2.40294760154326,-0.899299759875638));
#3290=CARTESIAN_POINT('Ctrl Pts',(0.593804933648969,-2.42620264266685,-0.596570540032413));
#3291=CARTESIAN_POINT('Ctrl Pts',(0.565232588890569,-2.68360808175416,1.20995439592311));
#3292=CARTESIAN_POINT('Ctrl Pts',(0.566060433687738,-2.19353712166544,1.69035515809208));
#3293=CARTESIAN_POINT('Ctrl Pts',(0.64532211064985,-2.62384456535258,4.57416325691897));
#3294=CARTESIAN_POINT('Ctrl Pts',(0.684952949130906,-2.83899828719615,6.01606730633242));
#3295=CARTESIAN_POINT('Ctrl Pts',(0.578413112853439,-2.22922067020075,-0.752016406747418));
#3296=CARTESIAN_POINT('Ctrl Pts',(0.579855819369606,-2.24434726966177,-0.767461238472313));
#3297=CARTESIAN_POINT('Ctrl Pts',(0.581850451084519,-2.25736542834618,-0.781515797102455));
#3298=CARTESIAN_POINT('Ctrl Pts',(0.590448244477637,-2.2805324559048,-0.805687873352019));
#3299=CARTESIAN_POINT('Ctrl Pts',(0.596818758314583,-2.29043350516926,-0.815702287119405));
#3300=CARTESIAN_POINT('Ctrl Pts',(0.616889745679666,-2.31653764792768,-0.838427101178681));
#3301=CARTESIAN_POINT('Ctrl Pts',(0.660869503826811,-2.35434991330468,-0.854603020325703));
#3302=CARTESIAN_POINT('Ctrl Pts',(0.737593544354083,-2.37812131180001,-0.552053065013108));
#3303=CARTESIAN_POINT('Ctrl Pts',(0.708781638295324,-2.62773634484892,1.21206248993178));
#3304=CARTESIAN_POINT('Ctrl Pts',(0.707746102627784,-2.15193919242013,1.69485305348321));
#3305=CARTESIAN_POINT('Ctrl Pts',(0.80686884977043,-2.57326507123363,4.56825843481297));
#3306=CARTESIAN_POINT('Ctrl Pts',(0.856430223341753,-2.78392801064038,6.00496112547786));
#3307=CARTESIAN_POINT('Ctrl Pts',(0.61792520182358,-2.21908674315933,-0.743263446095683));
#3308=CARTESIAN_POINT('Ctrl Pts',(0.622433668459596,-2.23228193912181,-0.75701987695104));
#3309=CARTESIAN_POINT('Ctrl Pts',(0.632471081580028,-2.24084607025989,-0.767084334324052));
#3310=CARTESIAN_POINT('Ctrl Pts',(0.647150988655139,-2.26003810978576,-0.78735738061122));
#3311=CARTESIAN_POINT('Ctrl Pts',(0.655701266791603,-2.26844615329363,-0.79539757915065));
#3312=CARTESIAN_POINT('Ctrl Pts',(0.681638735525465,-2.2915669096787,-0.815301337931688));
#3313=CARTESIAN_POINT('Ctrl Pts',(0.730976564541148,-2.3264931031329,-0.828354312357921));
#3314=CARTESIAN_POINT('Ctrl Pts',(0.807957692619694,-2.34957074448242,-0.526204928574247));
#3315=CARTESIAN_POINT('Ctrl Pts',(0.779627578750522,-2.59505817066899,1.21344760054411));
#3316=CARTESIAN_POINT('Ctrl Pts',(0.777588410436908,-2.12752833767272,1.69754530570501));
#3317=CARTESIAN_POINT('Ctrl Pts',(0.886449606877426,-2.54361170428363,4.56481632216855));
#3318=CARTESIAN_POINT('Ctrl Pts',(0.940880205097684,-2.75165338758908,5.99845183040033));
#3319=CARTESIAN_POINT('Ctrl Pts',(0.659271636402115,-2.20797341313062,-0.733615248144905));
#3320=CARTESIAN_POINT('Ctrl Pts',(0.671148107709365,-2.21598888183017,-0.742515683626815));
#3321=CARTESIAN_POINT('Ctrl Pts',(0.681546447547137,-2.22299047244337,-0.750749771698502));
#3322=CARTESIAN_POINT('Ctrl Pts',(0.70259939741784,-2.23678841491236,-0.765461856553634));
#3323=CARTESIAN_POINT('Ctrl Pts',(0.713254007450771,-2.24358476676815,-0.771939853337079));
#3324=CARTESIAN_POINT('Ctrl Pts',(0.7456022428423,-2.26366596419939,-0.788739706755052));
#3325=CARTESIAN_POINT('Ctrl Pts',(0.800964192292712,-2.29523261543768,-0.798182369315166));
#3326=CARTESIAN_POINT('Ctrl Pts',(0.876349332787378,-2.31640239657081,-0.496857397045917));
#3327=CARTESIAN_POINT('Ctrl Pts',(0.849235178693845,-2.55765468702321,1.21517805485715));
#3328=CARTESIAN_POINT('Ctrl Pts',(0.846089736659382,-2.09949413308925,1.70069808663446));
#3329=CARTESIAN_POINT('Ctrl Pts',(0.964429617188136,-2.50958811107794,4.56088959910456));
#3330=CARTESIAN_POINT('Ctrl Pts',(1.02359955745251,-2.71463510007228,5.99098535533961));
#3331=CARTESIAN_POINT('Ctrl Pts',(0.662579351168398,-2.20708434672832,-0.732843392308843));
#3332=CARTESIAN_POINT('Ctrl Pts',(0.675045262849347,-2.21468543724683,-0.741355348160877));
#3333=CARTESIAN_POINT('Ctrl Pts',(0.685472476824506,-2.22156202461805,-0.749443006688458));
#3334=CARTESIAN_POINT('Ctrl Pts',(0.707035270118856,-2.23492843932249,-0.763710214629027));
#3335=CARTESIAN_POINT('Ctrl Pts',(0.717858226703504,-2.24159585584611,-0.770063235271994));
#3336=CARTESIAN_POINT('Ctrl Pts',(0.750719323427646,-2.26143388856105,-0.786614776260921));
#3337=CARTESIAN_POINT('Ctrl Pts',(0.806563202512838,-2.29273177642206,-0.795768613871745));
#3338=CARTESIAN_POINT('Ctrl Pts',(0.881820664000793,-2.31374892873788,-0.494509594523651));
#3339=CARTESIAN_POINT('Ctrl Pts',(0.854803786689311,-2.55466240833155,1.2153164912022));
#3340=CARTESIAN_POINT('Ctrl Pts',(0.85156984275718,-2.09725139672257,1.70095030910881));
#3341=CARTESIAN_POINT('Ctrl Pts',(0.970668018012992,-2.50686622362148,4.56057546125944));
#3342=CARTESIAN_POINT('Ctrl Pts',(1.0302171056409,-2.71167363707094,5.99038803733475));
#3343=CARTESIAN_POINT('Ctrl Pts',(0.665887065934681,-2.20619528032602,-0.732071536472781));
#3344=CARTESIAN_POINT('Ctrl Pts',(0.678942417989328,-2.2133819926635,-0.740195012694939));
#3345=CARTESIAN_POINT('Ctrl Pts',(0.689398506101875,-2.22013357679273,-0.748136241678414));
#3346=CARTESIAN_POINT('Ctrl Pts',(0.711471142819872,-2.23306846373262,-0.761958572704421));
#3347=CARTESIAN_POINT('Ctrl Pts',(0.722462445956238,-2.23960694492407,-0.768186617206908));
#3348=CARTESIAN_POINT('Ctrl Pts',(0.755836404012993,-2.2592018129227,-0.78448984576679));
#3349=CARTESIAN_POINT('Ctrl Pts',(0.812162212732963,-2.29023093740645,-0.793354858428325));
#3350=CARTESIAN_POINT('Ctrl Pts',(0.887291995214207,-2.31109546090495,-0.492161792001384));
#3351=CARTESIAN_POINT('Ctrl Pts',(0.860372394684777,-2.55167012963988,1.21545492754724));
#3352=CARTESIAN_POINT('Ctrl Pts',(0.857049948854978,-2.09500866035589,1.70120253158317));
#3353=CARTESIAN_POINT('Ctrl Pts',(0.976906418837849,-2.50414433616503,4.56026132341432));
#3354=CARTESIAN_POINT('Ctrl Pts',(1.03683465382928,-2.7087121740696,5.98979071932989));
#3355=CARTESIAN_POINT('Ctrl Pts',(0.669194780700963,-2.20530621392373,-0.731299680636719));
#3356=CARTESIAN_POINT('Ctrl Pts',(0.68283957312931,-2.21207854808017,-0.739034677229001));
#3357=CARTESIAN_POINT('Ctrl Pts',(0.693324535379244,-2.21870512896741,-0.74682947666837));
#3358=CARTESIAN_POINT('Ctrl Pts',(0.715907015520888,-2.23120848814275,-0.760206930779814));
#3359=CARTESIAN_POINT('Ctrl Pts',(0.727066665208971,-2.23761803400203,-0.766309999141823));
#3360=CARTESIAN_POINT('Ctrl Pts',(0.76095348459834,-2.25696973728436,-0.78236491527266));
#3361=CARTESIAN_POINT('Ctrl Pts',(0.817761222953088,-2.28773009839083,-0.790941102984904));
#3362=CARTESIAN_POINT('Ctrl Pts',(0.892763326427622,-2.30844199307202,-0.489813989479118));
#3363=CARTESIAN_POINT('Ctrl Pts',(0.865941002680243,-2.54867785094822,1.21559336389228));
#3364=CARTESIAN_POINT('Ctrl Pts',(0.862530054952776,-2.09276592398921,1.70145475405752));
#3365=CARTESIAN_POINT('Ctrl Pts',(0.983144819662706,-2.50142244870857,4.5599471855692));
#3366=CARTESIAN_POINT('Ctrl Pts',(1.04345220201767,-2.70575071106825,5.98919340132504));
#3367=CARTESIAN_POINT('',(0.659271636402115,-2.20797341313062,-0.733615248144905));
#3368=CARTESIAN_POINT('Ctrl Pts',(1.02039053222331,-2.70351501284061,5.91342492406729));
#3369=CARTESIAN_POINT('Ctrl Pts',(0.962299989643958,-2.50223248314744,4.50938741206997));
#3370=CARTESIAN_POINT('Ctrl Pts',(0.846108692159866,-2.1022551639734,1.69777217825779));
#3371=CARTESIAN_POINT('Ctrl Pts',(0.849235178693845,-2.55765468702321,1.21517805485715));
#3372=CARTESIAN_POINT('Ctrl Pts',(0.876349332787378,-2.31640239657081,-0.496857397045917));
#3373=CARTESIAN_POINT('Ctrl Pts',(0.800964192292712,-2.29523261543768,-0.798182369315166));
#3374=CARTESIAN_POINT('Ctrl Pts',(0.7456022428423,-2.26366596419939,-0.788739706755052));
#3375=CARTESIAN_POINT('Ctrl Pts',(0.713254007450771,-2.24358476676815,-0.771939853337079));
#3376=CARTESIAN_POINT('Ctrl Pts',(0.70259939741784,-2.23678841491236,-0.765461856553634));
#3377=CARTESIAN_POINT('Ctrl Pts',(0.681546447547137,-2.22299047244337,-0.750749771698502));
#3378=CARTESIAN_POINT('Ctrl Pts',(0.671148107709365,-2.21598888183017,-0.742515683626815));
#3379=CARTESIAN_POINT('Ctrl Pts',(0.659271636402115,-2.20797341313062,-0.733615248144905));
#3380=CARTESIAN_POINT('',(-0.702115983406221,-2.20638655315364,-0.733077278675661));
#3381=CARTESIAN_POINT('Ctrl Pts',(-0.702115983406221,-2.20638655315364,
-0.733077278675661));
#3382=CARTESIAN_POINT('Ctrl Pts',(-0.662787591664868,-2.21798951798128,
-0.742899948514108));
#3383=CARTESIAN_POINT('Ctrl Pts',(-0.625157421133574,-2.22850835288648,
-0.751779880336404));
#3384=CARTESIAN_POINT('Ctrl Pts',(-0.535122249822766,-2.24861065310976,
-0.768711290071221));
#3385=CARTESIAN_POINT('Ctrl Pts',(-0.482717249043253,-2.25819411842784,
-0.776762767983743));
#3386=CARTESIAN_POINT('Ctrl Pts',(-0.303340001332385,-2.28554146000143,
-0.799674520856646));
#3387=CARTESIAN_POINT('Ctrl Pts',(-0.0314173822611457,-2.3086808018612,
-0.818872643126373));
#3388=CARTESIAN_POINT('Ctrl Pts',(0.245649615198437,-2.28510319968369,-0.799530413123893));
#3389=CARTESIAN_POINT('Ctrl Pts',(0.430433472455583,-2.25810828739715,-0.776735670999875));
#3390=CARTESIAN_POINT('Ctrl Pts',(0.484667248169441,-2.24873144231966,-0.768752519199514));
#3391=CARTESIAN_POINT('Ctrl Pts',(0.578413112853439,-2.22922067020075,-0.752016406747418));
#3392=CARTESIAN_POINT('Ctrl Pts',(0.61792520182358,-2.21908674315933,-0.743263446095683));
#3393=CARTESIAN_POINT('Ctrl Pts',(0.659271636402115,-2.20797341313062,-0.733615248144905));
#3394=CARTESIAN_POINT('Ctrl Pts',(-0.702115983406221,-2.20638655315364,
-0.733077278675661));
#3395=CARTESIAN_POINT('Ctrl Pts',(-0.716363558875554,-2.21606425150485,
-0.741082008876944));
#3396=CARTESIAN_POINT('Ctrl Pts',(-0.728879024743867,-2.22470405259074,
-0.748402460471691));
#3397=CARTESIAN_POINT('Ctrl Pts',(-0.753970958678759,-2.24174313211217,
-0.761031975850284));
#3398=CARTESIAN_POINT('Ctrl Pts',(-0.766547426745338,-2.2501424105477,-0.766341039634129));
#3399=CARTESIAN_POINT('Ctrl Pts',(-0.804368334242476,-2.27497946187874,
-0.77925114926931));
#3400=CARTESIAN_POINT('Ctrl Pts',(-0.866762185093035,-2.31298250874708,
-0.780771071612633));
#3401=CARTESIAN_POINT('Ctrl Pts',(-0.91728786841608,-2.28106277184544,-0.48323233060136));
#3402=CARTESIAN_POINT('Ctrl Pts',(-0.900513390701948,-2.5393767912029,1.23264173440205));
#3403=CARTESIAN_POINT('Ctrl Pts',(-0.881214807391872,-2.08525645510983,
1.70178565074805));
#3404=CARTESIAN_POINT('Ctrl Pts',(-1.00322877500027,-2.48312587313277,4.50800115153889));
#3405=CARTESIAN_POINT('Ctrl Pts',(-1.06427767009929,-2.6833526599804,5.9093762255243));
#3406=CARTESIAN_POINT('Ctrl Pts',(0.63805326284679,-2.22174614821496,-0.74697026421644));
#3407=CARTESIAN_POINT('Ctrl Pts',(0.642015032276242,-2.23172188407045,-0.75762309993322));
#3408=CARTESIAN_POINT('Ctrl Pts',(0.650402272409346,-2.23862251046565,-0.765593561062984));
#3409=CARTESIAN_POINT('Ctrl Pts',(0.663539162719136,-2.25406369381937,-0.781674629966242));
#3410=CARTESIAN_POINT('Ctrl Pts',(0.67181603417617,-2.2614849650665,-0.78882941592285));
#3411=CARTESIAN_POINT('Ctrl Pts',(0.699548517574179,-2.28375464494449,-0.80786408120223));
#3412=CARTESIAN_POINT('Ctrl Pts',(0.750573100311585,-2.31774016657824,-0.81990616830595));
#3413=CARTESIAN_POINT('Ctrl Pts',(0.827107351866646,-2.34028360706717,-0.517987619746314));
#3414=CARTESIAN_POINT('Ctrl Pts',(0.799117706734652,-2.58458519524817,1.21393212775176));
#3415=CARTESIAN_POINT('Ctrl Pts',(0.796768781779201,-2.11967876038935,1.69842808436525));
#3416=CARTESIAN_POINT('Ctrl Pts',(0.908284009764424,-2.53408509818604,4.56371683971063));
#3417=CARTESIAN_POINT('Ctrl Pts',(0.964041623757036,-2.74128826708438,5.99636121738333));
#3418=CARTESIAN_POINT('Ctrl Pts',(0.645126054031898,-2.21715523652018,-0.742518592192595));
#3419=CARTESIAN_POINT('Ctrl Pts',(0.651726057420616,-2.22647754999036,-0.752587294497752));
#3420=CARTESIAN_POINT('Ctrl Pts',(0.660783664121943,-2.23341183112489,-0.760645631274823));
#3421=CARTESIAN_POINT('Ctrl Pts',(0.676559240952037,-2.24830526751704,-0.77627037216204));
#3422=CARTESIAN_POINT('Ctrl Pts',(0.68562869193437,-2.25551823230038,-0.783199561727593));
#3423=CARTESIAN_POINT('Ctrl Pts',(0.714899759330219,-2.27705841802946,-0.801489289719837));
#3424=CARTESIAN_POINT('Ctrl Pts',(0.767370130971961,-2.31023764953139,-0.812664901975688));
#3425=CARTESIAN_POINT('Ctrl Pts',(0.84352134550689,-2.33232320356838,-0.510944212179515));
#3426=CARTESIAN_POINT('Ctrl Pts',(0.81582353072105,-2.57560835917318,1.21434743678689));
#3427=CARTESIAN_POINT('Ctrl Pts',(0.813209100072595,-2.11295055128931,1.69918475178832));
#3428=CARTESIAN_POINT('Ctrl Pts',(0.926999212238995,-2.52591943581667,4.56277442617528));
#3429=CARTESIAN_POINT('Ctrl Pts',(0.983894268322195,-2.73240387808035,5.99456926336875));
#3430=CARTESIAN_POINT('Ctrl Pts',(0.652198845217007,-2.2125643248254,-0.73806692016875));
#3431=CARTESIAN_POINT('Ctrl Pts',(0.661437082564991,-2.22123321591026,-0.747551489062283));
#3432=CARTESIAN_POINT('Ctrl Pts',(0.67116505583454,-2.22820115178413,-0.755697701486663));
#3433=CARTESIAN_POINT('Ctrl Pts',(0.689579319184939,-2.2425468412147,-0.770866114357837));
#3434=CARTESIAN_POINT('Ctrl Pts',(0.69944134969257,-2.24955149953427,-0.777569707532336));
#3435=CARTESIAN_POINT('Ctrl Pts',(0.73025100108626,-2.27036219111442,-0.795114498237445));
#3436=CARTESIAN_POINT('Ctrl Pts',(0.784167161632337,-2.30273513248453,-0.805423635645427));
#3437=CARTESIAN_POINT('Ctrl Pts',(0.859935339147134,-2.3243628000696,-0.503900804612716));
#3438=CARTESIAN_POINT('Ctrl Pts',(0.832529354707447,-2.56663152309819,1.21476274582202));
#3439=CARTESIAN_POINT('Ctrl Pts',(0.829649418365988,-2.10622234218928,1.69994141921139));
#3440=CARTESIAN_POINT('Ctrl Pts',(0.945714414713565,-2.5177537734473,4.56183201263992));
#3441=CARTESIAN_POINT('Ctrl Pts',(1.00374691288735,-2.72351948907632,5.99277730935418));
#3442=CARTESIAN_POINT('Ctrl Pts',(0.659271636402115,-2.20797341313062,-0.733615248144905));
#3443=CARTESIAN_POINT('Ctrl Pts',(0.671148107709365,-2.21598888183017,-0.742515683626815));
#3444=CARTESIAN_POINT('Ctrl Pts',(0.681546447547137,-2.22299047244337,-0.750749771698502));
#3445=CARTESIAN_POINT('Ctrl Pts',(0.70259939741784,-2.23678841491236,-0.765461856553634));
#3446=CARTESIAN_POINT('Ctrl Pts',(0.713254007450771,-2.24358476676815,-0.771939853337079));
#3447=CARTESIAN_POINT('Ctrl Pts',(0.7456022428423,-2.26366596419939,-0.788739706755052));
#3448=CARTESIAN_POINT('Ctrl Pts',(0.800964192292712,-2.29523261543768,-0.798182369315166));
#3449=CARTESIAN_POINT('Ctrl Pts',(0.876349332787378,-2.31640239657081,-0.496857397045917));
#3450=CARTESIAN_POINT('Ctrl Pts',(0.849235178693845,-2.55765468702321,1.21517805485715));
#3451=CARTESIAN_POINT('Ctrl Pts',(0.846089736659382,-2.09949413308925,1.70069808663446));
#3452=CARTESIAN_POINT('Ctrl Pts',(0.964429617188136,-2.50958811107794,4.56088959910456));
#3453=CARTESIAN_POINT('Ctrl Pts',(1.02359955745251,-2.71463510007228,5.99098535533961));
#3454=CARTESIAN_POINT('Ctrl Pts',(0.688741599673399,-2.18884461440235,-0.715066614712218));
#3455=CARTESIAN_POINT('Ctrl Pts',(0.711610712477592,-2.19413748982977,-0.72153316097903));
#3456=CARTESIAN_POINT('Ctrl Pts',(0.724802246349625,-2.20127930852353,-0.730133397581167));
#3457=CARTESIAN_POINT('Ctrl Pts',(0.756849723388262,-2.21279497198595,-0.74294411570279));
#3458=CARTESIAN_POINT('Ctrl Pts',(0.770806748109939,-2.21872338024266,-0.748482127523509));
#3459=CARTESIAN_POINT('Ctrl Pts',(0.809565750159134,-2.23576501872009,-0.762178075578416));
#3460=CARTESIAN_POINT('Ctrl Pts',(0.870951820044278,-2.26397212774246,-0.76801042627241));
#3461=CARTESIAN_POINT('Ctrl Pts',(0.944740972955061,-2.28323404865919,-0.467509865517587));
#3462=CARTESIAN_POINT('Ctrl Pts',(0.918842778637169,-2.52025120337743,1.2169085091702));
#3463=CARTESIAN_POINT('Ctrl Pts',(0.914591062881857,-2.07145992850577,1.7038508675639));
#3464=CARTESIAN_POINT('Ctrl Pts',(1.04240962749885,-2.47556451787225,4.55696287604056));
#3465=CARTESIAN_POINT('Ctrl Pts',(1.10631890980734,-2.67761681255549,5.98351888027889));
#3466=CARTESIAN_POINT('Ctrl Pts',(0.716110405250753,-2.17050918390374,-0.697158627068817));
#3467=CARTESIAN_POINT('Ctrl Pts',(0.743262799346656,-2.17460671188864,-0.702179258219139));
#3468=CARTESIAN_POINT('Ctrl Pts',(0.767501792987836,-2.17786536090046,-0.707131447093439));
#3469=CARTESIAN_POINT('Ctrl Pts',(0.80912685540824,-2.18637321812638,-0.717110981848006));
#3470=CARTESIAN_POINT('Ctrl Pts',(0.826550481927491,-2.19120598428144,-0.72203780940702));
#3471=CARTESIAN_POINT('Ctrl Pts',(0.872743774947004,-2.20493386601046,-0.732180576472137));
#3472=CARTESIAN_POINT('Ctrl Pts',(0.940820014833071,-2.22930796252381,-0.73391524815468));
#3473=CARTESIAN_POINT('Ctrl Pts',(1.01116010502482,-2.24544792015354,-0.434662938899789));
#3474=CARTESIAN_POINT('Ctrl Pts',(0.987212038068617,-2.47812241026582,1.21898430718397));
#3475=CARTESIAN_POINT('Ctrl Pts',(0.981751407517683,-2.03980237408623,1.707464177201));
#3476=CARTESIAN_POINT('Ctrl Pts',(1.11878889101327,-2.43717069841086,4.55255154255699));
#3477=CARTESIAN_POINT('Ctrl Pts',(1.18730763276107,-2.63585486057318,5.97509522523499));
#3478=CARTESIAN_POINT('Ctrl Pts',(0.778660752164165,-2.12292738670468,-0.652827457018663));
#3479=CARTESIAN_POINT('Ctrl Pts',(0.82020046145456,-2.12274152045496,-0.653413359598799));
#3480=CARTESIAN_POINT('Ctrl Pts',(0.85487576523572,-2.12293986135717,-0.655076412957792));
#3481=CARTESIAN_POINT('Ctrl Pts',(0.912910660389405,-2.12652589170014,-0.659884328268624));
#3482=CARTESIAN_POINT('Ctrl Pts',(0.936438594001569,-2.12922900153905,-0.662572458549191));
#3483=CARTESIAN_POINT('Ctrl Pts',(0.99715923789965,-2.13734024373694,-0.666790939879394));
#3484=CARTESIAN_POINT('Ctrl Pts',(1.07914789794217,-2.15357037885743,-0.659844264493813));
#3485=CARTESIAN_POINT('Ctrl Pts',(1.13980957061663,-2.16165937780067,-0.363707590960486));
#3486=CARTESIAN_POINT('Ctrl Pts',(1.12084257399073,-2.38546055725008,1.22367145472487));
#3487=CARTESIAN_POINT('Ctrl Pts',(1.11283787941205,-1.96980210956947,1.71537003336108));
#3488=CARTESIAN_POINT('Ctrl Pts',(1.26773746091634,-2.35228473202756,4.54278040899834));
#3489=CARTESIAN_POINT('Ctrl Pts',(1.34518725166848,-2.54352604325661,5.95648559681697));
#3490=CARTESIAN_POINT('Ctrl Pts',(0.813842293500224,-2.09368102000424,-0.626404274611909));
#3491=CARTESIAN_POINT('Ctrl Pts',(0.860758408551112,-2.09155811306764,-0.625019956142663));
#3492=CARTESIAN_POINT('Ctrl Pts',(0.899175544934767,-2.09169662164996,-0.625973529584601));
#3493=CARTESIAN_POINT('Ctrl Pts',(0.963892977272615,-2.09351601977253,-0.628655836849734));
#3494=CARTESIAN_POINT('Ctrl Pts',(0.990407048410191,-2.09510391115207,-0.630109383559429));
#3495=CARTESIAN_POINT('Ctrl Pts',(1.05839667606443,-2.10057777417305,-0.631398802392929));
#3496=CARTESIAN_POINT('Ctrl Pts',(1.14760758626247,-2.1124969604097,-0.619868458950675));
#3497=CARTESIAN_POINT('Ctrl Pts',(1.20203990413868,-2.11565696395343,-0.325599169638982));
#3498=CARTESIAN_POINT('Ctrl Pts',(1.18610385048139,-2.33492749734597,1.226282804252));
#3499=CARTESIAN_POINT('Ctrl Pts',(1.17676400667059,-1.93145939947227,1.71966257988407));
#3500=CARTESIAN_POINT('Ctrl Pts',(1.34030676730498,-2.30579258510565,4.53742060892326));
#3501=CARTESIAN_POINT('Ctrl Pts',(1.42207814762218,-2.49295917792234,5.94629962344285));
#3502=CARTESIAN_POINT('Ctrl Pts',(0.931106021146458,-1.98957551560013,-0.534361935246614));
#3503=CARTESIAN_POINT('Ctrl Pts',(0.986901451059426,-1.98754350920567,-0.532093445989051));
#3504=CARTESIAN_POINT('Ctrl Pts',(1.03468935932766,-1.98604224184407,-0.530702558812904));
#3505=CARTESIAN_POINT('Ctrl Pts',(1.11691571391477,-1.98377028412509,-0.527873490594375));
#3506=CARTESIAN_POINT('Ctrl Pts',(1.15135416023364,-1.9829995937677,-0.526435309551994));
#3507=CARTESIAN_POINT('Ctrl Pts',(1.23864367827636,-1.98128703660959,-0.519346078581909));
#3508=CARTESIAN_POINT('Ctrl Pts',(1.34911943070624,-1.98025997794956,-0.494068865269965));
#3509=CARTESIAN_POINT('Ctrl Pts',(1.38208203335553,-1.96685420816907,-0.205987606831758));
#3510=CARTESIAN_POINT('Ctrl Pts',(1.37627875266663,-2.17229144565363,1.23468747627126));
#3511=CARTESIAN_POINT('Ctrl Pts',(1.36286268107429,-1.80724585165588,1.73319634398779));
#3512=CARTESIAN_POINT('Ctrl Pts',(1.55138705548241,-2.15513184072538,4.51994964018222));
#3513=CARTESIAN_POINT('Ctrl Pts',(1.64564924268648,-2.32907483526012,5.91332628827943));
#3514=CARTESIAN_POINT('Ctrl Pts',(1.18406543634588,-1.730623162451,-0.317288233189011));
#3515=CARTESIAN_POINT('Ctrl Pts',(1.25467849244903,-1.72924649101753,-0.312903518601844));
#3516=CARTESIAN_POINT('Ctrl Pts',(1.31617488929648,-1.7270348394953,-0.308311334661013));
#3517=CARTESIAN_POINT('Ctrl Pts',(1.42326433116918,-1.72141433337174,-0.297921310088894));
#3518=CARTESIAN_POINT('Ctrl Pts',(1.46885737619443,-1.71800547877041,-0.292123469457606));
#3519=CARTESIAN_POINT('Ctrl Pts',(1.58527643357069,-1.70669224599543,-0.271735385553361));
#3520=CARTESIAN_POINT('Ctrl Pts',(1.73667423752518,-1.67971910456151,-0.218980969703351));
#3521=CARTESIAN_POINT('Ctrl Pts',(1.71557080639194,-1.62606663962971,0.0543807141535343));
#3522=CARTESIAN_POINT('Ctrl Pts',(1.73419284789017,-1.80287185434904,1.25377931406134));
#3523=CARTESIAN_POINT('Ctrl Pts',(1.71234120039403,-1.52207708592403,1.76288837033423));
#3524=CARTESIAN_POINT('Ctrl Pts',(1.94703710788331,-1.80907313750675,4.47944142863695));
#3525=CARTESIAN_POINT('Ctrl Pts',(2.06438506162795,-1.95257116329811,5.83771795778831));
#3526=CARTESIAN_POINT('Ctrl Pts',(1.73954108876089,-0.834935055158652,0.260240208670035));
#3527=CARTESIAN_POINT('Ctrl Pts',(1.83665389783185,-0.835882522620369,0.269960732985817));
#3528=CARTESIAN_POINT('Ctrl Pts',(1.91972280381662,-0.834763298158118,0.280017202811439));
#3529=CARTESIAN_POINT('Ctrl Pts',(2.0615782772311,-0.829234103141785,0.30102204778085));
#3530=CARTESIAN_POINT('Ctrl Pts',(2.12036484466082,-0.824824132587703,0.31197042292464));
#3531=CARTESIAN_POINT('Ctrl Pts',(2.26600924054334,-0.807922058421865,0.346483427780992));
#3532=CARTESIAN_POINT('Ctrl Pts',(2.43443680668193,-0.759429260075821,0.422180955193629));
#3533=CARTESIAN_POINT('Ctrl Pts',(2.2870651614743,-0.614240418680525,0.663990344128991));
#3534=CARTESIAN_POINT('Ctrl Pts',(2.35924641168521,-0.719753972223104,1.3012729772325));
#3535=CARTESIAN_POINT('Ctrl Pts',(2.32236991925809,-0.646661304059155,1.83022832764616));
#3536=CARTESIAN_POINT('Ctrl Pts',(2.63353595901769,-0.742380833061494,4.34770170672433));
#3537=CARTESIAN_POINT('Ctrl Pts',(2.78911897889749,-0.790240597562664,5.60643839626342));
#3538=CARTESIAN_POINT('Ctrl Pts',(1.50483813073412,0.631311261168851,0.214373343671987));
#3539=CARTESIAN_POINT('Ctrl Pts',(1.60120892707606,0.631824703002164,0.222781049299538));
#3540=CARTESIAN_POINT('Ctrl Pts',(1.68633886824879,0.632393971771441,0.232448854155573));
#3541=CARTESIAN_POINT('Ctrl Pts',(1.83680839297403,0.633596309912645,0.254172930558503));
#3542=CARTESIAN_POINT('Ctrl Pts',(1.90214797652653,0.634229379284572,0.266229202105399));
#3543=CARTESIAN_POINT('Ctrl Pts',(2.07251821983101,0.636152508400407,0.305783119133223));
#3544=CARTESIAN_POINT('Ctrl Pts',(2.3106646770278,0.640094450632295,0.398431362737416));
#3545=CARTESIAN_POINT('Ctrl Pts',(2.37425516626349,0.64594242922205,0.698327996300949));
#3546=CARTESIAN_POINT('Ctrl Pts',(2.35099209117141,0.621756010473094,1.30271307791065));
#3547=CARTESIAN_POINT('Ctrl Pts',(2.33794590465967,0.618231255979672,1.8098916241508));
#3548=CARTESIAN_POINT('Ctrl Pts',(2.64346269620565,0.822627488343591,4.12003608616985));
#3549=CARTESIAN_POINT('Ctrl Pts',(2.79622109197864,0.92482560452555,5.27510831717937));
#3550=CARTESIAN_POINT('Ctrl Pts',(1.17421787518377,1.51027938732999,0.327867611342599));
#3551=CARTESIAN_POINT('Ctrl Pts',(1.24765576805856,1.51331372628166,0.336125785414703));
#3552=CARTESIAN_POINT('Ctrl Pts',(1.31185428652977,1.516792568144,0.345500508134584));
#3553=CARTESIAN_POINT('Ctrl Pts',(1.42409396946599,1.52435804213978,0.366299792545306));
#3554=CARTESIAN_POINT('Ctrl Pts',(1.472135133931,1.52844467427322,0.377724354236145));
#3555=CARTESIAN_POINT('Ctrl Pts',(1.59550468851822,1.54119443275486,0.414797910278206));
#3556=CARTESIAN_POINT('Ctrl Pts',(1.75922804246136,1.56865339804342,0.500144506240494));
#3557=CARTESIAN_POINT('Ctrl Pts',(1.75513607832543,1.62281834910804,0.762289251366855));
#3558=CARTESIAN_POINT('Ctrl Pts',(1.76037956735461,1.5369106209719,1.228825428258));
#3559=CARTESIAN_POINT('Ctrl Pts',(1.74710850292542,1.49140843747215,1.84486851496714));
#3560=CARTESIAN_POINT('Ctrl Pts',(1.9721876029552,1.89229218444717,3.98858673847648));
#3561=CARTESIAN_POINT('Ctrl Pts',(2.08472715297009,2.09273405793469,5.06044585023116));
#3562=CARTESIAN_POINT('Ctrl Pts',(0.984539432817892,1.76927562780201,0.382267003222443));
#3563=CARTESIAN_POINT('Ctrl Pts',(1.0440631517822,1.77273354369825,0.389766450791808));
#3564=CARTESIAN_POINT('Ctrl Pts',(1.09542899464306,1.77769928581786,0.398426457039976));
#3565=CARTESIAN_POINT('Ctrl Pts',(1.18408438949979,1.78966516096068,0.417814796957992));
#3566=CARTESIAN_POINT('Ctrl Pts',(1.22137394149566,1.7966652939839,0.42854313062784));
#3567=CARTESIAN_POINT('Ctrl Pts',(1.31548735319869,1.81924538709425,0.463451437866009));
#3568=CARTESIAN_POINT('Ctrl Pts',(1.4326931994664,1.87072434947779,0.544161277256855));
#3569=CARTESIAN_POINT('Ctrl Pts',(1.39714142017764,1.95264739188942,0.78750245561904));
#3570=CARTESIAN_POINT('Ctrl Pts',(1.41565427779969,1.83617439302067,1.19720775919696));
#3571=CARTESIAN_POINT('Ctrl Pts',(1.40251368244071,1.77735796267215,1.86139833709628));
#3572=CARTESIAN_POINT('Ctrl Pts',(1.58220719697302,2.24158636585403,3.94817979590983));
#3573=CARTESIAN_POINT('Ctrl Pts',(1.67205395423917,2.47370056744497,4.9915705253166));
#3574=CARTESIAN_POINT('Ctrl Pts',(0.890953652152375,1.87521288438599,0.407376035482852));
#3575=CARTESIAN_POINT('Ctrl Pts',(0.94165896097519,1.87857733039264,0.414109108544811));
#3576=CARTESIAN_POINT('Ctrl Pts',(0.984022901472819,1.88500935885171,0.4221789972003));
#3577=CARTESIAN_POINT('Ctrl Pts',(1.05577450818204,1.90077676425752,0.440797818216744));
#3578=CARTESIAN_POINT('Ctrl Pts',(1.0853417723354,1.90993920061779,0.451185354472272));
#3579=CARTESIAN_POINT('Ctrl Pts',(1.16045821157352,1.93917386075652,0.485090703393538));
#3580=CARTESIAN_POINT('Ctrl Pts',(1.25478770701514,2.003075252607,0.564088625199112));
#3581=CARTESIAN_POINT('Ctrl Pts',(1.20739765638389,2.09760004098818,0.798953727740128));
#3582=CARTESIAN_POINT('Ctrl Pts',(1.23080790235257,1.96718898922452,1.18275296518086));
#3583=CARTESIAN_POINT('Ctrl Pts',(1.21816561706587,1.9024369051362,1.86910583134898));
#3584=CARTESIAN_POINT('Ctrl Pts',(1.37378638441125,2.39430216991817,3.93074848212534));
#3585=CARTESIAN_POINT('Ctrl Pts',(1.45159676808393,2.64023480230916,4.96156980751352));
#3586=CARTESIAN_POINT('Ctrl Pts',(0.862127555401802,1.90526537450686,0.414881478622355));
#3587=CARTESIAN_POINT('Ctrl Pts',(0.907850103634085,1.91050958853785,0.421759573718068));
#3588=CARTESIAN_POINT('Ctrl Pts',(0.946355295878259,1.91692216889582,0.429644771538346));
#3589=CARTESIAN_POINT('Ctrl Pts',(1.01162036585368,1.93422363933753,0.447996411811729));
#3590=CARTESIAN_POINT('Ctrl Pts',(1.03835261797044,1.94435421334706,0.458253546416487));
#3591=CARTESIAN_POINT('Ctrl Pts',(1.10627841870422,1.97596718472603,0.491855875524985));
#3592=CARTESIAN_POINT('Ctrl Pts',(1.19304619770575,2.0440781248854,0.570384234918877));
#3593=CARTESIAN_POINT('Ctrl Pts',(1.14235866266599,2.14259061197245,0.802578263446323));
#3594=CARTESIAN_POINT('Ctrl Pts',(1.16711182209192,2.00775763965572,1.17816037392789));
#3595=CARTESIAN_POINT('Ctrl Pts',(1.15470781941884,1.94114724926823,1.8715820932979));
#3596=CARTESIAN_POINT('Ctrl Pts',(1.30207434529554,2.44155222349968,3.92540007044698));
#3597=CARTESIAN_POINT('Ctrl Pts',(1.3757576082339,2.6917547106154,4.95230905902153));
#3598=CARTESIAN_POINT('Ctrl Pts',(0.809213688843184,1.95485049726767,0.428163896340092));
#3599=CARTESIAN_POINT('Ctrl Pts',(0.840869925901983,1.9640201102677,0.435305809810948));
#3600=CARTESIAN_POINT('Ctrl Pts',(0.869188287292593,1.97298995802972,0.442945088815851));
#3601=CARTESIAN_POINT('Ctrl Pts',(0.918281984688541,1.99437203602095,0.4607664422056));
#3602=CARTESIAN_POINT('Ctrl Pts',(0.9390106023144,2.0063584138378,0.470844202254949));
#3603=CARTESIAN_POINT('Ctrl Pts',(0.992508122781736,2.04305600191407,0.503988778909932));
#3604=CARTESIAN_POINT('Ctrl Pts',(1.06474983407543,2.11940499656962,0.581923118247646));
#3605=CARTESIAN_POINT('Ctrl Pts',(1.00948128859734,2.22505837517672,0.809310746584117));
#3606=CARTESIAN_POINT('Ctrl Pts',(1.03602239724942,2.08216811079497,1.16965086538738));
#3607=CARTESIAN_POINT('Ctrl Pts',(1.02430519631325,2.01207195154397,1.87621313862133));
#3608=CARTESIAN_POINT('Ctrl Pts',(1.15477638117612,2.52811817471789,3.91564686772417));
#3609=CARTESIAN_POINT('Ctrl Pts',(1.22001197360755,2.78614128630485,4.93536373227558));
#3610=CARTESIAN_POINT('Ctrl Pts',(0.785125919035142,1.97438312990761,0.433940870918327));
#3611=CARTESIAN_POINT('Ctrl Pts',(0.812557955216992,1.98485408846311,0.441416705204565));
#3612=CARTESIAN_POINT('Ctrl Pts',(0.830101578658786,1.99685461854944,0.448654878533877));
#3613=CARTESIAN_POINT('Ctrl Pts',(0.869624744867708,2.02058018577406,0.466088184512752));
#3614=CARTESIAN_POINT('Ctrl Pts',(0.886646915177806,2.03351584024958,0.476245165558677));
#3615=CARTESIAN_POINT('Ctrl Pts',(0.932917619728542,2.0733514951326,0.509356510163432));
#3616=CARTESIAN_POINT('Ctrl Pts',(0.998194979754493,2.15372899597543,0.587166391856651));
#3617=CARTESIAN_POINT('Ctrl Pts',(0.941642908246582,2.26253556739672,0.812418694015716));
#3618=CARTESIAN_POINT('Ctrl Pts',(0.968629052667564,2.11600993150302,1.16573394809984));
#3619=CARTESIAN_POINT('Ctrl Pts',(0.957360370854699,2.04428630968769,1.87836792199584));
#3620=CARTESIAN_POINT('Ctrl Pts',(1.07919045617239,2.56743407235461,3.9112420766797));
#3621=CARTESIAN_POINT('Ctrl Pts',(1.14010549883124,2.82900795368806,4.92767915402163));
#3622=CARTESIAN_POINT('Ctrl Pts',(0.75882613465659,1.99498418109402,0.440088471899081));
#3623=CARTESIAN_POINT('Ctrl Pts',(0.774939032999609,2.00750907712791,0.447292757334926));
#3624=CARTESIAN_POINT('Ctrl Pts',(0.789176440700608,2.01904091282029,0.454096004318133));
#3625=CARTESIAN_POINT('Ctrl Pts',(0.817008014858362,2.04396613259635,0.470603918392137));
#3626=CARTESIAN_POINT('Ctrl Pts',(0.830602181315117,2.05735951668003,0.480308585482935));
#3627=CARTESIAN_POINT('Ctrl Pts',(0.870419818819015,2.10033199151805,0.513774716916713));
#3628=CARTESIAN_POINT('Ctrl Pts',(0.9292664589143,2.18448821793998,0.591704168949216));
#3629=CARTESIAN_POINT('Ctrl Pts',(0.872796213716268,2.29582635956778,0.815202608173553));
#3630=CARTESIAN_POINT('Ctrl Pts',(0.899619065542786,2.14622780412469,1.16226703135864));
#3631=CARTESIAN_POINT('Ctrl Pts',(0.888936960106702,2.07298731853244,1.88029412959792));
#3632=CARTESIAN_POINT('Ctrl Pts',(1.00196908020909,2.60247102848641,3.90731888001932));
#3633=CARTESIAN_POINT('Ctrl Pts',(1.05848514026028,2.8672128834634,4.92083125523002));
#3634=CARTESIAN_POINT('Ctrl Pts',(0.752514186405738,1.99992843337876,0.441563896134462));
#3635=CARTESIAN_POINT('Ctrl Pts',(0.765910491667437,2.01294627440747,0.448703009846212));
#3636=CARTESIAN_POINT('Ctrl Pts',(0.779354407590646,2.02436562344529,0.455401874506354));
#3637=CARTESIAN_POINT('Ctrl Pts',(0.804379999656119,2.0495787598337,0.47168769452319));
#3638=CARTESIAN_POINT('Ctrl Pts',(0.817151445188072,2.06308199902334,0.481283806264757));
#3639=CARTESIAN_POINT('Ctrl Pts',(0.855420346600728,2.10680731065055,0.514835086537501));
#3640=CARTESIAN_POINT('Ctrl Pts',(0.912723613912654,2.19187043121147,0.592793235451432));
#3641=CARTESIAN_POINT('Ctrl Pts',(0.856273007028993,2.30381614968884,0.815870747571434));
#3642=CARTESIAN_POINT('Ctrl Pts',(0.883056668632839,2.15348009355389,1.16143497134076));
#3643=CARTESIAN_POINT('Ctrl Pts',(0.872515341527183,2.07987556065517,1.88075641942242));
#3644=CARTESIAN_POINT('Ctrl Pts',(0.983435949977898,2.61087989795805,3.90637731282083));
#3645=CARTESIAN_POINT('Ctrl Pts',(1.03889625420326,2.87638206660948,4.91918775952004));
#3646=CARTESIAN_POINT('Ctrl Pts',(0.746202238154886,2.0048726856635,0.443039320369843));
#3647=CARTESIAN_POINT('Ctrl Pts',(0.756881950335265,2.01838347168702,0.450113262357499));
#3648=CARTESIAN_POINT('Ctrl Pts',(0.769532374480683,2.0296903340703,0.456707744694575));
#3649=CARTESIAN_POINT('Ctrl Pts',(0.791751984453877,2.05519138707105,0.472771470654242));
#3650=CARTESIAN_POINT('Ctrl Pts',(0.803700709061027,2.06880448136665,0.482259027046579));
#3651=CARTESIAN_POINT('Ctrl Pts',(0.840420874382442,2.11328262978306,0.515895456158288));
#3652=CARTESIAN_POINT('Ctrl Pts',(0.896180768911008,2.19925264448296,0.593882301953648));
#3653=CARTESIAN_POINT('Ctrl Pts',(0.839749800341718,2.31180593980989,0.816538886969315));
#3654=CARTESIAN_POINT('Ctrl Pts',(0.866494271722893,2.16073238298309,1.16060291132287));
#3655=CARTESIAN_POINT('Ctrl Pts',(0.856093722947665,2.08676380277791,1.88121870924692));
#3656=CARTESIAN_POINT('Ctrl Pts',(0.964902819746707,2.61928876742968,3.90543574562234));
#3657=CARTESIAN_POINT('Ctrl Pts',(1.01930736814623,2.88555124975556,4.91754426381005));
#3658=CARTESIAN_POINT('Ctrl Pts',(0.739890289904033,2.00981693794824,0.444514744605223));
#3659=CARTESIAN_POINT('Ctrl Pts',(0.747853409003093,2.02382066896657,0.451523514868785));
#3660=CARTESIAN_POINT('Ctrl Pts',(0.759710341370721,2.0350150446953,0.458013614882796));
#3661=CARTESIAN_POINT('Ctrl Pts',(0.779123969251634,2.0608040143084,0.473855246785295));
#3662=CARTESIAN_POINT('Ctrl Pts',(0.790249972933981,2.07452696370996,0.4832342478284));
#3663=CARTESIAN_POINT('Ctrl Pts',(0.825421402164156,2.11975794891557,0.516955825779076));
#3664=CARTESIAN_POINT('Ctrl Pts',(0.879637923909362,2.20663485775446,0.594971368455863));
#3665=CARTESIAN_POINT('Ctrl Pts',(0.823226593654443,2.31979572993095,0.817207026367195));
#3666=CARTESIAN_POINT('Ctrl Pts',(0.849931874812946,2.16798467241229,1.15977085130498));
#3667=CARTESIAN_POINT('Ctrl Pts',(0.839672104368145,2.09365204490065,1.88168099907142));
#3668=CARTESIAN_POINT('Ctrl Pts',(0.946369689515515,2.62769763690131,3.90449417842385));
#3669=CARTESIAN_POINT('Ctrl Pts',(0.999718482089199,2.89472043290165,4.91590076810006));
#3670=CARTESIAN_POINT('',(0.75882613465659,1.99498418109402,0.440088471899081));
#3671=CARTESIAN_POINT('Ctrl Pts',(0.75882613465659,1.99498418109402,0.440088471899081));
#3672=CARTESIAN_POINT('Ctrl Pts',(0.774939032999609,2.00750907712791,0.447292757334926));
#3673=CARTESIAN_POINT('Ctrl Pts',(0.789176440700608,2.01904091282029,0.454096004318133));
#3674=CARTESIAN_POINT('Ctrl Pts',(0.817008014858362,2.04396613259635,0.470603918392137));
#3675=CARTESIAN_POINT('Ctrl Pts',(0.830602181315117,2.05735951668003,0.480308585482935));
#3676=CARTESIAN_POINT('Ctrl Pts',(0.870419818819015,2.10033199151805,0.513774716916713));
#3677=CARTESIAN_POINT('Ctrl Pts',(0.9292664589143,2.18448821793998,0.591704168949216));
#3678=CARTESIAN_POINT('Ctrl Pts',(0.872796213716268,2.29582635956778,0.815202608173553));
#3679=CARTESIAN_POINT('Ctrl Pts',(0.899619065542786,2.14622780412469,1.16226703135864));
#3680=CARTESIAN_POINT('Ctrl Pts',(0.889023509397389,2.07358073264125,1.87447648096876));
#3681=CARTESIAN_POINT('Ctrl Pts',(0.999239377615874,2.58968638979914,3.85827707911231));
#3682=CARTESIAN_POINT('Ctrl Pts',(1.05436439679796,2.84790987245006,4.84693106594649));
#3683=CARTESIAN_POINT('Ctrl Pts',(0.659271636402115,-2.20797341313062,-0.733615248144905));
#3684=CARTESIAN_POINT('Ctrl Pts',(0.688741599673399,-2.18884461440235,-0.715066614712218));
#3685=CARTESIAN_POINT('Ctrl Pts',(0.716110405250753,-2.17050918390374,-0.697158627068817));
#3686=CARTESIAN_POINT('Ctrl Pts',(0.778660752164165,-2.12292738670468,-0.652827457018663));
#3687=CARTESIAN_POINT('Ctrl Pts',(0.813842293500224,-2.09368102000424,-0.626404274611909));
#3688=CARTESIAN_POINT('Ctrl Pts',(0.931106021146458,-1.98957551560013,-0.534361935246614));
#3689=CARTESIAN_POINT('Ctrl Pts',(1.18406543634588,-1.730623162451,-0.317288233189011));
#3690=CARTESIAN_POINT('Ctrl Pts',(1.73954108876089,-0.834935055158652,0.260240208670035));
#3691=CARTESIAN_POINT('Ctrl Pts',(1.50483813073412,0.631311261168851,0.214373343671987));
#3692=CARTESIAN_POINT('Ctrl Pts',(1.17421787518377,1.51027938732999,0.327867611342599));
#3693=CARTESIAN_POINT('Ctrl Pts',(0.984539432817892,1.76927562780201,0.382267003222443));
#3694=CARTESIAN_POINT('Ctrl Pts',(0.890953652152375,1.87521288438599,0.407376035482852));
#3695=CARTESIAN_POINT('Ctrl Pts',(0.862127555401802,1.90526537450686,0.414881478622355));
#3696=CARTESIAN_POINT('Ctrl Pts',(0.809213688843184,1.95485049726767,0.428163896340092));
#3697=CARTESIAN_POINT('Ctrl Pts',(0.785125919035142,1.97438312990761,0.433940870918327));
#3698=CARTESIAN_POINT('Ctrl Pts',(0.75882613465659,1.99498418109402,0.440088471899081));
#3699=CARTESIAN_POINT('Ctrl Pts',(-1.07872781476867,-2.73927552598989,5.91875538008567));
#3700=CARTESIAN_POINT('Ctrl Pts',(-1.10475338116963,-2.72717311924764,5.91634819809897));
#3701=CARTESIAN_POINT('Ctrl Pts',(-1.13043407189264,-2.7146866617874,5.91386540331923));
#3702=CARTESIAN_POINT('Ctrl Pts',(-1.15576622993971,-2.70184249295868,5.91131421696792));
#3703=CARTESIAN_POINT('Ctrl Pts',(-1.08961452982882,-2.81814200265942,5.75966996545022));
#3704=CARTESIAN_POINT('Ctrl Pts',(-1.11605563691829,-2.80618531735525,5.75733664740315));
#3705=CARTESIAN_POINT('Ctrl Pts',(-1.14219671648339,-2.79382731128756,5.75492618575989));
#3706=CARTESIAN_POINT('Ctrl Pts',(-1.16804834278159,-2.78107625628781,5.75244894903193));
#3707=CARTESIAN_POINT('Ctrl Pts',(-1.07805461117791,-2.8532319023898,5.57774937246292));
#3708=CARTESIAN_POINT('Ctrl Pts',(-1.1043589207667,-2.84169165309452,5.57547680192454));
#3709=CARTESIAN_POINT('Ctrl Pts',(-1.13043172997415,-2.82973678318511,5.57312590099804));
#3710=CARTESIAN_POINT('Ctrl Pts',(-1.1562785912937,-2.81736864439407,5.57071171901893));
#3711=CARTESIAN_POINT('Ctrl Pts',(-1.04597866038953,-2.8386849230731,5.40337583768604));
#3712=CARTESIAN_POINT('Ctrl Pts',(-1.07161725657856,-2.82776052714775,5.40114872262257));
#3713=CARTESIAN_POINT('Ctrl Pts',(-1.09710491192524,-2.81641519079073,5.39884144322154));
#3714=CARTESIAN_POINT('Ctrl Pts',(-1.1224238245858,-2.80465481798913,5.39647272713471));
#3715=CARTESIAN_POINT('',(-1.12242382458583,-2.80465481798911,5.39647272713499));
#3716=CARTESIAN_POINT('Origin',(-0.757324154996355,-1.99240587897655,5.52667984037637));
#3717=CARTESIAN_POINT('',(-1.04597866038953,-2.83868492307306,5.40337583768614));
#3718=CARTESIAN_POINT('Ctrl Pts',(-1.1224238245858,-2.80465481798913,5.39647272713471));
#3719=CARTESIAN_POINT('Ctrl Pts',(-1.09710491192524,-2.81641519079073,5.39884144322154));
#3720=CARTESIAN_POINT('Ctrl Pts',(-1.07161725657856,-2.82776052714775,5.40114872262257));
#3721=CARTESIAN_POINT('Ctrl Pts',(-1.04597866038953,-2.8386849230731,5.40337583768604));
#3722=CARTESIAN_POINT('Origin',(-0.706611976652339,-2.01549422305214,5.53447627768649));
#3723=CARTESIAN_POINT('Ctrl Pts',(-1.1556612667533,-2.70116798800071,5.91266406053155));
#3724=CARTESIAN_POINT('Ctrl Pts',(-1.2701732206815,-2.64309327515788,5.90112678827686));
#3725=CARTESIAN_POINT('Ctrl Pts',(-1.41331499719522,-2.55606047894176,5.88385604362587));
#3726=CARTESIAN_POINT('Ctrl Pts',(-1.80534547064997,-2.26747301830378,5.82670697262661));
#3727=CARTESIAN_POINT('Ctrl Pts',(-2.15216078312689,-1.88811931173005,5.75187935525283));
#3728=CARTESIAN_POINT('Ctrl Pts',(-2.45515414070737,-1.3674570352205,5.65014231700319));
#3729=CARTESIAN_POINT('Ctrl Pts',(-2.56804534624131,-1.0869463734731,5.5957147884467));
#3730=CARTESIAN_POINT('Ctrl Pts',(-2.71016499705724,-0.641410130672743,
5.50970992364315));
#3731=CARTESIAN_POINT('Ctrl Pts',(-2.78391654894819,-0.179239099447393,
5.42106320615369));
#3732=CARTESIAN_POINT('Ctrl Pts',(-2.75711962503613,0.58596594943066,5.2756700447029));
#3733=CARTESIAN_POINT('Ctrl Pts',(-2.64781403683771,1.0478407080949,5.18889049674807));
#3734=CARTESIAN_POINT('Ctrl Pts',(-2.4713041992621,1.47692357819185,5.10922990271699));
#3735=CARTESIAN_POINT('Ctrl Pts',(-2.34408870071463,1.73353344391964,5.0618274091823));
#3736=CARTESIAN_POINT('Ctrl Pts',(-2.09755066850181,2.09408528262532,4.99575178448574));
#3737=CARTESIAN_POINT('Ctrl Pts',(-1.80258253090111,2.41650879676243,4.93706408179577));
#3738=CARTESIAN_POINT('Ctrl Pts',(-1.45250193129577,2.70061377968597,4.88564009022963));
#3739=CARTESIAN_POINT('Ctrl Pts',(-1.17975095729076,2.85520096735333,4.85778505566564));
#3740=CARTESIAN_POINT('Ctrl Pts',(-1.03414359242763,2.91993060733539,4.84613012801285));
#3741=CARTESIAN_POINT('Ctrl Pts',(-1.16099684366831,-2.73532280687003,5.84444106493228));
#3742=CARTESIAN_POINT('Ctrl Pts',(-1.27652128718377,-2.67742214026287,5.83304817687608));
#3743=CARTESIAN_POINT('Ctrl Pts',(-1.42108259234162,-2.59055365136406,5.81597990051237));
#3744=CARTESIAN_POINT('Ctrl Pts',(-1.81751869330071,-2.30198164287885,5.75943122817765));
#3745=CARTESIAN_POINT('Ctrl Pts',(-2.16931630072424,-1.92179050162104,5.68519688379969));
#3746=CARTESIAN_POINT('Ctrl Pts',(-2.4782136514733,-1.39832698270807,5.58394492969112));
#3747=CARTESIAN_POINT('Ctrl Pts',(-2.59396532803229,-1.11587245191454,5.52970364363406));
#3748=CARTESIAN_POINT('Ctrl Pts',(-2.74042431346334,-0.665867031263753,
5.44382705747063));
#3749=CARTESIAN_POINT('Ctrl Pts',(-2.81729509303861,-0.198659121211132,
5.35513312107196));
#3750=CARTESIAN_POINT('Ctrl Pts',(-2.79299958698847,0.575484108824544,5.20926768916034));
#3751=CARTESIAN_POINT('Ctrl Pts',(-2.68365415261927,1.04326548879718,5.12195650188842));
#3752=CARTESIAN_POINT('Ctrl Pts',(-2.50558665634806,1.47862166425436,5.04155555887666));
#3753=CARTESIAN_POINT('Ctrl Pts',(-2.37695376263475,1.73904009731391,4.99364610183579));
#3754=CARTESIAN_POINT('Ctrl Pts',(-2.12740794491652,2.10460538117493,4.9267359518104));
#3755=CARTESIAN_POINT('Ctrl Pts',(-1.82856923236144,2.43144671819514,4.86716304393754));
#3756=CARTESIAN_POINT('Ctrl Pts',(-1.47360688005363,2.71942979412942,4.81485000696687));
#3757=CARTESIAN_POINT('Ctrl Pts',(-1.19671810395303,2.87617762153687,4.78647276053278));
#3758=CARTESIAN_POINT('Ctrl Pts',(-1.04881400185309,2.94178843182856,4.77461675437807));
#3759=CARTESIAN_POINT('Ctrl Pts',(-1.16333427574828,-2.79702758616651,5.67544665215353));
#3760=CARTESIAN_POINT('Ctrl Pts',(-1.2802182493933,-2.74009602658821,5.66436839603495));
#3761=CARTESIAN_POINT('Ctrl Pts',(-1.42694778856754,-2.65438295715512,5.64775011363052));
#3762=CARTESIAN_POINT('Ctrl Pts',(-1.83067145987535,-2.36838338086384,5.5925298528375));
#3763=CARTESIAN_POINT('Ctrl Pts',(-2.19187756215801,-1.98916580442284,5.519587415573));
#3764=CARTESIAN_POINT('Ctrl Pts',(-2.51279616981986,-1.46292697348059,5.41937084625427));
#3765=CARTESIAN_POINT('Ctrl Pts',(-2.63462030593398,-1.17792993042384,5.36553090457611));
#3766=CARTESIAN_POINT('Ctrl Pts',(-2.79063507590871,-0.720603185235881,
5.27996222415733));
#3767=CARTESIAN_POINT('Ctrl Pts',(-2.87471197652864,-0.244437284472328,
5.19121592725882));
#3768=CARTESIAN_POINT('Ctrl Pts',(-2.85681517292851,0.546270948329083,5.04447698890478));
#3769=CARTESIAN_POINT('Ctrl Pts',(-2.74822182321816,1.02512910199304,4.95618633676227));
#3770=CARTESIAN_POINT('Ctrl Pts',(-2.56771172838449,1.47255265507369,4.8743697834133));
#3771=CARTESIAN_POINT('Ctrl Pts',(-2.43664899782459,1.7402470847727,4.82549369995714));
#3772=CARTESIAN_POINT('Ctrl Pts',(-2.18159968171598,2.11530616530045,4.75696104478481));
#3773=CARTESIAN_POINT('Ctrl Pts',(-1.87557133536198,2.45034115262637,4.69565663904016));
#3774=CARTESIAN_POINT('Ctrl Pts',(-1.51152085609155,2.74537170630633,4.64161014237661));
#3775=CARTESIAN_POINT('Ctrl Pts',(-1.22701413346387,2.90591768434324,4.6122559985654));
#3776=CARTESIAN_POINT('Ctrl Pts',(-1.07489690650026,2.97307369026955,4.60004490875433));
#3777=CARTESIAN_POINT('Ctrl Pts',(-1.14182421936741,-2.81194044643753,5.49631997340482));
#3778=CARTESIAN_POINT('Ctrl Pts',(-1.25764090652667,-2.75720033836269,5.48549102654308));
#3779=CARTESIAN_POINT('Ctrl Pts',(-1.40365881743531,-2.67439496756387,5.4692370514809));
#3780=CARTESIAN_POINT('Ctrl Pts',(-1.80714159477405,-2.39667233955595,5.41507700237826));
#3781=CARTESIAN_POINT('Ctrl Pts',(-2.17182939791784,-2.02524318265852,5.3431125835975));
#3782=CARTESIAN_POINT('Ctrl Pts',(-2.49975504282456,-1.50521823028724,5.24363166293804));
#3783=CARTESIAN_POINT('Ctrl Pts',(-2.62577987969765,-1.22255599719724,5.19009274837501));
#3784=CARTESIAN_POINT('Ctrl Pts',(-2.78930377985844,-0.765729114347888,
5.10477662093866));
#3785=CARTESIAN_POINT('Ctrl Pts',(-2.87988673462675,-0.287839733749696,
5.01606383004022));
#3786=CARTESIAN_POINT('Ctrl Pts',(-2.86926770245983,0.508083203850501,4.86899430469575));
#3787=CARTESIAN_POINT('Ctrl Pts',(-2.76330781179459,0.990964783943833,4.780359307724));
#3788=CARTESIAN_POINT('Ctrl Pts',(-2.58341202224811,1.44339528588386,4.69795240851767));
#3789=CARTESIAN_POINT('Ctrl Pts',(-2.45211157150828,1.71414244741052,4.64866274296329));
#3790=CARTESIAN_POINT('Ctrl Pts',(-2.19552958939691,2.09278884906862,4.57940840483451));
#3791=CARTESIAN_POINT('Ctrl Pts',(-1.88713459677795,2.43047473418277,4.51732086209779));
#3792=CARTESIAN_POINT('Ctrl Pts',(-1.52007209256109,2.72730412816393,4.46252727431543));
#3793=CARTESIAN_POINT('Ctrl Pts',(-1.23325668607556,2.88848391081998,4.43285273928023));
#3794=CARTESIAN_POINT('Ctrl Pts',(-1.07994272879793,2.95585218144881,4.4205845085612));
#3795=CARTESIAN_POINT('Ctrl Pts',(-1.1224238245859,-2.80465481798918,5.39647272713515));
#3796=CARTESIAN_POINT('Ctrl Pts',(-1.23689578301224,-2.75148377843976,5.38576327949612));
#3797=CARTESIAN_POINT('Ctrl Pts',(-1.38154885560623,-2.67084182497691,5.36967558568869));
#3798=CARTESIAN_POINT('Ctrl Pts',(-1.78246798098824,-2.39942076977882,5.31600151243051));
#3799=CARTESIAN_POINT('Ctrl Pts',(-2.14706638361991,-2.03444704058403,5.24446104415231));
#3800=CARTESIAN_POINT('Ctrl Pts',(-2.47713513909669,-1.52069553210503,5.14527981047318));
#3801=CARTESIAN_POINT('Ctrl Pts',(-2.60480832789052,-1.2409053813214,5.091874556876));
#3802=CARTESIAN_POINT('Ctrl Pts',(-2.771710793758,-0.786892207898184,5.00665298016882));
#3803=CARTESIAN_POINT('Ctrl Pts',(-2.86556438227144,-0.310448730876133,
4.91796091886306));
#3804=CARTESIAN_POINT('Ctrl Pts',(-2.85917584901484,0.484522429512059,4.7708674040561));
#3805=CARTESIAN_POINT('Ctrl Pts',(-2.75521092368295,0.967360612210549,4.68222685985708));
#3806=CARTESIAN_POINT('Ctrl Pts',(-2.57670537139137,1.42005253661262,4.59977420582427));
#3807=CARTESIAN_POINT('Ctrl Pts',(-2.44595839408719,1.69114196041967,4.55042665336905));
#3808=CARTESIAN_POINT('Ctrl Pts',(-2.18986474846546,2.0697559583766,4.48108877169698));
#3809=CARTESIAN_POINT('Ctrl Pts',(-1.88176161912026,2.40707893578034,4.41890456467921));
#3810=CARTESIAN_POINT('Ctrl Pts',(-1.51507564120789,2.7031393624762,4.36405818658912));
#3811=CARTESIAN_POINT('Ctrl Pts',(-1.22873540286067,2.86365402879111,4.33443152534724));
#3812=CARTESIAN_POINT('Ctrl Pts',(-1.07577458842826,2.93068449684665,4.32223293029604));
#3813=CARTESIAN_POINT('',(-1.07577458842827,2.93068449684661,4.3222329302959));
#3814=CARTESIAN_POINT('Origin',(-0.710785102199533,2.13754423708219,4.54066187362371));
#3815=CARTESIAN_POINT('Ctrl Pts',(-1.07577458842826,2.93068449684665,4.32223293029604));
#3816=CARTESIAN_POINT('Ctrl Pts',(-1.22873540286067,2.86365402879111,4.33443152534724));
#3817=CARTESIAN_POINT('Ctrl Pts',(-1.51507564120789,2.7031393624762,4.36405818658912));
#3818=CARTESIAN_POINT('Ctrl Pts',(-1.88176161912026,2.40707893578034,4.41890456467921));
#3819=CARTESIAN_POINT('Ctrl Pts',(-2.18986474846546,2.0697559583766,4.48108877169698));
#3820=CARTESIAN_POINT('Ctrl Pts',(-2.44595839408719,1.69114196041967,4.55042665336905));
#3821=CARTESIAN_POINT('Ctrl Pts',(-2.57670537139137,1.42005253661262,4.59977420582427));
#3822=CARTESIAN_POINT('Ctrl Pts',(-2.75521092368295,0.967360612210549,4.68222685985708));
#3823=CARTESIAN_POINT('Ctrl Pts',(-2.85917584901484,0.484522429512059,4.7708674040561));
#3824=CARTESIAN_POINT('Ctrl Pts',(-2.86556438227144,-0.310448730876133,
4.91796091886306));
#3825=CARTESIAN_POINT('Ctrl Pts',(-2.771710793758,-0.786892207898184,5.00665298016882));
#3826=CARTESIAN_POINT('Ctrl Pts',(-2.60480832789052,-1.2409053813214,5.091874556876));
#3827=CARTESIAN_POINT('Ctrl Pts',(-2.47713513909669,-1.52069553210503,5.14527981047318));
#3828=CARTESIAN_POINT('Ctrl Pts',(-2.14706638361991,-2.03444704058403,5.24446104415231));
#3829=CARTESIAN_POINT('Ctrl Pts',(-1.78246798098824,-2.39942076977882,5.31600151243051));
#3830=CARTESIAN_POINT('Ctrl Pts',(-1.38154885560623,-2.67084182497691,5.36967558568869));
#3831=CARTESIAN_POINT('Ctrl Pts',(-1.23689578301224,-2.75148377843976,5.38576327949612));
#3832=CARTESIAN_POINT('Ctrl Pts',(-1.1224238245859,-2.80465481798918,5.39647272713515));
#3833=CARTESIAN_POINT('Ctrl Pts',(-1.03414358817041,2.9199306009924,4.84613014876531));
#3834=CARTESIAN_POINT('Ctrl Pts',(-1.03412718623929,2.91993789245803,4.84612883589682));
#3835=CARTESIAN_POINT('Ctrl Pts',(-1.0341107841835,2.91994518376727,4.84612752305662));
#3836=CARTESIAN_POINT('Ctrl Pts',(-1.03409438200304,2.91995247492012,4.8461262102447));
#3837=CARTESIAN_POINT('Ctrl Pts',(-1.06837454648529,2.97093219738883,4.6792656048495));
#3838=CARTESIAN_POINT('Ctrl Pts',(-1.06835753719957,2.97093972299648,4.67926423861398));
#3839=CARTESIAN_POINT('Ctrl Pts',(-1.06834053418909,2.97094724559181,4.67926287304383));
#3840=CARTESIAN_POINT('Ctrl Pts',(-1.06832352463635,2.97095477087696,4.67926150686807));
#3841=CARTESIAN_POINT('Ctrl Pts',(-1.08306883437757,2.97472794672626,4.49434819939513));
#3842=CARTESIAN_POINT('Ctrl Pts',(-1.08305153266481,2.97473556383398,4.49434681150912));
#3843=CARTESIAN_POINT('Ctrl Pts',(-1.08303423737574,2.97474317787941,4.49434542430186));
#3844=CARTESIAN_POINT('Ctrl Pts',(-1.08301693538724,2.97475079466035,4.49434403647865));
#3845=CARTESIAN_POINT('Ctrl Pts',(-1.07577458842827,2.93068449684661,4.3222329302959));
#3846=CARTESIAN_POINT('Ctrl Pts',(-1.07575735814748,2.930692047498,4.32223155618437));
#3847=CARTESIAN_POINT('Ctrl Pts',(-1.0757401277297,2.93069959798693,4.32223018210508));
#3848=CARTESIAN_POINT('Ctrl Pts',(-1.07572289717491,2.93070714831341,4.32222880805806));
#3849=CARTESIAN_POINT('',(-1.07572289717491,2.93070714831341,4.32222880805806));
#3850=CARTESIAN_POINT('Origin',(-0.710751427281124,2.13755908022597,4.54065950245042));
#3851=CARTESIAN_POINT('Ctrl Pts',(-1.07572289717491,2.93070714831341,4.32222880805806));
#3852=CARTESIAN_POINT('Ctrl Pts',(-1.0757401277297,2.93069959798693,4.32223018210508));
#3853=CARTESIAN_POINT('Ctrl Pts',(-1.07575735814748,2.930692047498,4.32223155618437));
#3854=CARTESIAN_POINT('Ctrl Pts',(-1.07577458842827,2.93068449684661,4.3222329302959));
#3855=CARTESIAN_POINT('Ctrl Pts',(-1.03409384030436,2.91995166777379,4.8461288509791));
#3856=CARTESIAN_POINT('Ctrl Pts',(-1.03196532480776,2.92089784277028,4.84595848702215));
#3857=CARTESIAN_POINT('Ctrl Pts',(-1.02983535934031,2.92184109529675,4.84578865130449));
#3858=CARTESIAN_POINT('Ctrl Pts',(-1.02770395669555,2.92278141798621,4.84561934582545));
#3859=CARTESIAN_POINT('Ctrl Pts',(-1.06832336323982,2.97095471608084,4.67926345605201));
#3860=CARTESIAN_POINT('Ctrl Pts',(-1.06611602799306,2.9719312748586,4.67908616697238));
#3861=CARTESIAN_POINT('Ctrl Pts',(-1.06390773620981,2.97290454679552,4.67890950030289));
#3862=CARTESIAN_POINT('Ctrl Pts',(-1.06169683198664,2.97387525776135,4.67873329587981));
#3863=CARTESIAN_POINT('Ctrl Pts',(-1.08301697386478,2.97475102699956,4.49434494442152));
#3864=CARTESIAN_POINT('Ctrl Pts',(-1.08077168866483,2.97573945939369,4.49416484610432));
#3865=CARTESIAN_POINT('Ctrl Pts',(-1.07852516338662,2.97672466490388,4.49398537860443));
#3866=CARTESIAN_POINT('Ctrl Pts',(-1.07627569940237,2.97770737930689,4.49380638224827));
#3867=CARTESIAN_POINT('Ctrl Pts',(-1.07572289717492,2.93070714831342,4.32222880805803));
#3868=CARTESIAN_POINT('Ctrl Pts',(-1.07348688200714,2.9316869568419,4.32205049749075));
#3869=CARTESIAN_POINT('Ctrl Pts',(-1.07124855746054,2.93266403051461,4.3218727298189));
#3870=CARTESIAN_POINT('Ctrl Pts',(-1.06900792863147,2.93363835469182,4.32169551600944));
#3871=CARTESIAN_POINT('',(-1.06900792863147,2.93363835469182,4.32169551600953));
#3872=CARTESIAN_POINT('Origin',(-0.706378625728171,2.13947911883831,4.54035300338288));
#3873=CARTESIAN_POINT('Ctrl Pts',(-1.06900792863147,2.93363835469182,4.32169551600944));
#3874=CARTESIAN_POINT('Ctrl Pts',(-1.07124855746054,2.93266403051461,4.3218727298189));
#3875=CARTESIAN_POINT('Ctrl Pts',(-1.07348688200714,2.9316869568419,4.32205049749075));
#3876=CARTESIAN_POINT('Ctrl Pts',(-1.07572289717492,2.93070714831342,4.32222880805803));
#3877=CARTESIAN_POINT('Ctrl Pts',(-1.02768365769235,2.92275090497302,4.84571898950409));
#3878=CARTESIAN_POINT('Ctrl Pts',(-0.880883623260859,2.98751568052879,4.83405812406829));
#3879=CARTESIAN_POINT('Ctrl Pts',(-0.611861713022361,3.07627807164239,4.8180885673372));
#3880=CARTESIAN_POINT('Ctrl Pts',(-0.335116334654235,3.11900206127389,4.81040360882654));
#3881=CARTESIAN_POINT('Ctrl Pts',(-0.215589462468723,3.12902308110978,4.80859971657307));
#3882=CARTESIAN_POINT('Ctrl Pts',(-1.06169078876498,2.97387317317471,4.67880684152943));
#3883=CARTESIAN_POINT('Ctrl Pts',(-0.909412792447583,3.04073189003118,4.66667059771671));
#3884=CARTESIAN_POINT('Ctrl Pts',(-0.631006038247736,3.1318500596224,4.65019995960846));
#3885=CARTESIAN_POINT('Ctrl Pts',(-0.345480803194249,3.17549504203848,4.64234028968939));
#3886=CARTESIAN_POINT('Ctrl Pts',(-0.222212790113533,3.18572939284311,4.64049774161716));
#3887=CARTESIAN_POINT('Ctrl Pts',(-1.07627714590405,2.97771615034823,4.49384063740916));
#3888=CARTESIAN_POINT('Ctrl Pts',(-0.92134208308403,3.04540207847112,4.48151199127061));
#3889=CARTESIAN_POINT('Ctrl Pts',(-0.638660584765015,3.13723826733736,4.46499095244358));
#3890=CARTESIAN_POINT('Ctrl Pts',(-0.349562285694141,3.18106140440505,4.45719882926462));
#3891=CARTESIAN_POINT('Ctrl Pts',(-0.224810096010014,3.19133513158534,4.45537612187372));
#3892=CARTESIAN_POINT('Ctrl Pts',(-1.06900792863146,2.9336383546918,4.3216955160095));
#3893=CARTESIAN_POINT('Ctrl Pts',(-0.914681531896038,3.00074627438383,4.30948967079716));
#3894=CARTESIAN_POINT('Ctrl Pts',(-0.633550156192988,3.09154444497403,4.29332932761222));
#3895=CARTESIAN_POINT('Ctrl Pts',(-0.346680887420126,3.1347747853194,4.28579133893683));
#3896=CARTESIAN_POINT('Ctrl Pts',(-0.222949286874196,3.1449077148226,4.28403208023333));
#3897=CARTESIAN_POINT('',(-0.222949286874187,3.14490771482238,4.28403208023248));
#3898=CARTESIAN_POINT('Ctrl Pts',(-0.222949286874184,3.14490771482236,4.28403208023244));
#3899=CARTESIAN_POINT('Ctrl Pts',(-0.231600562958131,3.19083778848955,4.45568878060526));
#3900=CARTESIAN_POINT('Ctrl Pts',(-0.2406085111315,3.18408658480449,4.64098978439751));
#3901=CARTESIAN_POINT('Ctrl Pts',(-0.248383271525574,3.12611920489643,4.80896473736058));
#3902=CARTESIAN_POINT('Ctrl Pts',(-0.222949286874196,3.1449077148226,4.28403208023333));
#3903=CARTESIAN_POINT('Ctrl Pts',(-0.346680887420126,3.1347747853194,4.28579133893683));
#3904=CARTESIAN_POINT('Ctrl Pts',(-0.633550156192988,3.09154444497403,4.29332932761222));
#3905=CARTESIAN_POINT('Ctrl Pts',(-0.914681531896038,3.00074627438383,4.30948967079716));
#3906=CARTESIAN_POINT('Ctrl Pts',(-1.06900792863146,2.9336383546918,4.3216955160095));
#3907=CARTESIAN_POINT('Ctrl Pts',(-0.194166255549988,3.07912614403403,4.79544246061395));
#3908=CARTESIAN_POINT('Ctrl Pts',(-0.18623429883171,3.13392930155189,4.63679158156649));
#3909=CARTESIAN_POINT('Ctrl Pts',(-0.177312512461397,3.14034014733528,4.46178023455291));
#3910=CARTESIAN_POINT('Ctrl Pts',(-0.168890977339787,3.09698247405429,4.29965712526534));
#3911=CARTESIAN_POINT('Ctrl Pts',(-0.194472460473051,3.09386391958588,4.80051805701574));
#3912=CARTESIAN_POINT('Ctrl Pts',(-0.186391606216245,3.14978929171569,4.63899236724775));
#3913=CARTESIAN_POINT('Ctrl Pts',(-0.177313825828447,3.1564121379133,4.46075692768416));
#3914=CARTESIAN_POINT('Ctrl Pts',(-0.168730915595264,3.11228952043084,4.2955717733806));
#3915=CARTESIAN_POINT('Ctrl Pts',(-0.208688162423334,3.1192853193655,4.80858870025166));
#3916=CARTESIAN_POINT('Ctrl Pts',(-0.200590606996188,3.17711387937411,4.64212384326084));
#3917=CARTESIAN_POINT('Ctrl Pts',(-0.191373982095075,3.1841089712405,4.45821733873188));
#3918=CARTESIAN_POINT('Ctrl Pts',(-0.182619319153401,3.13867058407351,4.28779507071241));
#3919=CARTESIAN_POINT('Ctrl Pts',(-0.236746593894223,3.12688729271074,4.80981185060444));
#3920=CARTESIAN_POINT('Ctrl Pts',(-0.228889775886932,3.18505203002576,4.64173838197929));
#3921=CARTESIAN_POINT('Ctrl Pts',(-0.219816558439752,3.19193289524601,4.45624425450318));
#3922=CARTESIAN_POINT('Ctrl Pts',(-0.211122012441896,3.14600898976526,4.28435193030246));
#3923=CARTESIAN_POINT('Ctrl Pts',(-0.248383271525574,3.12611920489643,4.80896473736058));
#3924=CARTESIAN_POINT('Ctrl Pts',(-0.2406085111315,3.18408658480449,4.64098978439751));
#3925=CARTESIAN_POINT('Ctrl Pts',(-0.231600562958131,3.19083778848955,4.45568878060526));
#3926=CARTESIAN_POINT('Ctrl Pts',(-0.222949286874184,3.14490771482236,4.28403208023244));
#3927=CARTESIAN_POINT('',(-0.168890977339787,3.0969824740543,4.29965712526534));
#3928=CARTESIAN_POINT('Ctrl Pts',(-0.192562408696736,3.08946932706858,4.76340908509239));
#3929=CARTESIAN_POINT('Ctrl Pts',(-0.185043494730746,3.13456408826879,4.6134463041677));
#3930=CARTESIAN_POINT('Ctrl Pts',(-0.176749439583971,3.13744120676206,4.45094050945225));
#3931=CARTESIAN_POINT('Ctrl Pts',(-0.168890977339787,3.09698247405429,4.29965712526534));
#3932=CARTESIAN_POINT('Origin',(-0.218825585989023,3.09682367489102,4.29710572528231));
#3933=CARTESIAN_POINT('Origin',(-0.20000000638286,3.23364560803244,4.90000015638006));
#3934=CARTESIAN_POINT('',(-0.00744980107870385,2.53029532884758,1.17528910574722));
#3935=CARTESIAN_POINT('',(-0.00744980107817822,3.,1.14605468178753));
#3936=CARTESIAN_POINT('Ctrl Pts',(-0.168890977339787,3.0969824740543,4.29965712526534));
#3937=CARTESIAN_POINT('Ctrl Pts',(-0.151431230518878,3.00709221208958,3.96353925588592));
#3938=CARTESIAN_POINT('Ctrl Pts',(-0.125242121546228,2.87273757955165,3.45934253536023));
#3939=CARTESIAN_POINT('Ctrl Pts',(-0.090227747242298,2.69994815940644,2.78481471766387));
#3940=CARTESIAN_POINT('Ctrl Pts',(-0.0727301205734519,2.61825470169462,
2.44744531537678));
#3941=CARTESIAN_POINT('Ctrl Pts',(-0.0551346436591722,2.5425427314725,2.10778855361673));
#3942=CARTESIAN_POINT('Ctrl Pts',(-0.042087088561992,2.49070984826841,1.85565500207513));
#3943=CARTESIAN_POINT('Ctrl Pts',(-0.0248914913239187,2.45678323304072,
1.52122374623979));
#3944=CARTESIAN_POINT('Ctrl Pts',(-0.0162802409039803,2.47548128265807,
1.35152528374284));
#3945=CARTESIAN_POINT('Ctrl Pts',(-0.0105689880615716,2.50806412404129,
1.23771980225694));
#3946=CARTESIAN_POINT('Ctrl Pts',(-0.00900198419208825,2.51881774861742,
1.20638195162932));
#3947=CARTESIAN_POINT('Ctrl Pts',(-0.00744836207186796,2.53022953140142,
1.1752650375242));
#3948=CARTESIAN_POINT('Origin',(-0.00744980107817822,3.,1.14605468178753));
#3949=CARTESIAN_POINT('',(0.166496637899242,3.09708108514617,4.29988511001195));
#3950=CARTESIAN_POINT('Ctrl Pts',(0.166496637900204,3.09708108515078,4.29988511002912));
#3951=CARTESIAN_POINT('Ctrl Pts',(0.174961722665538,3.13748351400109,4.45114533060849));
#3952=CARTESIAN_POINT('Ctrl Pts',(0.183894895959978,3.13455917863361,4.61360540275136));
#3953=CARTESIAN_POINT('Ctrl Pts',(0.191993352053657,3.08944812496635,4.76352788761233));
#3954=CARTESIAN_POINT('',(-0.00744980107817196,2.53048452740435,1.17527733001673));
#3955=CARTESIAN_POINT('Ctrl Pts',(-0.00745229322736193,2.53041607874386,
1.17523631842801));
#3956=CARTESIAN_POINT('Ctrl Pts',(-0.00577922812286048,2.51901893170422,
1.20633820973307));
#3957=CARTESIAN_POINT('Ctrl Pts',(-0.00409093334815159,2.50828313550882,
1.23767559739391));
#3958=CARTESIAN_POINT('Ctrl Pts',(0.00204127360652882,2.47582636654926,
1.35109202999395));
#3959=CARTESIAN_POINT('Ctrl Pts',(0.01129800959111,2.45711996732943,1.52041214663726));
#3960=CARTESIAN_POINT('Ctrl Pts',(0.0297839605292957,2.4908124757649,1.85412684383793));
#3961=CARTESIAN_POINT('Ctrl Pts',(0.0439123951542829,2.54286183734728,2.10754132725732));
#3962=CARTESIAN_POINT('Ctrl Pts',(0.0628988538437235,2.61870155652631,2.44772489533049));
#3963=CARTESIAN_POINT('Ctrl Pts',(0.0817369617119871,2.70032436167122,2.78485361567683));
#3964=CARTESIAN_POINT('Ctrl Pts',(0.119468758396019,2.87306205090801,3.45952994053939));
#3965=CARTESIAN_POINT('Ctrl Pts',(0.147684168615889,3.00729232664143,3.96373038358845));
#3966=CARTESIAN_POINT('Ctrl Pts',(0.166496637899242,3.09708108514617,4.29988511001195));
#3967=CARTESIAN_POINT('',(-0.00744995762546446,2.53048559382702,1.17527441983888));
#3968=CARTESIAN_POINT('Ctrl Pts',(-0.00745244971153746,2.53041714473758,
1.17523340942343));
#3969=CARTESIAN_POINT('Ctrl Pts',(-0.00745239755016042,2.5304167894057,
1.17523437909139));
#3970=CARTESIAN_POINT('Ctrl Pts',(-0.00745234538876858,2.53041643407446,
1.17523534875959));
#3971=CARTESIAN_POINT('Ctrl Pts',(-0.00745229322736194,2.53041607874386,
1.17523631842801));
#3972=CARTESIAN_POINT('Ctrl Pts',(-0.00744980107817714,2.53029532885596,
1.17528910573639));
#3973=CARTESIAN_POINT('Ctrl Pts',(-0.00744980107817714,2.53035876101124,
1.17528515771834));
#3974=CARTESIAN_POINT('Ctrl Pts',(-0.00744985386619087,2.53042218850087,
1.17528025105523));
#3975=CARTESIAN_POINT('Ctrl Pts',(-0.00744995762546446,2.53048559382702,
1.17527441983888));
#3976=CARTESIAN_POINT('Ctrl Pts',(0.166496637900204,3.09708108515078,4.29988511002912));
#3977=CARTESIAN_POINT('Ctrl Pts',(0.175569375178146,3.14038373745861,4.46200330257696));
#3978=CARTESIAN_POINT('Ctrl Pts',(0.185179814944164,3.13391608463924,4.63698698461517));
#3979=CARTESIAN_POINT('Ctrl Pts',(0.193723970614864,3.07908172687262,4.79561112852887));
#3980=CARTESIAN_POINT('Ctrl Pts',(0.166324485808577,3.11239314251501,4.29580481037203));
#3981=CARTESIAN_POINT('Ctrl Pts',(0.175571213435088,3.15645438714623,4.46098643685972));
#3982=CARTESIAN_POINT('Ctrl Pts',(0.185349647960203,3.14976776002811,4.63919118042021));
#3983=CARTESIAN_POINT('Ctrl Pts',(0.194053659017755,3.09380691126857,4.80068367991013));
#3984=CARTESIAN_POINT('Ctrl Pts',(0.180196032143634,3.13877902518631,4.28798069403596));
#3985=CARTESIAN_POINT('Ctrl Pts',(0.189625027824835,3.18414606600655,4.4584024895433));
#3986=CARTESIAN_POINT('Ctrl Pts',(0.199554714679033,3.17707500085775,4.64227401990343));
#3987=CARTESIAN_POINT('Ctrl Pts',(0.208283904808864,3.11920430811825,4.80869673819094));
#3988=CARTESIAN_POINT('Ctrl Pts',(0.208696786248545,3.14610469262222,4.28442896011228));
#3989=CARTESIAN_POINT('Ctrl Pts',(0.21805696951479,3.19196577028854,4.45631808786569));
#3990=CARTESIAN_POINT('Ctrl Pts',(0.227835187474135,3.18501929283529,4.64178033283387));
#3991=CARTESIAN_POINT('Ctrl Pts',(0.236315841275928,3.12681917151905,4.80981918343001));
#3992=CARTESIAN_POINT('Ctrl Pts',(0.2205247782996,3.14499576031236,4.28406322352698));
#3993=CARTESIAN_POINT('Ctrl Pts',(0.229837367349125,3.19086977048994,4.45571433948605));
#3994=CARTESIAN_POINT('Ctrl Pts',(0.239546065990948,3.18406077366452,4.64098560704126));
#3995=CARTESIAN_POINT('Ctrl Pts',(0.247940947832652,3.12606324290657,4.80893169192576));
#3996=CARTESIAN_POINT('',(0.220524778298686,3.14499576031009,4.28406322351844));
#3997=CARTESIAN_POINT('Ctrl Pts',(0.247940947832652,3.12606324290657,4.80893169192576));
#3998=CARTESIAN_POINT('Ctrl Pts',(0.239546065990948,3.18406077366452,4.64098560704126));
#3999=CARTESIAN_POINT('Ctrl Pts',(0.229837367349125,3.19086977048994,4.45571433948605));
#4000=CARTESIAN_POINT('Ctrl Pts',(0.2205247782996,3.14499576031236,4.28406322352698));
#4001=CARTESIAN_POINT('Origin',(0.216420758909265,3.09691003398114,4.29713685913629));
#4002=CARTESIAN_POINT('Ctrl Pts',(0.344020753184275,2.45399978541733,2.59568209459862));
#4003=CARTESIAN_POINT('Ctrl Pts',(0.346670582734123,2.45884926663747,2.61767030605897));
#4004=CARTESIAN_POINT('Ctrl Pts',(0.36208608332103,2.46693542275025,2.66075004905071));
#4005=CARTESIAN_POINT('Ctrl Pts',(0.427888644267513,2.47257977912967,2.72657256229061));
#4006=CARTESIAN_POINT('Ctrl Pts',(0.53160732766579,2.45448805051073,2.73902551401764));
#4007=CARTESIAN_POINT('Ctrl Pts',(0.597477786972379,2.42575663003027,2.69198448708475));
#4008=CARTESIAN_POINT('Ctrl Pts',(0.620556568034607,2.41081111659581,2.65610281469358));
#4009=CARTESIAN_POINT('Ctrl Pts',(0.635105778162846,2.39882839746479,2.6232037288727));
#4010=CARTESIAN_POINT('Ctrl Pts',(0.640851687398809,2.38471973042504,2.57131443916714));
#4011=CARTESIAN_POINT('Ctrl Pts',(0.610190760353825,2.37289071612486,2.48363448086259));
#4012=CARTESIAN_POINT('Ctrl Pts',(0.52814188795671,2.38183740237102,2.42975970579811));
#4013=CARTESIAN_POINT('Ctrl Pts',(0.439190199338966,2.40164693318194,2.43775769076159));
#4014=CARTESIAN_POINT('Ctrl Pts',(0.382241071303113,2.41929237862485,2.4718049817812));
#4015=CARTESIAN_POINT('Ctrl Pts',(0.346070654696173,2.43792498237451,2.52891910228581));
#4016=CARTESIAN_POINT('Ctrl Pts',(0.341370923634417,2.4491503041972,2.57369388313826));
#4017=CARTESIAN_POINT('Ctrl Pts',(0.344020753184264,2.45399978541733,2.59568209459862));
#4018=CARTESIAN_POINT('Ctrl Pts',(0.354033707682406,2.45232653969022,2.59481677928169));
#4019=CARTESIAN_POINT('Ctrl Pts',(0.356529152527006,2.45682827981332,2.61530376480164));
#4020=CARTESIAN_POINT('Ctrl Pts',(0.37090812410406,2.4642756177858,2.65541406215126));
#4021=CARTESIAN_POINT('Ctrl Pts',(0.431865926583646,2.46932417375703,2.71674055288995));
#4022=CARTESIAN_POINT('Ctrl Pts',(0.528580970119146,2.45262703617996,2.72915847193695));
#4023=CARTESIAN_POINT('Ctrl Pts',(0.591222805396573,2.42579857020442,2.6854523981367));
#4024=CARTESIAN_POINT('Ctrl Pts',(0.613280761263179,2.41174187378511,2.65173748902539));
#4025=CARTESIAN_POINT('Ctrl Pts',(0.627238256906639,2.40045610104993,2.62077423260396));
#4026=CARTESIAN_POINT('Ctrl Pts',(0.632860862689146,2.38711105445313,2.57179291924799));
#4027=CARTESIAN_POINT('Ctrl Pts',(0.603687196668165,2.37588279121457,2.48904830708539));
#4028=CARTESIAN_POINT('Ctrl Pts',(0.52577755199294,2.38433931871002,2.43890228392251));
#4029=CARTESIAN_POINT('Ctrl Pts',(0.442410238778184,2.40309215726393,2.44704066086239));
#4030=CARTESIAN_POINT('Ctrl Pts',(0.389344475214876,2.41978643011848,2.47914537050705));
#4031=CARTESIAN_POINT('Ctrl Pts',(0.355815120109075,2.43734356800282,2.53257975462013));
#4032=CARTESIAN_POINT('Ctrl Pts',(0.351538262837797,2.44782479956712,2.57432979376175));
#4033=CARTESIAN_POINT('Ctrl Pts',(0.354033707682397,2.45232653969022,2.5948167792817));
#4034=CARTESIAN_POINT('Ctrl Pts',(0.372280700908465,2.45240398137915,2.59255153507576));
#4035=CARTESIAN_POINT('Ctrl Pts',(0.374542463406643,2.45630167961867,2.61035653983472));
#4036=CARTESIAN_POINT('Ctrl Pts',(0.38716055209193,2.46262064239955,2.64513820404674));
#4037=CARTESIAN_POINT('Ctrl Pts',(0.439421162491208,2.46657159392121,2.6984609679275));
#4038=CARTESIAN_POINT('Ctrl Pts',(0.523820963530908,2.45212497517084,2.71160053996649));
#4039=CARTESIAN_POINT('Ctrl Pts',(0.581376256893598,2.42805571375562,2.67407509623107));
#4040=CARTESIAN_POINT('Ctrl Pts',(0.601864419976928,2.41525882319729,2.64407965240292));
#4041=CARTESIAN_POINT('Ctrl Pts',(0.614941987306595,2.40496623008115,2.61638588601096));
#4042=CARTESIAN_POINT('Ctrl Pts',(0.620433382721988,2.39273768067362,2.57216076263657));
#4043=CARTESIAN_POINT('Ctrl Pts',(0.593572695611368,2.38263110972655,2.49738806902022));
#4044=CARTESIAN_POINT('Ctrl Pts',(0.522234031856042,2.39087410195321,2.45368653668611));
#4045=CARTESIAN_POINT('Ctrl Pts',(0.448431750216141,2.40826465907271,2.46245111119975));
#4046=CARTESIAN_POINT('Ctrl Pts',(0.402211587003966,2.4235170134068,2.49134108299308));
#4047=CARTESIAN_POINT('Ctrl Pts',(0.373454137910887,2.43930153702319,2.53837213067828));
#4048=CARTESIAN_POINT('Ctrl Pts',(0.370018938410282,2.44850628313963,2.5747465303168));
#4049=CARTESIAN_POINT('Ctrl Pts',(0.37228070090846,2.45240398137915,2.59255153507576));
#4050=CARTESIAN_POINT('Ctrl Pts',(0.394891297050445,2.46564072134476,2.58685158494729));
#4051=CARTESIAN_POINT('Ctrl Pts',(0.396888592771729,2.4689826392246,2.60157401994477));
#4052=CARTESIAN_POINT('Ctrl Pts',(0.407565120629094,2.47420142291813,2.6302740326643));
#4053=CARTESIAN_POINT('Ctrl Pts',(0.450475257537122,2.47653167811928,2.67458448751428));
#4054=CARTESIAN_POINT('Ctrl Pts',(0.520994028477808,2.46221134747571,2.68843064045873));
#4055=CARTESIAN_POINT('Ctrl Pts',(0.571823145099409,2.43930860360376,2.65828779430323));
#4056=CARTESIAN_POINT('Ctrl Pts',(0.590113073038199,2.42725802384696,2.63289723234812));
#4057=CARTESIAN_POINT('Ctrl Pts',(0.6018847487632,2.41763454422259,2.60926665936746));
#4058=CARTESIAN_POINT('Ctrl Pts',(0.607009240033519,2.40642514647341,2.57100027045343));
#4059=CARTESIAN_POINT('Ctrl Pts',(0.58317081272746,2.39812436865941,2.50599732437793));
#4060=CARTESIAN_POINT('Ctrl Pts',(0.520296661479515,2.40779481609628,2.46926912928172));
#4061=CARTESIAN_POINT('Ctrl Pts',(0.457566927490668,2.42524674848523,2.47787873800092));
#4062=CARTESIAN_POINT('Ctrl Pts',(0.418992811598303,2.43978608868053,2.50258867914041));
#4063=CARTESIAN_POINT('Ctrl Pts',(0.395438940106516,2.45421513342263,2.54198390096011));
#4064=CARTESIAN_POINT('Ctrl Pts',(0.392894001329161,2.46229880346491,2.57212914994981));
#4065=CARTESIAN_POINT('Ctrl Pts',(0.394891297050445,2.46564072134476,2.58685158494729));
#4066=CARTESIAN_POINT('Ctrl Pts',(0.400793919782937,2.48618675803657,2.5816010387652));
#4067=CARTESIAN_POINT('Ctrl Pts',(0.402653784983629,2.48959332695165,2.59583992048628));
#4068=CARTESIAN_POINT('Ctrl Pts',(0.412988126514562,2.49485960438423,2.62373618925915));
#4069=CARTESIAN_POINT('Ctrl Pts',(0.45574559756541,2.49649509695887,2.6668270765115));
#4070=CARTESIAN_POINT('Ctrl Pts',(0.524367207196495,2.47908508847125,2.67857576457092));
#4071=CARTESIAN_POINT('Ctrl Pts',(0.571161675833934,2.45425901793946,2.64967004922439));
#4072=CARTESIAN_POINT('Ctrl Pts',(0.587890648262023,2.44173110225609,2.62597599064544));
#4073=CARTESIAN_POINT('Ctrl Pts',(0.598571392901905,2.4318633572951,2.60397993825692));
#4074=CARTESIAN_POINT('Ctrl Pts',(0.603084152807529,2.42079569065187,2.56850762123059));
#4075=CARTESIAN_POINT('Ctrl Pts',(0.581070957365912,2.41370404771168,2.50795790108529));
#4076=CARTESIAN_POINT('Ctrl Pts',(0.522860978991295,2.42534999052137,2.47210743811613));
#4077=CARTESIAN_POINT('Ctrl Pts',(0.462822488223982,2.44430127017528,2.47836553452586));
#4078=CARTESIAN_POINT('Ctrl Pts',(0.425166448862455,2.4596066339345,2.50100594950177));
#4079=CARTESIAN_POINT('Ctrl Pts',(0.401725073391461,2.47449145160936,2.53833775549722));
#4080=CARTESIAN_POINT('Ctrl Pts',(0.398934054582245,2.48278018912148,2.56736215704412));
#4081=CARTESIAN_POINT('Ctrl Pts',(0.400793919782937,2.48618675803657,2.5816010387652));
#4082=CARTESIAN_POINT('Ctrl Pts',(0.400717444049833,2.50111403967716,2.57832416243545));
#4083=CARTESIAN_POINT('Ctrl Pts',(0.402517951913467,2.50464181869367,2.59288283545177));
#4084=CARTESIAN_POINT('Ctrl Pts',(0.413002546320247,2.51012393260199,2.62149867250879));
#4085=CARTESIAN_POINT('Ctrl Pts',(0.457770048973429,2.51172311640183,2.66564683992338));
#4086=CARTESIAN_POINT('Ctrl Pts',(0.528351084525983,2.49268082453521,2.67517412451296));
#4087=CARTESIAN_POINT('Ctrl Pts',(0.57319686211935,2.46659620633333,2.64512714041971));
#4088=CARTESIAN_POINT('Ctrl Pts',(0.588914996072561,2.45373628287264,2.62178768489042));
#4089=CARTESIAN_POINT('Ctrl Pts',(0.598826678943742,2.44368247092023,2.60028495714989));
#4090=CARTESIAN_POINT('Ctrl Pts',(0.602750744440122,2.43266247724347,2.56608433392426));
#4091=CARTESIAN_POINT('Ctrl Pts',(0.581897511388671,2.42617094580991,2.50758723730899));
#4092=CARTESIAN_POINT('Ctrl Pts',(0.526052297737535,2.43856021535658,2.47068928713534));
#4093=CARTESIAN_POINT('Ctrl Pts',(0.465505541215605,2.4580721471706,2.4748823847236));
#4094=CARTESIAN_POINT('Ctrl Pts',(0.426742010839212,2.47377575667635,2.49678511380063));
#4095=CARTESIAN_POINT('Ctrl Pts',(0.402120166278968,2.48903839676931,2.53420802922013));
#4096=CARTESIAN_POINT('Ctrl Pts',(0.398916936186198,2.49758626066067,2.56376548941913));
#4097=CARTESIAN_POINT('Ctrl Pts',(0.400717444049833,2.50111403967717,2.57832416243545));
#4098=CARTESIAN_POINT('',(0.344020753184264,2.45399978541733,2.59568209459862));
#4099=CARTESIAN_POINT('',(0.400717444049833,2.50111403967716,2.57832416243545));
#4100=CARTESIAN_POINT('Ctrl Pts',(0.344020753184275,2.45399978541733,2.59568209459862));
#4101=CARTESIAN_POINT('Ctrl Pts',(0.354033707682406,2.45232653969022,2.59481677928169));
#4102=CARTESIAN_POINT('Ctrl Pts',(0.372280700908465,2.45240398137915,2.59255153507576));
#4103=CARTESIAN_POINT('Ctrl Pts',(0.394891297050445,2.46564072134476,2.58685158494729));
#4104=CARTESIAN_POINT('Ctrl Pts',(0.400793919782937,2.48618675803657,2.5816010387652));
#4105=CARTESIAN_POINT('Ctrl Pts',(0.400717444049833,2.50111403967716,2.57832416243545));
#4106=CARTESIAN_POINT('',(0.400000931119323,2.49815371657164,2.56671103233593));
#4107=CARTESIAN_POINT('Ctrl Pts',(0.400717444049833,2.50111403967716,2.57832416243545));
#4108=CARTESIAN_POINT('Ctrl Pts',(0.402517951913467,2.50464181869367,2.59288283545177));
#4109=CARTESIAN_POINT('Ctrl Pts',(0.413002546320247,2.51012393260199,2.62149867250879));
#4110=CARTESIAN_POINT('Ctrl Pts',(0.457770048973429,2.51172311640183,2.66564683992338));
#4111=CARTESIAN_POINT('Ctrl Pts',(0.528351084525983,2.49268082453521,2.67517412451296));
#4112=CARTESIAN_POINT('Ctrl Pts',(0.57319686211935,2.46659620633333,2.64512714041971));
#4113=CARTESIAN_POINT('Ctrl Pts',(0.588914996072561,2.45373628287264,2.62178768489042));
#4114=CARTESIAN_POINT('Ctrl Pts',(0.598826678943742,2.44368247092023,2.60028495714989));
#4115=CARTESIAN_POINT('Ctrl Pts',(0.602750744440122,2.43266247724347,2.56608433392426));
#4116=CARTESIAN_POINT('Ctrl Pts',(0.581897511388671,2.42617094580991,2.50758723730899));
#4117=CARTESIAN_POINT('Ctrl Pts',(0.526052297737535,2.43856021535658,2.47068928713534));
#4118=CARTESIAN_POINT('Ctrl Pts',(0.465505541215605,2.4580721471706,2.4748823847236));
#4119=CARTESIAN_POINT('Ctrl Pts',(0.426742010839212,2.47377575667635,2.49678511380063));
#4120=CARTESIAN_POINT('Ctrl Pts',(0.404298504014143,2.48768808425428,2.53089715831364));
#4121=CARTESIAN_POINT('Ctrl Pts',(0.399999791266899,2.49528886951698,2.55600165642589));
#4122=CARTESIAN_POINT('Ctrl Pts',(0.400000931119323,2.49815371657164,2.56671103233593));
#4123=CARTESIAN_POINT('Ctrl Pts',(0.400000931119323,2.49815371657164,2.56671103233593));
#4124=CARTESIAN_POINT('Ctrl Pts',(0.400001342963195,2.49918882399134,2.57058047257244));
#4125=CARTESIAN_POINT('Ctrl Pts',(0.400239561792201,2.50017771330233,2.57446006849303));
#4126=CARTESIAN_POINT('Ctrl Pts',(0.400717444049833,2.50111403967717,2.57832416243545));
#4127=CARTESIAN_POINT('Ctrl Pts',(0.344020753184264,2.45399978541733,2.59568209459862));
#4128=CARTESIAN_POINT('Ctrl Pts',(0.341370923634417,2.4491503041972,2.57369388313826));
#4129=CARTESIAN_POINT('Ctrl Pts',(0.346070654696173,2.43792498237451,2.52891910228581));
#4130=CARTESIAN_POINT('Ctrl Pts',(0.382241071303113,2.41929237862485,2.4718049817812));
#4131=CARTESIAN_POINT('Ctrl Pts',(0.439190199338966,2.40164693318194,2.43775769076159));
#4132=CARTESIAN_POINT('Ctrl Pts',(0.52814188795671,2.38183740237102,2.42975970579811));
#4133=CARTESIAN_POINT('Ctrl Pts',(0.610190760353825,2.37289071612486,2.48363448086259));
#4134=CARTESIAN_POINT('Ctrl Pts',(0.640851687398809,2.38471973042504,2.57131443916714));
#4135=CARTESIAN_POINT('Ctrl Pts',(0.635105778162846,2.39882839746479,2.6232037288727));
#4136=CARTESIAN_POINT('Ctrl Pts',(0.620556568034607,2.41081111659581,2.65610281469358));
#4137=CARTESIAN_POINT('Ctrl Pts',(0.597477786972379,2.42575663003027,2.69198448708475));
#4138=CARTESIAN_POINT('Ctrl Pts',(0.53160732766579,2.45448805051073,2.73902551401764));
#4139=CARTESIAN_POINT('Ctrl Pts',(0.427888644267513,2.47257977912967,2.72657256229061));
#4140=CARTESIAN_POINT('Ctrl Pts',(0.36208608332103,2.46693542275025,2.66075004905071));
#4141=CARTESIAN_POINT('Ctrl Pts',(0.346670582734123,2.45884926663747,2.61767030605897));
#4142=CARTESIAN_POINT('Ctrl Pts',(0.344020753184275,2.45399978541733,2.59568209459862));
#4143=CARTESIAN_POINT('Ctrl Pts',(0.75882613465659,1.99498418109402,0.440088471899081));
#4144=CARTESIAN_POINT('Ctrl Pts',(0.774939032999609,2.00750907712791,0.447292757334926));
#4145=CARTESIAN_POINT('Ctrl Pts',(0.789176440700608,2.01904091282029,0.454096004318133));
#4146=CARTESIAN_POINT('Ctrl Pts',(0.817008014858362,2.04396613259635,0.470603918392137));
#4147=CARTESIAN_POINT('Ctrl Pts',(0.830602181315117,2.05735951668003,0.480308585482935));
#4148=CARTESIAN_POINT('Ctrl Pts',(0.870419818819015,2.10033199151805,0.513774716916713));
#4149=CARTESIAN_POINT('Ctrl Pts',(0.9292664589143,2.18448821793998,0.591704168949216));
#4150=CARTESIAN_POINT('Ctrl Pts',(0.872796213716268,2.29582635956778,0.815202608173553));
#4151=CARTESIAN_POINT('Ctrl Pts',(0.899619065542786,2.14622780412469,1.16226703135864));
#4152=CARTESIAN_POINT('Ctrl Pts',(0.888936960106702,2.07298731853244,1.88029412959792));
#4153=CARTESIAN_POINT('Ctrl Pts',(1.00196908020909,2.60247102848641,3.90731888001932));
#4154=CARTESIAN_POINT('Ctrl Pts',(1.05848514026028,2.8672128834634,4.92083125523002));
#4155=CARTESIAN_POINT('Ctrl Pts',(0.71641345193502,2.00306033624654,0.43903178744399));
#4156=CARTESIAN_POINT('Ctrl Pts',(0.726038183610113,2.02108452021626,0.447832835316943));
#4157=CARTESIAN_POINT('Ctrl Pts',(0.740448838671472,2.03451037364127,0.455273978427119));
#4158=CARTESIAN_POINT('Ctrl Pts',(0.762916557534058,2.0657605062765,0.473880165922124));
#4159=CARTESIAN_POINT('Ctrl Pts',(0.774557447452428,2.08120319311049,0.484372005407193));
#4160=CARTESIAN_POINT('Ctrl Pts',(0.807922017909487,2.12731248790349,0.518192923669995));
#4161=CARTESIAN_POINT('Ctrl Pts',(0.860337938074108,2.21524743990453,0.596241946041781));
#4162=CARTESIAN_POINT('Ctrl Pts',(0.803949519185955,2.32911715173885,0.81798652233139));
#4163=CARTESIAN_POINT('Ctrl Pts',(0.830609078418008,2.17644567674636,1.15880011461745));
#4164=CARTESIAN_POINT('Ctrl Pts',(0.820513549358706,2.10168832737718,1.8822203372));
#4165=CARTESIAN_POINT('Ctrl Pts',(0.92474770424579,2.63750798461822,3.90339568335894));
#4166=CARTESIAN_POINT('Ctrl Pts',(0.976864781689332,2.90541781323874,4.91398335643841));
#4167=CARTESIAN_POINT('Ctrl Pts',(0.675595555703038,2.01043414060386,0.438054881186564));
#4168=CARTESIAN_POINT('Ctrl Pts',(0.682240498411608,2.03011338456273,0.447022885170509));
#4169=CARTESIAN_POINT('Ctrl Pts',(0.688891490526673,2.04859563478673,0.456240544174114));
#4170=CARTESIAN_POINT('Ctrl Pts',(0.705550065361002,2.08440344124458,0.476293141751601));
#4171=CARTESIAN_POINT('Ctrl Pts',(0.715287970423486,2.10151362903878,0.487059706436817));
#4172=CARTESIAN_POINT('Ctrl Pts',(0.742516919143626,2.15097798745585,0.521661605923057));
#4173=CARTESIAN_POINT('Ctrl Pts',(0.78903575071466,2.24244188442782,0.600074226617906));
#4174=CARTESIAN_POINT('Ctrl Pts',(0.734094510476086,2.35822154386096,0.820446403215465));
#4175=CARTESIAN_POINT('Ctrl Pts',(0.759982448750304,2.20303960128164,1.1557831984226));
#4176=CARTESIAN_POINT('Ctrl Pts',(0.750611553321268,2.12687598692294,1.88391796902965));
#4177=CARTESIAN_POINT('Ctrl Pts',(0.845890877322915,2.66826599924512,3.89995408108265));
#4178=CARTESIAN_POINT('Ctrl Pts',(0.893530539323738,2.93896100540621,4.90797213710914));
#4179=CARTESIAN_POINT('Ctrl Pts',(0.577269402593871,2.02479272755821,0.4361738855768));
#4180=CARTESIAN_POINT('Ctrl Pts',(0.57499321475332,2.05024659913702,0.446519022312567));
#4181=CARTESIAN_POINT('Ctrl Pts',(0.575663130142108,2.07318792358577,0.457093728221735));
#4182=CARTESIAN_POINT('Ctrl Pts',(0.583234929360882,2.11617810197413,0.479309729784912));
#4183=CARTESIAN_POINT('Ctrl Pts',(0.589268516365233,2.13594305740534,0.490823503313376));
#4184=CARTESIAN_POINT('Ctrl Pts',(0.607258546226849,2.19177603889446,0.527078866412402));
#4185=CARTESIAN_POINT('Ctrl Pts',(0.642795681344345,2.28959446265462,0.606445762664983));
#4186=CARTESIAN_POINT('Ctrl Pts',(0.592827266809437,2.40811314201177,0.824774175756908));
#4187=CARTESIAN_POINT('Ctrl Pts',(0.616259788896803,2.2489369985204,1.15067158720765));
#4188=CARTESIAN_POINT('Ctrl Pts',(0.608577089023324,2.17022420693767,1.88685021530691));
#4189=CARTESIAN_POINT('Ctrl Pts',(0.68570780158392,2.72121898495606,3.89403256295593));
#4190=CARTESIAN_POINT('Ctrl Pts',(0.724273157864218,2.99671637396526,4.89762373678045));
#4191=CARTESIAN_POINT('Ctrl Pts',(0.519761145716687,2.03177751015524,0.435269796224461));
#4192=CARTESIAN_POINT('Ctrl Pts',(0.51434924726239,2.05890270391647,0.446041946250339));
#4193=CARTESIAN_POINT('Ctrl Pts',(0.514186241439708,2.08365588429926,0.457049666617989));
#4194=CARTESIAN_POINT('Ctrl Pts',(0.519012904995764,2.12925568131683,0.480066677623078));
#4195=CARTESIAN_POINT('Ctrl Pts',(0.52332668009949,2.15016578344504,0.491962916408589));
#4196=CARTESIAN_POINT('Ctrl Pts',(0.537405272075932,2.2089085907807,0.529027444648683));
#4197=CARTESIAN_POINT('Ctrl Pts',(0.567857799333476,2.30955259635814,0.608985018135936));
#4198=CARTESIAN_POINT('Ctrl Pts',(0.521415031852657,2.42890034804046,0.826642067414275));
#4199=CARTESIAN_POINT('Ctrl Pts',(0.543163758711006,2.26824047122388,1.14857689218754));
#4200=CARTESIAN_POINT('Ctrl Pts',(0.536444620762818,2.18838476740664,1.88808482975451));
#4201=CARTESIAN_POINT('Ctrl Pts',(0.604381552767801,2.7434139560401,3.89155264710551));
#4202=CARTESIAN_POINT('Ctrl Pts',(0.638350018770292,3.02092855035684,4.89328655578101));
#4203=CARTESIAN_POINT('Ctrl Pts',(0.322200834117333,2.05214832530591,0.432666753525073));
#4204=CARTESIAN_POINT('Ctrl Pts',(0.318936858514424,2.08225502288408,0.444487036006366));
#4205=CARTESIAN_POINT('Ctrl Pts',(0.317580476984184,2.11010470571656,0.456600660954753));
#4206=CARTESIAN_POINT('Ctrl Pts',(0.317305640355238,2.16163888975549,0.481422793047032));
#4207=CARTESIAN_POINT('Ctrl Pts',(0.318387185256532,2.18532339096195,0.494131300190924));
#4208=CARTESIAN_POINT('Ctrl Pts',(0.323222817037013,2.25065239394033,0.533161440807836));
#4209=CARTESIAN_POINT('Ctrl Pts',(0.339258068904371,2.35841239733315,0.614840198782593));
#4210=CARTESIAN_POINT('Ctrl Pts',(0.305531590780245,2.47886960799307,0.831441874527543));
#4211=CARTESIAN_POINT('Ctrl Pts',(0.321317394228109,2.31515137809808,1.14370946901237));
#4212=CARTESIAN_POINT('Ctrl Pts',(0.317791555180424,2.23232519948007,1.89108534826848));
#4213=CARTESIAN_POINT('Ctrl Pts',(0.357900893518439,2.7971465631784,3.88555317567964));
#4214=CARTESIAN_POINT('Ctrl Pts',(0.377955562687447,3.07955724502756,4.88278708938522));
#4215=CARTESIAN_POINT('Ctrl Pts',(0.0209557115058818,2.07110800400445,0.430426225035683));
#4216=CARTESIAN_POINT('Ctrl Pts',(0.0221009179074713,2.10278803793196,0.442637295062285));
#4217=CARTESIAN_POINT('Ctrl Pts',(0.0229725287812917,2.13215630567788,0.455157131131775));
#4218=CARTESIAN_POINT('Ctrl Pts',(0.0242527767140763,2.18655108876857,0.480791672037523));
#4219=CARTESIAN_POINT('Ctrl Pts',(0.0246614137730406,2.21157760411333,0.49390637687378));
#4220=CARTESIAN_POINT('Ctrl Pts',(0.0253191900886734,2.28056719148888,0.534108799554198));
#4221=CARTESIAN_POINT('Ctrl Pts',(0.0243622032749001,2.39418653160507,0.617946877601606));
#4222=CARTESIAN_POINT('Ctrl Pts',(0.0132957061448406,2.51244899957398,0.835697969721669));
#4223=CARTESIAN_POINT('Ctrl Pts',(0.0187001777829023,2.34836722396705,1.14099733647255));
#4224=CARTESIAN_POINT('Ctrl Pts',(0.0202390389348916,2.26280244402209,1.89321050674351));
#4225=CARTESIAN_POINT('Ctrl Pts',(0.0225882470499446,2.83451722305921,3.88139461677948));
#4226=CARTESIAN_POINT('Ctrl Pts',(0.0237628511074711,3.12037461257777,4.87548667179747));
#4227=CARTESIAN_POINT('Ctrl Pts',(-0.282926663342717,2.05935180575147,0.433116223232888));
#4228=CARTESIAN_POINT('Ctrl Pts',(-0.277474071061214,2.08978917301253,0.44463265235799));
#4229=CARTESIAN_POINT('Ctrl Pts',(-0.27443521965775,2.11800795619276,0.456473041620651));
#4230=CARTESIAN_POINT('Ctrl Pts',(-0.271659374785148,2.17026691057735,0.480834633769732));
#4231=CARTESIAN_POINT('Ctrl Pts',(-0.27192238131601,2.19430708178171,0.493355836656154));
#4232=CARTESIAN_POINT('Ctrl Pts',(-0.275375752077459,2.26054751170961,0.531990005774025));
#4233=CARTESIAN_POINT('Ctrl Pts',(-0.292939898275812,2.36950803682479,0.613540585844198));
#4234=CARTESIAN_POINT('Ctrl Pts',(-0.280372337773109,2.48082563851439,0.836564006801733));
#4235=CARTESIAN_POINT('Ctrl Pts',(-0.285339013180873,2.32223811936499,1.14619625529944));
#4236=CARTESIAN_POINT('Ctrl Pts',(-0.277716494555595,2.23705328445751,1.89149074606972));
#4237=CARTESIAN_POINT('Ctrl Pts',(-0.313244253942724,2.80325968180424,3.88489349307136));
#4238=CARTESIAN_POINT('Ctrl Pts',(-0.331008133636288,3.08636288047761,4.88159486657219));
#4239=CARTESIAN_POINT('Ctrl Pts',(-0.483460190448126,2.04352045387132,0.436434541504803));
#4240=CARTESIAN_POINT('Ctrl Pts',(-0.476069629822193,2.07113131872929,0.446760406913777));
#4241=CARTESIAN_POINT('Ctrl Pts',(-0.474398019468274,2.09647319858226,0.457387328991358));
#4242=CARTESIAN_POINT('Ctrl Pts',(-0.47704536784574,2.1432626553145,0.479799526831227));
#4243=CARTESIAN_POINT('Ctrl Pts',(-0.480661631615274,2.16475289717473,0.491469893431138));
#4244=CARTESIAN_POINT('Ctrl Pts',(-0.493511933355831,2.22501371703482,0.528083255839802));
#4245=CARTESIAN_POINT('Ctrl Pts',(-0.525148982586779,2.3276888942215,0.608126310626225));
#4246=CARTESIAN_POINT('Ctrl Pts',(-0.498404017769339,2.43299076950623,0.836278726743907));
#4247=CARTESIAN_POINT('Ctrl Pts',(-0.509318339441623,2.28013160053266,1.15319540917432));
#4248=CARTESIAN_POINT('Ctrl Pts',(-0.496974086005422,2.19665411037105,1.88872388586045));
#4249=CARTESIAN_POINT('Ctrl Pts',(-0.560504694978347,2.75404998723886,3.89038017443354));
#4250=CARTESIAN_POINT('Ctrl Pts',(-0.592269999464809,3.03274792567277,4.89120831872008));
#4251=CARTESIAN_POINT('Ctrl Pts',(-0.541996308120385,2.03782662093294,0.437615055910794));
#4252=CARTESIAN_POINT('Ctrl Pts',(-0.537888770392512,2.0638863947397,0.447493919912759));
#4253=CARTESIAN_POINT('Ctrl Pts',(-0.537203450818656,2.08747436346264,0.457679983865602));
#4254=CARTESIAN_POINT('Ctrl Pts',(-0.542749345438633,2.13179604995698,0.479276603145448));
#4255=CARTESIAN_POINT('Ctrl Pts',(-0.548130748710274,2.15221852346696,0.490561799384719));
#4256=CARTESIAN_POINT('Ctrl Pts',(-0.564993156224251,2.20974927966984,0.526394730095212));
#4257=CARTESIAN_POINT('Ctrl Pts',(-0.601590762048424,2.30986413476739,0.605969959486915));
#4258=CARTESIAN_POINT('Ctrl Pts',(-0.57071135227771,2.4130262551346,0.836027832079986));
#4259=CARTESIAN_POINT('Ctrl Pts',(-0.583303103701525,2.26234447919175,1.1560451212584));
#4260=CARTESIAN_POINT('Ctrl Pts',(-0.569358440044025,2.17967316827339,1.88755542584003));
#4261=CARTESIAN_POINT('Ctrl Pts',(-0.642155852872075,2.73335233261305,3.89268615557814));
#4262=CARTESIAN_POINT('Ctrl Pts',(-0.6785545592861,3.01019191478288,4.89525152044719));
#4263=CARTESIAN_POINT('Ctrl Pts',(-0.642451760739148,2.0256055237662,0.440124901353478));
#4264=CARTESIAN_POINT('Ctrl Pts',(-0.64780914383515,2.04607878998168,0.448704949221235));
#4265=CARTESIAN_POINT('Ctrl Pts',(-0.65343968738635,2.06535117174285,0.457583558955601));
#4266=CARTESIAN_POINT('Ctrl Pts',(-0.668540483684772,2.10272560793817,0.47711669004698));
#4267=CARTESIAN_POINT('Ctrl Pts',(-0.677759224640262,2.12060789290616,0.487704535653897));
#4268=CARTESIAN_POINT('Ctrl Pts',(-0.704088632086865,2.17208179235268,0.522050485839394));
#4269=CARTESIAN_POINT('Ctrl Pts',(-0.751440185300602,2.26633776941589,0.601072039669362));
#4270=CARTESIAN_POINT('Ctrl Pts',(-0.714126834868177,2.36511372432465,0.835270517450336));
#4271=CARTESIAN_POINT('Ctrl Pts',(-0.72915872533288,2.21922445072397,1.16280008709349));
#4272=CARTESIAN_POINT('Ctrl Pts',(-0.711997430209402,2.13868178212822,1.88472029339405));
#4273=CARTESIAN_POINT('Ctrl Pts',(-0.803118710397331,2.68336301662032,3.89825079023947));
#4274=CARTESIAN_POINT('Ctrl Pts',(-0.848679350491296,2.95570363386637,4.90501603866219));
#4275=CARTESIAN_POINT('Ctrl Pts',(-0.684371095685652,2.01907825953783,0.441454232390172));
#4276=CARTESIAN_POINT('Ctrl Pts',(-0.69290004983128,2.03796899323214,0.449902599200358));
#4277=CARTESIAN_POINT('Ctrl Pts',(-0.706663276653831,2.0522728048516,0.457115116570963));
#4278=CARTESIAN_POINT('Ctrl Pts',(-0.727873717726157,2.08516868429646,0.475312728566112));
#4279=CARTESIAN_POINT('Ctrl Pts',(-0.739112711576535,2.10138950482227,0.485698309067418));
#4280=CARTESIAN_POINT('Ctrl Pts',(-0.771702885081059,2.14967874240052,0.519394767328166));
#4281=CARTESIAN_POINT('Ctrl Pts',(-0.824847829091136,2.2406361635185,0.598330470991119));
#4282=CARTESIAN_POINT('Ctrl Pts',(-0.785234982950273,2.33716570788632,0.834764097484607));
#4283=CARTESIAN_POINT('Ctrl Pts',(-0.80102958270433,2.19389154359711,1.16670534084451));
#4284=CARTESIAN_POINT('Ctrl Pts',(-0.782252066336176,2.11467133808071,1.88305362096848));
#4285=CARTESIAN_POINT('Ctrl Pts',(-0.882430410028859,2.65407135525341,3.90150944375621));
#4286=CARTESIAN_POINT('Ctrl Pts',(-0.932519581875201,2.92377136383977,4.91073735515007));
#4287=CARTESIAN_POINT('Ctrl Pts',(-0.727994297108744,2.01185070453662,0.442946942224407));
#4288=CARTESIAN_POINT('Ctrl Pts',(-0.7434896789142,2.0252389740354,0.449968489693904));
#4289=CARTESIAN_POINT('Ctrl Pts',(-0.757210497781547,2.03758018865051,0.456613790064557));
#4290=CARTESIAN_POINT('Ctrl Pts',(-0.784212996250565,2.06409791675152,0.472930935348685));
#4291=CARTESIAN_POINT('Ctrl Pts',(-0.797494675852236,2.0782744302374,0.48260278026216));
#4292=CARTESIAN_POINT('Ctrl Pts',(-0.836681005758732,2.12355691900123,0.516158131816815));
#4293=CARTESIAN_POINT('Ctrl Pts',(-0.896182585852569,2.21094275643085,0.595355277507264));
#4294=CARTESIAN_POINT('Ctrl Pts',(-0.855513836763132,2.30525374741687,0.834157953528382));
#4295=CARTESIAN_POINT('Ctrl Pts',(-0.871461544347677,2.16476446574775,1.17114947547002));
#4296=CARTESIAN_POINT('Ctrl Pts',(-0.851078494329128,2.08714594281885,1.88113490942174));
#4297=CARTESIAN_POINT('Ctrl Pts',(-0.960171640516334,2.62048011024944,3.90524368228786));
#4298=CARTESIAN_POINT('Ctrl Pts',(-1.01471821360994,2.88714719396474,4.91729806872092));
#4299=CARTESIAN_POINT('',(-0.727994297108744,2.01185070453662,0.442946942224407));
#4300=CARTESIAN_POINT('Ctrl Pts',(-0.727994297108744,2.01185070453662,0.442946942224407));
#4301=CARTESIAN_POINT('Ctrl Pts',(-0.7434896789142,2.0252389740354,0.449968489693904));
#4302=CARTESIAN_POINT('Ctrl Pts',(-0.757210497781547,2.03758018865051,0.456613790064557));
#4303=CARTESIAN_POINT('Ctrl Pts',(-0.784212996250565,2.06409791675152,0.472930935348685));
#4304=CARTESIAN_POINT('Ctrl Pts',(-0.797494675852236,2.0782744302374,0.48260278026216));
#4305=CARTESIAN_POINT('Ctrl Pts',(-0.836681005758732,2.12355691900123,0.516158131816815));
#4306=CARTESIAN_POINT('Ctrl Pts',(-0.896182585852569,2.21094275643085,0.595355277507264));
#4307=CARTESIAN_POINT('Ctrl Pts',(-0.855513836763132,2.30525374741687,0.834157953528382));
#4308=CARTESIAN_POINT('Ctrl Pts',(-0.871461544347677,2.16476446574775,1.17114947547002));
#4309=CARTESIAN_POINT('Ctrl Pts',(-0.851243628055223,2.08777477098214,1.87538294688053));
#4310=CARTESIAN_POINT('Ctrl Pts',(-0.957538296384738,2.60760405834788,3.8562776144552));
#4311=CARTESIAN_POINT('Ctrl Pts',(-1.0107414616377,2.86770561099567,4.84351100790222));
#4312=CARTESIAN_POINT('Ctrl Pts',(0.75882613465659,1.99498418109402,0.440088471899081));
#4313=CARTESIAN_POINT('Ctrl Pts',(0.71641345193502,2.00306033624654,0.43903178744399));
#4314=CARTESIAN_POINT('Ctrl Pts',(0.675595555703038,2.01043414060386,0.438054881186564));
#4315=CARTESIAN_POINT('Ctrl Pts',(0.577269402593871,2.02479272755821,0.4361738855768));
#4316=CARTESIAN_POINT('Ctrl Pts',(0.519761145716687,2.03177751015524,0.435269796224461));
#4317=CARTESIAN_POINT('Ctrl Pts',(0.322200834117333,2.05214832530591,0.432666753525073));
#4318=CARTESIAN_POINT('Ctrl Pts',(0.0209557115058818,2.07110800400445,0.430426225035683));
#4319=CARTESIAN_POINT('Ctrl Pts',(-0.282926663342717,2.05935180575147,0.433116223232888));
#4320=CARTESIAN_POINT('Ctrl Pts',(-0.483460190448126,2.04352045387132,0.436434541504803));
#4321=CARTESIAN_POINT('Ctrl Pts',(-0.541996308120385,2.03782662093294,0.437615055910794));
#4322=CARTESIAN_POINT('Ctrl Pts',(-0.642451760739148,2.0256055237662,0.440124901353478));
#4323=CARTESIAN_POINT('Ctrl Pts',(-0.684371095685652,2.01907825953783,0.441454232390172));
#4324=CARTESIAN_POINT('Ctrl Pts',(-0.727994297108744,2.01185070453662,0.442946942224407));
#4325=CARTESIAN_POINT('',(-0.519937142918826,2.44563525741769,2.69679351707578));
#4326=CARTESIAN_POINT('Ctrl Pts',(-0.519937142918817,2.44563525741768,2.69679351707577));
#4327=CARTESIAN_POINT('Ctrl Pts',(-0.540857953282903,2.43690259977108,2.68042128328107));
#4328=CARTESIAN_POINT('Ctrl Pts',(-0.55700869633976,2.42743404895049,2.6577663677261));
#4329=CARTESIAN_POINT('Ctrl Pts',(-0.565783981480171,2.41910243453758,2.63219836266781));
#4330=CARTESIAN_POINT('Ctrl Pts',(-0.571049152564417,2.41410346588983,2.61685755963283));
#4331=CARTESIAN_POINT('Ctrl Pts',(-0.573659158798742,2.40951379434884,2.60046804437667));
#4332=CARTESIAN_POINT('Ctrl Pts',(-0.573428700915814,2.40564704229133,2.58393939203982));
#4333=CARTESIAN_POINT('Ctrl Pts',(-0.573121423738576,2.4004913728813,2.56190118892401));
#4334=CARTESIAN_POINT('Ctrl Pts',(-0.56776443257511,2.39662089366411,2.53961563099811));
#4335=CARTESIAN_POINT('Ctrl Pts',(-0.557872105914189,2.39434348523374,2.5194686531433));
#4336=CARTESIAN_POINT('Ctrl Pts',(-0.547979779253268,2.39206607680337,2.49932167528849));
#4337=CARTESIAN_POINT('Ctrl Pts',(-0.533552117094893,2.39138173915983,2.48131327750478));
#4338=CARTESIAN_POINT('Ctrl Pts',(-0.516161635513766,2.39207369746649,2.46719968035061));
#4339=CARTESIAN_POINT('Ctrl Pts',(-0.507466394723203,2.39241967661982,2.46014288177353));
#4340=CARTESIAN_POINT('Ctrl Pts',(-0.498030449076953,2.3931097297607,2.45405978335383));
#4341=CARTESIAN_POINT('Ctrl Pts',(-0.48809436684544,2.39409147832063,2.44912599207489));
#4342=CARTESIAN_POINT('Ctrl Pts',(-0.465738181824537,2.39630041258047,2.43802496169729));
#4343=CARTESIAN_POINT('Ctrl Pts',(-0.440850055340748,2.39998605489926,2.43274229871979));
#4344=CARTESIAN_POINT('Ctrl Pts',(-0.41627273161856,2.40460208136519,2.43356838372718));
#4345=CARTESIAN_POINT('Ctrl Pts',(-0.408080290377831,2.40614075685384,2.43384374539631));
#4346=CARTESIAN_POINT('Ctrl Pts',(-0.399922382777279,2.40778280835883,2.43479785684154));
#4347=CARTESIAN_POINT('Ctrl Pts',(-0.391935413464594,2.40951070224406,2.436495007268));
#4348=CARTESIAN_POINT('Ctrl Pts',(-0.349338243796939,2.41872613629863,2.44554647620914));
#4349=CARTESIAN_POINT('Ctrl Pts',(-0.311603318761922,2.43038330916888,2.47573327617208));
#4350=CARTESIAN_POINT('Ctrl Pts',(-0.293105408487975,2.44191045910559,2.51517472942072));
#4351=CARTESIAN_POINT('Ctrl Pts',(-0.274607498214028,2.45343760904229,2.55461618266936));
#4352=CARTESIAN_POINT('Ctrl Pts',(-0.275346602701151,2.46483473604544,2.60331228920369));
#4353=CARTESIAN_POINT('Ctrl Pts',(-0.295225123941157,2.47191543417264,2.6431730425497));
#4354=CARTESIAN_POINT('Ctrl Pts',(-0.305164384561161,2.47545578323624,2.6631034192227));
#4355=CARTESIAN_POINT('Ctrl Pts',(-0.319888499369385,2.47791702508085,2.68082495759861));
#4356=CARTESIAN_POINT('Ctrl Pts',(-0.337540479566317,2.47875373276026,2.69460569544491));
#4357=CARTESIAN_POINT('Ctrl Pts',(-0.35519245976325,2.47959044043967,2.70838643329121));
#4358=CARTESIAN_POINT('Ctrl Pts',(-0.375772305348892,2.47880261395388,2.71822637060788));
#4359=CARTESIAN_POINT('Ctrl Pts',(-0.397329985689059,2.47635444760343,2.72320093216784));
#4360=CARTESIAN_POINT('Ctrl Pts',(-0.413498245944185,2.47451832284059,2.7269318533378));
#4361=CARTESIAN_POINT('Ctrl Pts',(-0.43021653824873,2.47174825690387,2.72792600064461));
#4362=CARTESIAN_POINT('Ctrl Pts',(-0.446422092254477,2.46822208932615,2.72623867931185));
#4363=CARTESIAN_POINT('Ctrl Pts',(-0.473431348930722,2.46234514336329,2.72342647709058));
#4364=CARTESIAN_POINT('Ctrl Pts',(-0.499016332554748,2.45436791506429,2.7131657508705));
#4365=CARTESIAN_POINT('Ctrl Pts',(-0.519937142918834,2.44563525741769,2.69679351707579));
#4366=CARTESIAN_POINT('',(0.35894280277876,2.61294565979281,3.2289566966209));
#4367=CARTESIAN_POINT('Ctrl Pts',(0.358942802778756,2.61294565979281,3.22895669662088));
#4368=CARTESIAN_POINT('Ctrl Pts',(0.34381930034109,2.60727509645185,3.19903956287014));
#4369=CARTESIAN_POINT('Ctrl Pts',(0.339553242359684,2.59873379591335,3.16459496254666));
#4370=CARTESIAN_POINT('Ctrl Pts',(0.346240959648939,2.58928511171414,3.13254248269344));
#4371=CARTESIAN_POINT('Ctrl Pts',(0.348470198745357,2.58613555031441,3.12185832274237));
#4372=CARTESIAN_POINT('Ctrl Pts',(0.351916523982961,2.58288516850792,3.11143995395466));
#4373=CARTESIAN_POINT('Ctrl Pts',(0.356546000226023,2.57960946135787,3.10164089900895));
#4374=CARTESIAN_POINT('Ctrl Pts',(0.375063905198272,2.56650663275767,3.06244467922614));
#4375=CARTESIAN_POINT('Ctrl Pts',(0.412512226257857,2.55299859866038,3.03315748091543));
#4376=CARTESIAN_POINT('Ctrl Pts',(0.454783219289904,2.54236479063882,3.02417694912747));
#4377=CARTESIAN_POINT('Ctrl Pts',(0.49705421232195,2.53173098261726,3.01519641733951));
#4378=CARTESIAN_POINT('Ctrl Pts',(0.544147877326459,2.52397140067143,3.0265225520743));
#4379=CARTESIAN_POINT('Ctrl Pts',(0.579217968536044,2.5224687777843,3.05449580498679));
#4380=CARTESIAN_POINT('Ctrl Pts',(0.596753014140837,2.52171746634073,3.06848243144303));
#4381=CARTESIAN_POINT('Ctrl Pts',(0.611282166296899,2.52253039466184,3.0866308374437));
#4382=CARTESIAN_POINT('Ctrl Pts',(0.621264746831365,2.52511214608834,3.1068016243205));
#4383=CARTESIAN_POINT('Ctrl Pts',(0.631247327365831,2.52769389751484,3.12697241119731));
#4384=CARTESIAN_POINT('Ctrl Pts',(0.636683336278701,2.53204447204672,3.14916557895025));
#4385=CARTESIAN_POINT('Ctrl Pts',(0.636984740350478,2.53777278879223,3.17107270843953));
#4386=CARTESIAN_POINT('Ctrl Pts',(0.637286144422256,2.54350110553773,3.19297983792881));
#4387=CARTESIAN_POINT('Ctrl Pts',(0.632452943652942,2.55060716449686,3.21460092915442));
#4388=CARTESIAN_POINT('Ctrl Pts',(0.623252005185918,2.55826256712909,3.23384923314454));
#4389=CARTESIAN_POINT('Ctrl Pts',(0.614051066718895,2.56591796976132,3.25309753713465));
#4390=CARTESIAN_POINT('Ctrl Pts',(0.600482390554162,2.57412271606665,3.26997305388927));
#4391=CARTESIAN_POINT('Ctrl Pts',(0.583798577456881,2.58181927046454,3.28290819148162));
#4392=CARTESIAN_POINT('Ctrl Pts',(0.550430951262321,2.59721237926031,3.30877846666631));
#4393=CARTESIAN_POINT('Ctrl Pts',(0.504602777337571,2.61057272042629,3.31888722520192));
#4394=CARTESIAN_POINT('Ctrl Pts',(0.46148102862549,2.6164607711834,3.30899961372929));
#4395=CARTESIAN_POINT('Ctrl Pts',(0.439920154269449,2.61940479656195,3.30405580799297));
#4396=CARTESIAN_POINT('Ctrl Pts',(0.419035886216576,2.62048074933829,3.29411290975459));
#4397=CARTESIAN_POINT('Ctrl Pts',(0.401312132083521,2.61981105903616,3.28032432087003));
#4398=CARTESIAN_POINT('Ctrl Pts',(0.383588377950467,2.61914136873403,3.26653573198547));
#4399=CARTESIAN_POINT('Ctrl Pts',(0.369025137737232,2.61672603535344,3.24890145245473));
#4400=CARTESIAN_POINT('Ctrl Pts',(0.358942802778783,2.61294565979281,3.2289566966209));
#4401=CARTESIAN_POINT('',(-0.573508435386557,2.81939523790545,4.13251223531258));
#4402=CARTESIAN_POINT('Ctrl Pts',(-0.573508435386546,2.81939523790545,4.13251223531258));
#4403=CARTESIAN_POINT('Ctrl Pts',(-0.572462493564059,2.81349762707704,4.11074091544985));
#4404=CARTESIAN_POINT('Ctrl Pts',(-0.566325440989525,2.80884768272942,4.08892138958436));
#4405=CARTESIAN_POINT('Ctrl Pts',(-0.555735920717779,2.80585282025274,4.06926248903402));
#4406=CARTESIAN_POINT('Ctrl Pts',(-0.545146400446033,2.80285795777606,4.04960358848368));
#4407=CARTESIAN_POINT('Ctrl Pts',(-0.530104412477074,2.80151817717032,4.0321053132485));
#4408=CARTESIAN_POINT('Ctrl Pts',(-0.512154468060219,2.80172181192833,4.01881169966359));
#4409=CARTESIAN_POINT('Ctrl Pts',(-0.476254579226508,2.80212908144434,3.99222447249379));
#4410=CARTESIAN_POINT('Ctrl Pts',(-0.428722864601211,2.80871001241533,3.98245589192512));
#4411=CARTESIAN_POINT('Ctrl Pts',(-0.386709025230465,2.81864653648631,3.99308356982796));
#4412=CARTESIAN_POINT('Ctrl Pts',(-0.344695185859719,2.82858306055728,4.0037112477308));
#4413=CARTESIAN_POINT('Ctrl Pts',(-0.308199221743524,2.84187517772825,4.03473518410515));
#4414=CARTESIAN_POINT('Ctrl Pts',(-0.291126282324523,2.85516587629258,4.07425185810727));
#4415=CARTESIAN_POINT('Ctrl Pts',(-0.274053342905523,2.8684565748569,4.1137685321094));
#4416=CARTESIAN_POINT('Ctrl Pts',(-0.276403428183717,2.88174585481458,4.1617779437393));
#4417=CARTESIAN_POINT('Ctrl Pts',(-0.297671851855083,2.89003154330704,4.20065357797741));
#4418=CARTESIAN_POINT('Ctrl Pts',(-0.308306063690766,2.89417438755328,4.22009139509646));
#4419=CARTESIAN_POINT('Ctrl Pts',(-0.323669860124742,2.8970663339332,4.23724576786756));
#4420=CARTESIAN_POINT('Ctrl Pts',(-0.34186913310643,2.89816258245171,4.250350295866));
#4421=CARTESIAN_POINT('Ctrl Pts',(-0.360068406088118,2.89925883097022,4.26345482386445));
#4422=CARTESIAN_POINT('Ctrl Pts',(-0.381103155617519,2.89855938162731,4.27250950709023));
#4423=CARTESIAN_POINT('Ctrl Pts',(-0.40276599627579,2.89599030800387,4.27660877966664));
#4424=CARTESIAN_POINT('Ctrl Pts',(-0.446091677592333,2.890852160757,4.28480732481947));
#4425=CARTESIAN_POINT('Ctrl Pts',(-0.49192972342436,2.87823551638804,4.27318422737484));
#4426=CARTESIAN_POINT('Ctrl Pts',(-0.524401425488325,2.86323663004564,4.24604185718433));
#4427=CARTESIAN_POINT('Ctrl Pts',(-0.540637276520307,2.85573718687444,4.23247067208907));
#4428=CARTESIAN_POINT('Ctrl Pts',(-0.553531541610274,2.84764218320988,4.21501966880735));
#4429=CARTESIAN_POINT('Ctrl Pts',(-0.562010816782461,2.84003109867474,4.19547288957891));
#4430=CARTESIAN_POINT('Ctrl Pts',(-0.570490091954648,2.83242001413959,4.17592611035047));
#4431=CARTESIAN_POINT('Ctrl Pts',(-0.574554377209055,2.82529284873386,4.15428355517531));
#4432=CARTESIAN_POINT('Ctrl Pts',(-0.573508435386568,2.81939523790545,4.13251223531258));
#4433=CARTESIAN_POINT('',(0.378762078835858,2.74148438934518,3.71221997527213));
#4434=CARTESIAN_POINT('Ctrl Pts',(0.378762078835858,2.74148438934518,3.71221997527213));
#4435=CARTESIAN_POINT('Ctrl Pts',(0.371476187554494,2.74029011463302,3.703677558838));
#4436=CARTESIAN_POINT('Ctrl Pts',(0.365129552567556,2.73867690925498,3.69433565980977));
#4437=CARTESIAN_POINT('Ctrl Pts',(0.359944758609859,2.73673141198742,3.68444555809141));
#4438=CARTESIAN_POINT('Ctrl Pts',(0.344390376736766,2.73089492018475,3.65477525293633));
#4439=CARTESIAN_POINT('Ctrl Pts',(0.33929256412684,2.72206780137633,3.62017112357005));
#4440=CARTESIAN_POINT('Ctrl Pts',(0.345727404915113,2.71234673384389,3.58828942274856));
#4441=CARTESIAN_POINT('Ctrl Pts',(0.35430719263281,2.6993853104673,3.5457804883199));
#4442=CARTESIAN_POINT('Ctrl Pts',(0.383389475280639,2.68483464491465,3.50811142685975));
#4443=CARTESIAN_POINT('Ctrl Pts',(0.422202613848293,2.67272312007518,3.48927113637692));
#4444=CARTESIAN_POINT('Ctrl Pts',(0.42705425616925,2.67120917947024,3.48691610006656));
#4445=CARTESIAN_POINT('Ctrl Pts',(0.432057943113954,2.66973335043895,3.48485526330273));
#4446=CARTESIAN_POINT('Ctrl Pts',(0.437167803667902,2.66829748676636,3.48309326054018));
#4447=CARTESIAN_POINT('Ctrl Pts',(0.472936827545542,2.6582464410582,3.47075924120232));
#4448=CARTESIAN_POINT('Ctrl Pts',(0.513908358276167,2.65015369792619,3.47306808792733));
#4449=CARTESIAN_POINT('Ctrl Pts',(0.549107383006364,2.64634887398579,3.48968841344734));
#4450=CARTESIAN_POINT('Ctrl Pts',(0.56922111142362,2.644174688877,3.49918574231592));
#4451=CARTESIAN_POINT('Ctrl Pts',(0.587449939922368,2.64340064064709,3.51335620711756));
#4452=CARTESIAN_POINT('Ctrl Pts',(0.601853776824935,2.64438421154057,3.5307242576868));
#4453=CARTESIAN_POINT('Ctrl Pts',(0.616257613727502,2.64536778243405,3.54809230825603));
#4454=CARTESIAN_POINT('Ctrl Pts',(0.626836459033887,2.64810897245091,3.56865794459285));
#4455=CARTESIAN_POINT('Ctrl Pts',(0.632396649245617,2.65249125374147,3.59015428969281));
#4456=CARTESIAN_POINT('Ctrl Pts',(0.637956839457347,2.65687353503204,3.61165063479278));
#4457=CARTESIAN_POINT('Ctrl Pts',(0.638498374574421,2.66289690759631,3.63407768865588));
#4458=CARTESIAN_POINT('Ctrl Pts',(0.634178423564862,2.66994092374087,3.65521069793637));
#4459=CARTESIAN_POINT('Ctrl Pts',(0.629858472555303,2.67698493988544,3.67634370721685));
#4460=CARTESIAN_POINT('Ctrl Pts',(0.62067703541911,2.68504959961031,3.69618267191472));
#4461=CARTESIAN_POINT('Ctrl Pts',(0.607622008272771,2.69308386451964,3.71274338061762));
#4462=CARTESIAN_POINT('Ctrl Pts',(0.581511953980093,2.7091523943383,3.74586479802344));
#4463=CARTESIAN_POINT('Ctrl Pts',(0.539907539646831,2.72509934489483,3.76587319144944));
#4464=CARTESIAN_POINT('Ctrl Pts',(0.496258199042578,2.73448604621424,3.76614215729363));
#4465=CARTESIAN_POINT('Ctrl Pts',(0.474433528740452,2.73917939687395,3.76627664021573));
#4466=CARTESIAN_POINT('Ctrl Pts',(0.452097626870577,2.74223268522438,3.76147626624237));
#4467=CARTESIAN_POINT('Ctrl Pts',(0.431822710035112,2.74340607069826,3.75223330822354));
#4468=CARTESIAN_POINT('Ctrl Pts',(0.411547793199645,2.74457945617215,3.7429903502047));
#4469=CARTESIAN_POINT('Ctrl Pts',(0.393333861398588,2.7438729387695,3.72930480814039));
#4470=CARTESIAN_POINT('Ctrl Pts',(0.378762078835862,2.74148438934518,3.71221997527213));
#4471=CARTESIAN_POINT('',(0.404331105599737,2.88853399501802,4.25134326834659));
#4472=CARTESIAN_POINT('Ctrl Pts',(0.404331105599746,2.88853399501801,4.25134326834658));
#4473=CARTESIAN_POINT('Ctrl Pts',(0.368217678818717,2.8871965095211,4.22470888116692));
#4474=CARTESIAN_POINT('Ctrl Pts',(0.344992061509365,2.87801116468342,4.18112521950827));
#4475=CARTESIAN_POINT('Ctrl Pts',(0.34315204506533,2.8659918774695,4.13751450801188));
#4476=CARTESIAN_POINT('Ctrl Pts',(0.341312028621294,2.85397259025559,4.09390379651549));
#4477=CARTESIAN_POINT('Ctrl Pts',(0.360857613042575,2.83911936066542,4.05026603518138));
#4478=CARTESIAN_POINT('Ctrl Pts',(0.393890370780272,2.82582105009647,4.02305877423657));
#4479=CARTESIAN_POINT('Ctrl Pts',(0.426923128517969,2.81252273952752,3.99585151329177));
#4480=CARTESIAN_POINT('Ctrl Pts',(0.473443059572083,2.80077934797979,3.98507475273628));
#4481=CARTESIAN_POINT('Ctrl Pts',(0.516516445348194,2.79386256980108,3.99433774482406));
#4482=CARTESIAN_POINT('Ctrl Pts',(0.545232035865602,2.78925138434861,4.00051307288258));
#4483=CARTESIAN_POINT('Ctrl Pts',(0.572415828481675,2.78678536039349,4.01559495767144));
#4484=CARTESIAN_POINT('Ctrl Pts',(0.593491751578433,2.78739406213284,4.03703992929655));
#4485=CARTESIAN_POINT('Ctrl Pts',(0.604029713126813,2.78769841300251,4.04776241510911));
#4486=CARTESIAN_POINT('Ctrl Pts',(0.613040707295364,2.78877144529581,4.06007567263073));
#4487=CARTESIAN_POINT('Ctrl Pts',(0.619982120713078,2.79064425758223,4.07332181784583));
#4488=CARTESIAN_POINT('Ctrl Pts',(0.633864947548507,2.79438988215508,4.09981410827604));
#4489=CARTESIAN_POINT('Ctrl Pts',(0.639469451380591,2.80133462670046,4.1300379494802));
#4490=CARTESIAN_POINT('Ctrl Pts',(0.636173839399628,2.81035796201264,4.15872415285772));
#4491=CARTESIAN_POINT('Ctrl Pts',(0.634526033409146,2.81486962966872,4.17306725454648));
#4492=CARTESIAN_POINT('Ctrl Pts',(0.630653198465403,2.81990094501651,4.18702594677858));
#4493=CARTESIAN_POINT('Ctrl Pts',(0.624771852250303,2.82514957136053,4.19990611712061));
#4494=CARTESIAN_POINT('Ctrl Pts',(0.607127813605006,2.84089545039261,4.23854662814669));
#4495=CARTESIAN_POINT('Ctrl Pts',(0.571407173517509,2.85859712839088,4.26748044216209));
#4496=CARTESIAN_POINT('Ctrl Pts',(0.529736353211448,2.87084113592146,4.27733819900699));
#4497=CARTESIAN_POINT('Ctrl Pts',(0.488065532905388,2.88308514345204,4.28719595585188));
#4498=CARTESIAN_POINT('Ctrl Pts',(0.440444532380765,2.88987148051494,4.27797765552626));
#4499=CARTESIAN_POINT('Ctrl Pts',(0.404331105599729,2.88853399501802,4.2513432683466));
#4500=CARTESIAN_POINT('',(-0.568012937555104,2.68939633069004,3.66347976346939));
#4501=CARTESIAN_POINT('Ctrl Pts',(-0.568012937555104,2.68939633069004,3.66347976346939));
#4502=CARTESIAN_POINT('Ctrl Pts',(-0.574003234041417,2.68222158957323,3.64289133495599));
#4503=CARTESIAN_POINT('Ctrl Pts',(-0.575188325633898,2.67578719304037,3.62075054701175));
#4504=CARTESIAN_POINT('Ctrl Pts',(-0.571406829527124,2.67074567401442,3.59902710790169));
#4505=CARTESIAN_POINT('Ctrl Pts',(-0.56762533342035,2.66570415498847,3.57730366879164));
#4506=CARTESIAN_POINT('Ctrl Pts',(-0.558877249614322,2.66205551346942,3.55599757851577));
#4507=CARTESIAN_POINT('Ctrl Pts',(-0.545911961312099,2.66010213920803,3.53772857987384));
#4508=CARTESIAN_POINT('Ctrl Pts',(-0.519981384707654,2.65619539068524,3.50119058258997));
#4509=CARTESIAN_POINT('Ctrl Pts',(-0.477181990118432,2.65906971119305,3.47680095184186));
#4510=CARTESIAN_POINT('Ctrl Pts',(-0.4335523726555,2.66624332270588,3.47341223551545));
#4511=CARTESIAN_POINT('Ctrl Pts',(-0.389922755192567,2.67341693421871,3.47002351918905));
#4512=CARTESIAN_POINT('Ctrl Pts',(-0.345462914855923,2.68488983673656,3.48763571728434));
#4513=CARTESIAN_POINT('Ctrl Pts',(-0.31632313537934,2.69755315832981,3.51951823951667));
#4514=CARTESIAN_POINT('Ctrl Pts',(-0.301753245641048,2.70388481912643,3.53545950063283));
#4515=CARTESIAN_POINT('Ctrl Pts',(-0.291013371117771,2.7105140846919,3.55496834278326));
#4516=CARTESIAN_POINT('Ctrl Pts',(-0.285093262642533,2.71695610996392,3.57581731823192));
#4517=CARTESIAN_POINT('Ctrl Pts',(-0.279173154167294,2.72339813523594,3.59666629368059));
#4518=CARTESIAN_POINT('Ctrl Pts',(-0.278072811740093,2.72965292021451,3.61885540242748));
#4519=CARTESIAN_POINT('Ctrl Pts',(-0.281857868561449,2.7351473322583,3.6404383045112));
#4520=CARTESIAN_POINT('Ctrl Pts',(-0.283119554168568,2.73697880293957,3.64763260520577));
#4521=CARTESIAN_POINT('Ctrl Pts',(-0.284924061914415,2.73872578773919,3.65475954960443));
#4522=CARTESIAN_POINT('Ctrl Pts',(-0.28729285889466,2.74035999322466,3.66172018334909));
#4523=CARTESIAN_POINT('Ctrl Pts',(-0.299136843795885,2.748531020652,3.69652335207242));
#4524=CARTESIAN_POINT('Ctrl Pts',(-0.325088059557051,2.75388256522541,3.72716875444582));
#4525=CARTESIAN_POINT('Ctrl Pts',(-0.357592007829419,2.75386563606034,3.74506115672522));
#4526=CARTESIAN_POINT('Ctrl Pts',(-0.396596745756261,2.75384532106224,3.76653203946049));
#4527=CARTESIAN_POINT('Ctrl Pts',(-0.445037418499236,2.74609440388073,3.76963860206039));
#4528=CARTESIAN_POINT('Ctrl Pts',(-0.484954390263973,2.73348891354088,3.75411677492254));
#4529=CARTESIAN_POINT('Ctrl Pts',(-0.504912876146342,2.72718616837096,3.74635586135362));
#4530=CARTESIAN_POINT('Ctrl Pts',(-0.522740436784151,2.71966977991146,3.73393785035025));
#4531=CARTESIAN_POINT('Ctrl Pts',(-0.537017878014761,2.71201600577043,3.71836593300754));
#4532=CARTESIAN_POINT('Ctrl Pts',(-0.551295319245371,2.7043622316294,3.70279401566484));
#4533=CARTESIAN_POINT('Ctrl Pts',(-0.562022641068782,2.69657107180684,3.68406819198278));
#4534=CARTESIAN_POINT('Ctrl Pts',(-0.568012937555095,2.68939633069004,3.66347976346939));
#4535=CARTESIAN_POINT('',(-0.548313824223657,2.58175208871945,3.2508858282374));
#4536=CARTESIAN_POINT('Ctrl Pts',(-0.548313824223657,2.58175208871945,3.2508858282374));
#4537=CARTESIAN_POINT('Ctrl Pts',(-0.560519308032744,2.57419294209873,3.23349638374702));
#4538=CARTESIAN_POINT('Ctrl Pts',(-0.57685831582708,2.55921489730291,3.19267141001911));
#4539=CARTESIAN_POINT('Ctrl Pts',(-0.571798358586943,2.54266500557961,3.12534984409813));
#4540=CARTESIAN_POINT('Ctrl Pts',(-0.537161104620566,2.5353913210003,3.06523564700145));
#4541=CARTESIAN_POINT('Ctrl Pts',(-0.480862790946656,2.53767344794391,3.02588798844974));
#4542=CARTESIAN_POINT('Ctrl Pts',(-0.414447591153049,2.54755385198108,3.01447116466525));
#4543=CARTESIAN_POINT('Ctrl Pts',(-0.328242150975715,2.56766103659357,3.03834064121922));
#4544=CARTESIAN_POINT('Ctrl Pts',(-0.26915349223997,2.59675918276851,3.12354006283954));
#4545=CARTESIAN_POINT('Ctrl Pts',(-0.284194908805324,2.61926548602916,3.214529548772));
#4546=CARTESIAN_POINT('Ctrl Pts',(-0.322625305704585,2.62921033850637,3.27008355697207));
#4547=CARTESIAN_POINT('Ctrl Pts',(-0.373358862639562,2.63113278468101,3.30452439228416));
#4548=CARTESIAN_POINT('Ctrl Pts',(-0.440399791267698,2.62240871658704,3.31527309118023));
#4549=CARTESIAN_POINT('Ctrl Pts',(-0.504001756094501,2.60443908168933,3.29692658973949));
#4550=CARTESIAN_POINT('Ctrl Pts',(-0.536108340414596,2.58931123534017,3.26827527272776));
#4551=CARTESIAN_POINT('Ctrl Pts',(-0.548313824223675,2.58175208871945,3.2508858282374));
#4552=CARTESIAN_POINT('Origin',(0.500000014361434,3.02216290686594,2.47430767414626));
#4553=CARTESIAN_POINT('',(0.413174244501193,2.6323152233339,2.59342502047044));
#4554=CARTESIAN_POINT('',(0.400093617038364,2.62167121758966,2.5449646968091));
#4555=CARTESIAN_POINT('Ctrl Pts',(0.413174244501193,2.6323152233339,2.59342502047044));
#4556=CARTESIAN_POINT('Ctrl Pts',(0.40456762915398,2.63005199931933,2.57852912022602));
#4557=CARTESIAN_POINT('Ctrl Pts',(0.400153282454763,2.62629509976591,2.56169253139839));
#4558=CARTESIAN_POINT('Ctrl Pts',(0.400093617038364,2.62167121758966,2.5449646968091));
#4559=CARTESIAN_POINT('Ctrl Pts',(0.400093617038364,2.62167121758966,2.5449646968091));
#4560=CARTESIAN_POINT('Ctrl Pts',(0.400075333452087,2.62025429713877,2.53983869877861));
#4561=CARTESIAN_POINT('Ctrl Pts',(0.40102109707913,2.61662666862198,2.52745281498674));
#4562=CARTESIAN_POINT('Ctrl Pts',(0.412303843314639,2.60323808243751,2.48734425852838));
#4563=CARTESIAN_POINT('Ctrl Pts',(0.467692644790538,2.578670922749,2.44137751151918));
#4564=CARTESIAN_POINT('Ctrl Pts',(0.548289612465848,2.55694335709032,2.45803626934865));
#4565=CARTESIAN_POINT('Ctrl Pts',(0.589928258800616,2.55341284517565,2.50513045251807));
#4566=CARTESIAN_POINT('Ctrl Pts',(0.607934537256393,2.56221992782157,2.56409654396123));
#4567=CARTESIAN_POINT('Ctrl Pts',(0.581443553577939,2.59037900938999,2.6246219395856));
#4568=CARTESIAN_POINT('Ctrl Pts',(0.526185228199587,2.61664338303526,2.64729875020271));
#4569=CARTESIAN_POINT('Ctrl Pts',(0.481183901623962,2.63001250959442,2.64588845026964));
#4570=CARTESIAN_POINT('Ctrl Pts',(0.441683739481245,2.63592465287131,2.62920967877936));
#4571=CARTESIAN_POINT('Ctrl Pts',(0.420670234900379,2.63428639374178,2.60639870649158));
#4572=CARTESIAN_POINT('Ctrl Pts',(0.41317424450119,2.63231522333389,2.59342502047044));
#4573=CARTESIAN_POINT('',(0.400000014361434,3.02216290686594,2.47430767414626));
#4574=CARTESIAN_POINT('Ctrl Pts',(-0.560252812690329,2.65759464403436,2.6338471045827));
#4575=CARTESIAN_POINT('Ctrl Pts',(-0.574948571809328,2.65036484255366,2.61793326752132));
#4576=CARTESIAN_POINT('Ctrl Pts',(-0.59655986437237,2.63572534667879,2.57942506782205));
#4577=CARTESIAN_POINT('Ctrl Pts',(-0.599111066600651,2.61880344662218,2.51231114664922));
#4578=CARTESIAN_POINT('Ctrl Pts',(-0.570136389550078,2.610512036287,2.44942233228963));
#4579=CARTESIAN_POINT('Ctrl Pts',(-0.498328854257682,2.61215294426269,2.3882933346551));
#4580=CARTESIAN_POINT('Ctrl Pts',(-0.372846270514695,2.63252480192622,2.3807881012816));
#4581=CARTESIAN_POINT('Ctrl Pts',(-0.282543082961488,2.66627989377517,2.48036855835309));
#4582=CARTESIAN_POINT('Ctrl Pts',(-0.29118442086834,2.68790321594213,2.57277999924164));
#4583=CARTESIAN_POINT('Ctrl Pts',(-0.338237208823491,2.70140765896029,2.65041235222926));
#4584=CARTESIAN_POINT('Ctrl Pts',(-0.417440367657336,2.70017490910224,2.69016705517616));
#4585=CARTESIAN_POINT('Ctrl Pts',(-0.508706312570673,2.6789427960651,2.67459696939776));
#4586=CARTESIAN_POINT('Ctrl Pts',(-0.545557053571338,2.66482444551506,2.64976094164406));
#4587=CARTESIAN_POINT('Ctrl Pts',(-0.560252812690338,2.65759464403436,2.63384710458269));
#4588=CARTESIAN_POINT('Ctrl Pts',(-0.552785099454176,2.65760131893047,2.62710046408063));
#4589=CARTESIAN_POINT('Ctrl Pts',(-0.566445684937713,2.65088472275834,2.61211333214595));
#4590=CARTESIAN_POINT('Ctrl Pts',(-0.586387152515735,2.63734762945946,2.57605922353947));
#4591=CARTESIAN_POINT('Ctrl Pts',(-0.588598824387734,2.62170733393682,2.51382060000704));
#4592=CARTESIAN_POINT('Ctrl Pts',(-0.56178698527314,2.61387500522666,2.45552154926605));
#4593=CARTESIAN_POINT('Ctrl Pts',(-0.495103706250072,2.61502940862263,2.39825786088125));
#4594=CARTESIAN_POINT('Ctrl Pts',(-0.377319489347348,2.6339789597773,2.39043188819573));
#4595=CARTESIAN_POINT('Ctrl Pts',(-0.292048519640506,2.6660441539565,2.48365998802115));
#4596=CARTESIAN_POINT('Ctrl Pts',(-0.299990049208909,2.68635009963455,2.57055544313642));
#4597=CARTESIAN_POINT('Ctrl Pts',(-0.34418780665199,2.69891845149643,2.64365978254641));
#4598=CARTESIAN_POINT('Ctrl Pts',(-0.41892966156744,2.69752877060507,2.68094920322115));
#4599=CARTESIAN_POINT('Ctrl Pts',(-0.504731412081003,2.67749304060081,2.66566800877194));
#4600=CARTESIAN_POINT('Ctrl Pts',(-0.539124513970646,2.66431791510259,2.64208759601531));
#4601=CARTESIAN_POINT('Ctrl Pts',(-0.552785099454184,2.65760131893046,2.62710046408062));
#4602=CARTESIAN_POINT('Ctrl Pts',(-0.538944428686058,2.65468828651398,2.61591187325658));
#4603=CARTESIAN_POINT('Ctrl Pts',(-0.550628894114867,2.64878649534756,2.6024827944718));
#4604=CARTESIAN_POINT('Ctrl Pts',(-0.567242850326507,2.63708688208687,2.57070225606141));
#4605=CARTESIAN_POINT('Ctrl Pts',(-0.568607343448491,2.62374092324478,2.51736535019275));
#4606=CARTESIAN_POINT('Ctrl Pts',(-0.545959739640164,2.61676210696419,2.4673809226087));
#4607=CARTESIAN_POINT('Ctrl Pts',(-0.488989472163376,2.61713674343766,2.41655295171952));
#4608=CARTESIAN_POINT('Ctrl Pts',(-0.384712329321108,2.63387374988128,2.4074073746162));
#4609=CARTESIAN_POINT('Ctrl Pts',(-0.307764869774006,2.66327365612718,2.48972903233843));
#4610=CARTESIAN_POINT('Ctrl Pts',(-0.314426970620719,2.68150370978553,2.5673829816937));
#4611=CARTESIAN_POINT('Ctrl Pts',(-0.353777920489851,2.6925891444865,2.63297739008242));
#4612=CARTESIAN_POINT('Ctrl Pts',(-0.421137152816738,2.69080673390865,2.66610533617003));
#4613=CARTESIAN_POINT('Ctrl Pts',(-0.497419942380599,2.67234508621507,2.65094251966586));
#4614=CARTESIAN_POINT('Ctrl Pts',(-0.527259963257254,2.6605900776804,2.62934095204135));
#4615=CARTESIAN_POINT('Ctrl Pts',(-0.538944428686063,2.65468828651398,2.61591187325657));
#4616=CARTESIAN_POINT('Ctrl Pts',(-0.520374243453498,2.63890108906626,2.60624224704841));
#4617=CARTESIAN_POINT('Ctrl Pts',(-0.529717306622809,2.63339991465049,2.59480609124475));
#4618=CARTESIAN_POINT('Ctrl Pts',(-0.542466815841444,2.62273039974376,2.56821305922011));
#4619=CARTESIAN_POINT('Ctrl Pts',(-0.542891981543317,2.61122770427739,2.52486918402161));
#4620=CARTESIAN_POINT('Ctrl Pts',(-0.525022747452714,2.60574162390901,2.48396208729487));
#4621=CARTESIAN_POINT('Ctrl Pts',(-0.479438395141475,2.60712746483264,2.44029699925723));
#4622=CARTESIAN_POINT('Ctrl Pts',(-0.391768229350746,2.62345640934522,2.42983047437963));
#4623=CARTESIAN_POINT('Ctrl Pts',(-0.325411867179012,2.65054696963441,2.49925814499343));
#4624=CARTESIAN_POINT('Ctrl Pts',(-0.330705825333099,2.66682696529977,2.56576843051868));
#4625=CARTESIAN_POINT('Ctrl Pts',(-0.364166309207625,2.67635200658539,2.6222748490423));
#4626=CARTESIAN_POINT('Ctrl Pts',(-0.422211616689218,2.67376608665355,2.65060949318068));
#4627=CARTESIAN_POINT('Ctrl Pts',(-0.486669691143147,2.65557943105892,2.63649233767927));
#4628=CARTESIAN_POINT('Ctrl Pts',(-0.511031180284189,2.64440226348201,2.61767840285205));
#4629=CARTESIAN_POINT('Ctrl Pts',(-0.520374243453499,2.63890108906624,2.6062422470484));
#4630=CARTESIAN_POINT('Ctrl Pts',(-0.513365387732955,2.61876366636543,2.60896938395526));
#4631=CARTESIAN_POINT('Ctrl Pts',(-0.522528508559559,2.61280069939399,2.59838565960021));
#4632=CARTESIAN_POINT('Ctrl Pts',(-0.535519821351242,2.60113768010503,2.573232046282));
#4633=CARTESIAN_POINT('Ctrl Pts',(-0.536511878484676,2.58887915959231,2.53048388439118));
#4634=CARTESIAN_POINT('Ctrl Pts',(-0.518628406728436,2.58413327523178,2.48996919553853));
#4635=CARTESIAN_POINT('Ctrl Pts',(-0.473788168421734,2.58801457993659,2.44832240366226));
#4636=CARTESIAN_POINT('Ctrl Pts',(-0.391317649095938,2.60685214931766,2.43980238227617));
#4637=CARTESIAN_POINT('Ctrl Pts',(-0.330035309774713,2.63410415299913,2.50553596556237));
#4638=CARTESIAN_POINT('Ctrl Pts',(-0.335324156929572,2.65021705372876,2.56799866473279));
#4639=CARTESIAN_POINT('Ctrl Pts',(-0.366659998533069,2.65935478751073,2.62096847983528));
#4640=CARTESIAN_POINT('Ctrl Pts',(-0.420369558758737,2.65621721989068,2.64797974603436));
#4641=CARTESIAN_POINT('Ctrl Pts',(-0.480745000702927,2.63678177708273,2.63646666685483));
#4642=CARTESIAN_POINT('Ctrl Pts',(-0.504202266906352,2.62472663333684,2.61955310831031));
#4643=CARTESIAN_POINT('Ctrl Pts',(-0.513365387732956,2.61876366636541,2.60896938395526));
#4644=CARTESIAN_POINT('Ctrl Pts',(-0.511512691024974,2.60454520544394,2.61369079868211));
#4645=CARTESIAN_POINT('Ctrl Pts',(-0.52111880013502,2.59835086554241,2.60330194457269));
#4646=CARTESIAN_POINT('Ctrl Pts',(-0.535242672171935,2.58613654891717,2.57801018258637));
#4647=CARTESIAN_POINT('Ctrl Pts',(-0.536902776376161,2.57319813751105,2.53346224796233));
#4648=CARTESIAN_POINT('Ctrl Pts',(-0.517954683904656,2.56842439221784,2.49130470121994));
#4649=CARTESIAN_POINT('Ctrl Pts',(-0.471005451456009,2.57320857721459,2.44979349306822));
#4650=CARTESIAN_POINT('Ctrl Pts',(-0.388959794223941,2.59339421266954,2.44362457169438));
#4651=CARTESIAN_POINT('Ctrl Pts',(-0.329908664737404,2.62099679699376,2.50931244718382));
#4652=CARTESIAN_POINT('Ctrl Pts',(-0.335564419117968,2.63718567789018,2.57074053480157));
#4653=CARTESIAN_POINT('Ctrl Pts',(-0.366340970690846,2.64625645347258,2.62258082892498));
#4654=CARTESIAN_POINT('Ctrl Pts',(-0.418140621809659,2.64298234252359,2.64955223091253));
#4655=CARTESIAN_POINT('Ctrl Pts',(-0.477815888777015,2.62316199173775,2.64014118735843));
#4656=CARTESIAN_POINT('Ctrl Pts',(-0.501906581914929,2.61073954534546,2.62407965279152));
#4657=CARTESIAN_POINT('Ctrl Pts',(-0.511512691024976,2.60454520544392,2.61369079868211));
#4658=CARTESIAN_POINT('',(-0.560252812690338,2.65759464403436,2.63384710458269));
#4659=CARTESIAN_POINT('',(-0.511512691024974,2.60454520544394,2.61369079868211));
#4660=CARTESIAN_POINT('Ctrl Pts',(-0.560252812690308,2.65759464403436,2.63384710458268));
#4661=CARTESIAN_POINT('Ctrl Pts',(-0.552785099454163,2.65760131893046,2.62710046408062));
#4662=CARTESIAN_POINT('Ctrl Pts',(-0.545864764070111,2.65614480272222,2.6215061686686));
#4663=CARTESIAN_POINT('Ctrl Pts',(-0.539751712773436,2.653161230697,2.61732764579));
#4664=CARTESIAN_POINT('Ctrl Pts',(-0.533638661476755,2.65017765867178,2.61314912291139));
#4665=CARTESIAN_POINT('Ctrl Pts',(-0.528332894267452,2.64566703082957,2.61038637256619));
#4666=CARTESIAN_POINT('Ctrl Pts',(-0.524028017026584,2.63973866649211,2.60916506426418));
#4667=CARTESIAN_POINT('Ctrl Pts',(-0.517570701165281,2.63084611998592,2.60733310181115));
#4668=CARTESIAN_POINT('Ctrl Pts',(-0.513365387732955,2.61876366636543,2.60896938395526));
#4669=CARTESIAN_POINT('Ctrl Pts',(-0.511512691024974,2.60454520544394,2.61369079868211));
#4670=CARTESIAN_POINT('',(-0.535294403508856,2.57904136485179,2.55244698069992));
#4671=CARTESIAN_POINT('Ctrl Pts',(-0.511512691024974,2.60454520544394,2.61369079868211));
#4672=CARTESIAN_POINT('Ctrl Pts',(-0.52111880013502,2.59835086554241,2.60330194457269));
#4673=CARTESIAN_POINT('Ctrl Pts',(-0.532231508295456,2.58874060175068,2.58340230451063));
#4674=CARTESIAN_POINT('Ctrl Pts',(-0.535285837089722,2.58135196174376,2.5607745559922));
#4675=CARTESIAN_POINT('Ctrl Pts',(-0.535294403508856,2.57904136485179,2.55244698069992));
#4676=CARTESIAN_POINT('Ctrl Pts',(-0.535294403508856,2.57904136485179,2.55244698069992));
#4677=CARTESIAN_POINT('Ctrl Pts',(-0.5353007714039,2.57732376987228,2.54625663154674));
#4678=CARTESIAN_POINT('Ctrl Pts',(-0.533279860274656,2.57228538712663,2.52540163420278));
#4679=CARTESIAN_POINT('Ctrl Pts',(-0.517954683904656,2.56842439221784,2.49130470121994));
#4680=CARTESIAN_POINT('Ctrl Pts',(-0.471005451456009,2.57320857721459,2.44979349306822));
#4681=CARTESIAN_POINT('Ctrl Pts',(-0.388959794223941,2.59339421266954,2.44362457169438));
#4682=CARTESIAN_POINT('Ctrl Pts',(-0.329908664737404,2.62099679699376,2.50931244718382));
#4683=CARTESIAN_POINT('Ctrl Pts',(-0.335564419117968,2.63718567789018,2.57074053480157));
#4684=CARTESIAN_POINT('Ctrl Pts',(-0.366340970690846,2.64625645347258,2.62258082892498));
#4685=CARTESIAN_POINT('Ctrl Pts',(-0.418140621809659,2.64298234252359,2.64955223091253));
#4686=CARTESIAN_POINT('Ctrl Pts',(-0.477815888777015,2.62316199173775,2.64014118735843));
#4687=CARTESIAN_POINT('Ctrl Pts',(-0.501906581914929,2.61073954534546,2.62407965279152));
#4688=CARTESIAN_POINT('Ctrl Pts',(-0.511512691024976,2.60454520544392,2.61369079868211));
#4689=CARTESIAN_POINT('Ctrl Pts',(-0.560252812690338,2.65759464403436,2.63384710458269));
#4690=CARTESIAN_POINT('Ctrl Pts',(-0.545557053571338,2.66482444551506,2.64976094164406));
#4691=CARTESIAN_POINT('Ctrl Pts',(-0.508706312570673,2.6789427960651,2.67459696939776));
#4692=CARTESIAN_POINT('Ctrl Pts',(-0.417440367657336,2.70017490910224,2.69016705517616));
#4693=CARTESIAN_POINT('Ctrl Pts',(-0.338237208823491,2.70140765896029,2.65041235222926));
#4694=CARTESIAN_POINT('Ctrl Pts',(-0.29118442086834,2.68790321594213,2.57277999924164));
#4695=CARTESIAN_POINT('Ctrl Pts',(-0.282543082961488,2.66627989377517,2.48036855835309));
#4696=CARTESIAN_POINT('Ctrl Pts',(-0.372846270514695,2.63252480192622,2.3807881012816));
#4697=CARTESIAN_POINT('Ctrl Pts',(-0.498328854257682,2.61215294426269,2.3882933346551));
#4698=CARTESIAN_POINT('Ctrl Pts',(-0.570136389550078,2.610512036287,2.44942233228963));
#4699=CARTESIAN_POINT('Ctrl Pts',(-0.599111066600651,2.61880344662218,2.51231114664922));
#4700=CARTESIAN_POINT('Ctrl Pts',(-0.59655986437237,2.63572534667879,2.57942506782205));
#4701=CARTESIAN_POINT('Ctrl Pts',(-0.574948571809328,2.65036484255366,2.61793326752132));
#4702=CARTESIAN_POINT('Ctrl Pts',(-0.560252812690329,2.65759464403436,2.6338471045827));
#4703=CARTESIAN_POINT('Origin',(-0.435303621665145,3.02216290686594,2.47430767414627));
#4704=CARTESIAN_POINT('',(-0.535309506827402,2.45334618512236,2.57459704404143));
#4705=CARTESIAN_POINT('',(-0.535303621665145,3.02216290686594,2.47430767414627));
#4706=CARTESIAN_POINT('',(-0.498869241341087,2.48637082282304,2.647170394185));
#4707=CARTESIAN_POINT('Ctrl Pts',(-0.498869241341087,2.48637082282304,2.647170394185));
#4708=CARTESIAN_POINT('Ctrl Pts',(-0.48462719928259,2.49416932427639,2.65770337812843));
#4709=CARTESIAN_POINT('Ctrl Pts',(-0.456764323619335,2.50603439617263,2.66802154786639));
#4710=CARTESIAN_POINT('Ctrl Pts',(-0.411257058321187,2.51746937181968,2.66465441984935));
#4711=CARTESIAN_POINT('Ctrl Pts',(-0.372749586531645,2.52134213780324,2.64622927179694));
#4712=CARTESIAN_POINT('Ctrl Pts',(-0.332681672149432,2.51581744312383,2.59891848631222));
#4713=CARTESIAN_POINT('Ctrl Pts',(-0.331432075709262,2.49462761952531,2.51842434973671));
#4714=CARTESIAN_POINT('Ctrl Pts',(-0.387610703815625,2.47298290847632,2.4754243920589));
#4715=CARTESIAN_POINT('Ctrl Pts',(-0.439434140177905,2.4580580346826,2.47034894342789));
#4716=CARTESIAN_POINT('Ctrl Pts',(-0.469548954369736,2.45085577827679,2.47708421614733));
#4717=CARTESIAN_POINT('Ctrl Pts',(-0.503265014477142,2.44520945376704,2.49885781337985));
#4718=CARTESIAN_POINT('Ctrl Pts',(-0.527810561270091,2.44413576643571,2.5291458743894));
#4719=CARTESIAN_POINT('Ctrl Pts',(-0.535199345655133,2.44925168634279,2.5591998509469));
#4720=CARTESIAN_POINT('Ctrl Pts',(-0.535309249069122,2.45323465806013,2.57418173255795));
#4721=CARTESIAN_POINT('Ctrl Pts',(-0.535309506827402,2.45334618512236,2.57459704404143));
#4722=CARTESIAN_POINT('Ctrl Pts',(-0.535309506827402,2.45334618512236,2.57459704404143));
#4723=CARTESIAN_POINT('Ctrl Pts',(-0.535316025638085,2.45616674943267,2.58510043868444));
#4724=CARTESIAN_POINT('Ctrl Pts',(-0.530456614869625,2.46571674608896,2.61339955079378));
#4725=CARTESIAN_POINT('Ctrl Pts',(-0.513111283399582,2.47857232136968,2.63663741024156));
#4726=CARTESIAN_POINT('Ctrl Pts',(-0.498869241341085,2.48637082282304,2.647170394185));
#4727=CARTESIAN_POINT('Ctrl Pts',(0.799041063839163,2.10150362823987,0.267221344343806));
#4728=CARTESIAN_POINT('Ctrl Pts',(0.81507092624409,2.11672734324066,0.277470413071573));
#4729=CARTESIAN_POINT('Ctrl Pts',(0.829198781778862,2.13087362960748,0.287257496643754));
#4730=CARTESIAN_POINT('Ctrl Pts',(0.857184403964752,2.16209388586615,0.311590704334157));
#4731=CARTESIAN_POINT('Ctrl Pts',(0.871042170615869,2.17916785575801,0.326136828452379));
#4732=CARTESIAN_POINT('Ctrl Pts',(0.912210337243739,2.23478129072116,0.376913761626105));
#4733=CARTESIAN_POINT('Ctrl Pts',(0.976827852397959,2.34771438930413,0.497954353473319));
#4734=CARTESIAN_POINT('Ctrl Pts',(0.976827852397959,2.52015240931867,0.858893293520469));
#4735=CARTESIAN_POINT('Ctrl Pts',(0.976827852397959,2.30126220707427,1.25000003989287));
#4736=CARTESIAN_POINT('Ctrl Pts',(0.976827852397959,2.30126220707427,1.87500005983931));
#4737=CARTESIAN_POINT('Ctrl Pts',(1.08923074305296,2.79884274685806,3.86827985576098));
#4738=CARTESIAN_POINT('Ctrl Pts',(1.14543218838046,3.04763301674995,4.86491975372181));
#4739=CARTESIAN_POINT('Ctrl Pts',(0.753614423666141,2.10874435479017,0.263519045396233));
#4740=CARTESIAN_POINT('Ctrl Pts',(0.762359120749749,2.12994190433832,0.275445252869646));
#4741=CARTESIAN_POINT('Ctrl Pts',(0.776477190161649,2.14625784237006,0.286021883519826));
#4742=CARTESIAN_POINT('Ctrl Pts',(0.798308005143694,2.1846501389631,0.312913433184865));
#4743=CARTESIAN_POINT('Ctrl Pts',(0.809993093464772,2.20413827778588,0.328529737114562));
#4744=CARTESIAN_POINT('Ctrl Pts',(0.844117135805977,2.263293592475,0.379631046110484));
#4745=CARTESIAN_POINT('Ctrl Pts',(0.901690526673532,2.38086648334568,0.501059498080684));
#4746=CARTESIAN_POINT('Ctrl Pts',(0.901690526673532,2.55760102388804,0.861941453839618));
#4747=CARTESIAN_POINT('Ctrl Pts',(0.901690526673533,2.33315610960162,1.25000003989287));
#4748=CARTESIAN_POINT('Ctrl Pts',(0.901690526673533,2.33315610960162,1.87500005983931));
#4749=CARTESIAN_POINT('Ctrl Pts',(1.00544741835668,2.83687693405544,3.86325138055304));
#4750=CARTESIAN_POINT('Ctrl Pts',(1.05732586419825,3.08873734628234,4.85737704090991));
#4751=CARTESIAN_POINT('Ctrl Pts',(0.710015900925104,2.11532831083208,0.260133825236601));
#4752=CARTESIAN_POINT('Ctrl Pts',(0.715529990513905,2.13817474621228,0.27202488590712));
#4753=CARTESIAN_POINT('Ctrl Pts',(0.721212763504084,2.16012209164409,0.284744122855004));
#4754=CARTESIAN_POINT('Ctrl Pts',(0.736685317846642,2.20364343503832,0.313417237630227));
#4755=CARTESIAN_POINT('Ctrl Pts',(0.746191115442247,2.22498894766831,0.329299478317282));
#4756=CARTESIAN_POINT('Ctrl Pts',(0.773731157696696,2.28801157939611,0.381441236349477));
#4757=CARTESIAN_POINT('Ctrl Pts',(0.824901840076126,2.41000121820303,0.503704896297987));
#4758=CARTESIAN_POINT('Ctrl Pts',(0.824901840076127,2.59049070484083,0.864547655128115));
#4759=CARTESIAN_POINT('Ctrl Pts',(0.824901840076127,2.36115964970954,1.25000003989287));
#4760=CARTESIAN_POINT('Ctrl Pts',(0.824901840076127,2.36115964970954,1.87500005983931));
#4761=CARTESIAN_POINT('Ctrl Pts',(0.919822711858776,2.87027177765416,3.85883626995169));
#4762=CARTESIAN_POINT('Ctrl Pts',(0.967283147750101,3.12482784162646,4.85075437500788));
#4763=CARTESIAN_POINT('Ctrl Pts',(0.605515519990999,2.12808845347757,0.253597820911292));
#4764=CARTESIAN_POINT('Ctrl Pts',(0.601374412947039,2.15702940225183,0.266795905608026));
#4765=CARTESIAN_POINT('Ctrl Pts',(0.60062628284463,2.18387310361035,0.281120854135338));
#4766=CARTESIAN_POINT('Ctrl Pts',(0.60631287847143,2.23541381257959,0.312482172861329));
#4767=CARTESIAN_POINT('Ctrl Pts',(0.611851071714433,2.25978216409293,0.329350263710379));
#4768=CARTESIAN_POINT('Ctrl Pts',(0.629480399576046,2.33019010877164,0.383809619874159));
#4769=CARTESIAN_POINT('Ctrl Pts',(0.66879804782969,2.46021755868387,0.508148666668246));
#4770=CARTESIAN_POINT('Ctrl Pts',(0.668777585000081,2.64713547966015,0.868975144009478));
#4771=CARTESIAN_POINT('Ctrl Pts',(0.668807742328598,2.40937894816148,1.25004442258678));
#4772=CARTESIAN_POINT('Ctrl Pts',(0.668830388647748,2.40937894816148,1.87500005983931));
#4773=CARTESIAN_POINT('Ctrl Pts',(0.745792228809619,2.92777436211444,3.8512338905752));
#4774=CARTESIAN_POINT('Ctrl Pts',(0.784273148890555,3.18697206909092,4.83935080594315));
#4775=CARTESIAN_POINT('Ctrl Pts',(0.54461366179793,2.13426464008116,0.250447036745615));
#4776=CARTESIAN_POINT('Ctrl Pts',(0.537188165911629,2.16496238153149,0.264109238375891));
#4777=CARTESIAN_POINT('Ctrl Pts',(0.535548969467278,2.19373453852234,0.278896286893172));
#4778=CARTESIAN_POINT('Ctrl Pts',(0.538372903585571,2.2481879857536,0.311318779474521));
#4779=CARTESIAN_POINT('Ctrl Pts',(0.542122032240352,2.27387474459135,0.328734872914245));
#4780=CARTESIAN_POINT('Ctrl Pts',(0.555615619564677,2.34765065122606,0.384367813159849));
#4781=CARTESIAN_POINT('Ctrl Pts',(0.589482942180659,2.48129916430736,0.509947038821202));
#4782=CARTESIAN_POINT('Ctrl Pts',(0.589442016521441,2.67089057352669,0.870796431602342));
#4783=CARTESIAN_POINT('Ctrl Pts',(0.589502331178475,2.4295947065055,1.2500888052807));
#4784=CARTESIAN_POINT('Ctrl Pts',(0.589547623816774,2.4295947065055,1.87500005983931));
#4785=CARTESIAN_POINT('Ctrl Pts',(0.657386452258366,2.951882102976,3.84804662180007));
#4786=CARTESIAN_POINT('Ctrl Pts',(0.691305866479162,3.21302580121126,4.83456990278046));
#4787=CARTESIAN_POINT('Ctrl Pts',(0.335953084040675,2.1521815457344,0.241346338239519));
#4788=CARTESIAN_POINT('Ctrl Pts',(0.330991311593436,2.18611466499781,0.256443001909078));
#4789=CARTESIAN_POINT('Ctrl Pts',(0.328295914837284,2.21833087191857,0.272792643184674));
#4790=CARTESIAN_POINT('Ctrl Pts',(0.32604747090145,2.27937129066214,0.307726441594994));
#4791=CARTESIAN_POINT('Ctrl Pts',(0.326494423721767,2.30819550248494,0.326310598729718));
#4792=CARTESIAN_POINT('Ctrl Pts',(0.330463203838863,2.38964288968745,0.385007684893173));
#4793=CARTESIAN_POINT('Ctrl Pts',(0.34891245069763,2.53243667102884,0.514180316257205));
#4794=CARTESIAN_POINT('Ctrl Pts',(0.348748748060759,2.72842889471735,0.875231430385993));
#4795=CARTESIAN_POINT('Ctrl Pts',(0.348990006688892,2.47854972350419,1.25035510144418));
#4796=CARTESIAN_POINT('Ctrl Pts',(0.349171177242091,2.47854972350419,1.87500005983931));
#4797=CARTESIAN_POINT('Ctrl Pts',(0.389350057849431,3.0102620481452,3.84032824713361));
#4798=CARTESIAN_POINT('Ctrl Pts',(0.409439498153101,3.27611821046571,4.82299234078076));
#4799=CARTESIAN_POINT('Ctrl Pts',(0.0194309747654396,2.16857990006253,0.233300512175764));
#4800=CARTESIAN_POINT('Ctrl Pts',(0.0196865286269094,2.2040545455627,0.249073836903591));
#4801=CARTESIAN_POINT('Ctrl Pts',(0.0199022033361173,2.23782472620759,0.266174606288003));
#4802=CARTESIAN_POINT('Ctrl Pts',(0.0202655392518352,2.30191112490421,0.302664237171356));
#4803=CARTESIAN_POINT('Ctrl Pts',(0.020413200458345,2.33222734295596,0.322053098670297));
#4804=CARTESIAN_POINT('Ctrl Pts',(0.0207717810265641,2.41792750389764,0.383101625540951));
#4805=CARTESIAN_POINT('Ctrl Pts',(0.0211513299577613,2.56833385292684,0.516726448777578));
#4806=CARTESIAN_POINT('Ctrl Pts',(0.020660222047147,2.76854142854767,0.878401124777676));
#4807=CARTESIAN_POINT('Ctrl Pts',(0.021383997931547,2.51264372474675,1.25106522454678));
#4808=CARTESIAN_POINT('Ctrl Pts',(0.0219275095911451,2.51264372474675,1.87500005983931));
#4809=CARTESIAN_POINT('Ctrl Pts',(0.0244506926237127,3.05091990192948,3.83495289866879));
#4810=CARTESIAN_POINT('Ctrl Pts',(0.0257122841399965,3.32005799052085,4.81492931808353));
#4811=CARTESIAN_POINT('Ctrl Pts',(-0.298057394135819,2.15854701999792,0.241015302359404));
#4812=CARTESIAN_POINT('Ctrl Pts',(-0.292607229864438,2.19240988991262,0.256063214836358));
#4813=CARTESIAN_POINT('Ctrl Pts',(-0.289510939994088,2.22460055857476,0.272383829155871));
#4814=CARTESIAN_POINT('Ctrl Pts',(-0.286607915859728,2.28564937500401,0.307297905034445));
#4815=CARTESIAN_POINT('Ctrl Pts',(-0.286801181595717,2.31450752277111,0.325891366593504));
#4816=CARTESIAN_POINT('Ctrl Pts',(-0.29018802241961,2.39610100714495,0.384672187461639));
#4817=CARTESIAN_POINT('Ctrl Pts',(-0.308189878531088,2.53936414018279,0.51423557396173));
#4818=CARTESIAN_POINT('Ctrl Pts',(-0.30966320226293,2.73517598921462,0.87766761438038));
#4819=CARTESIAN_POINT('Ctrl Pts',(-0.307491874609731,2.48426610567759,1.25319559385461));
#4820=CARTESIAN_POINT('Ctrl Pts',(-0.305861339630936,2.48426610567759,1.87500005983931));
#4821=CARTESIAN_POINT('Ctrl Pts',(-0.341056587831253,3.01707896086036,3.83942698752722));
#4822=CARTESIAN_POINT('Ctrl Pts',(-0.358654211931412,3.28348538845175,4.82164045137117));
#4823=CARTESIAN_POINT('Ctrl Pts',(-0.507914228768638,2.14480634161821,0.250236177119444));
#4824=CARTESIAN_POINT('Ctrl Pts',(-0.500047192599465,2.17540090433762,0.263826775435579));
#4825=CARTESIAN_POINT('Ctrl Pts',(-0.498071933779826,2.20418347071251,0.278581959658786));
#4826=CARTESIAN_POINT('Ctrl Pts',(-0.500415527926615,2.25877409009029,0.311028190903344));
#4827=CARTESIAN_POINT('Ctrl Pts',(-0.504007038736231,2.28457295626462,0.328496976010173));
#4828=CARTESIAN_POINT('Ctrl Pts',(-0.517187269141011,2.35871963839843,0.384383717526897));
#4829=CARTESIAN_POINT('Ctrl Pts',(-0.551130501637587,2.49320130494119,0.510913340393404));
#4830=CARTESIAN_POINT('Ctrl Pts',(-0.553708818168312,2.68249735066022,0.876247805980563));
#4831=CARTESIAN_POINT('Ctrl Pts',(-0.549908994775212,2.43951369220868,1.25559225932591));
#4832=CARTESIAN_POINT('Ctrl Pts',(-0.547055558562321,2.43951369220868,1.87500005983931));
#4833=CARTESIAN_POINT('Ctrl Pts',(-0.61000485508406,2.96371071374947,3.84648276884562));
#4834=CARTESIAN_POINT('Ctrl Pts',(-0.641479503344929,3.22580922451986,4.83222412334878));
#4835=CARTESIAN_POINT('Ctrl Pts',(-0.569240653445852,2.13984567836193,0.253476691922572));
#4836=CARTESIAN_POINT('Ctrl Pts',(-0.564700745307407,2.16875310242485,0.266600066629659));
#4837=CARTESIAN_POINT('Ctrl Pts',(-0.56367578775642,2.19562794773549,0.28090487205176));
#4838=CARTESIAN_POINT('Ctrl Pts',(-0.568960152071114,2.24736916637096,0.312314125354908));
#4839=CARTESIAN_POINT('Ctrl Pts',(-0.574378171234456,2.27188831988182,0.329250447640764));
#4840=CARTESIAN_POINT('Ctrl Pts',(-0.591816917070941,2.34275726611925,0.38404316231944));
#4841=CARTESIAN_POINT('Ctrl Pts',(-0.63143316212973,2.4737411014134,0.509563582961222));
#4842=CARTESIAN_POINT('Ctrl Pts',(-0.634441198082243,2.66032871129964,0.875629590580315));
#4843=CARTESIAN_POINT('Ctrl Pts',(-0.630008070790293,2.42068468785788,1.25652429589808));
#4844=CARTESIAN_POINT('Ctrl Pts',(-0.626679061875254,2.42068468785788,1.87500005983931));
#4845=CARTESIAN_POINT('Ctrl Pts',(-0.698790578653593,2.94125670782766,3.84945139839753));
#4846=CARTESIAN_POINT('Ctrl Pts',(-0.734846337042762,3.20154271781255,4.83667706767663));
#4847=CARTESIAN_POINT('Ctrl Pts',(-0.674641795732827,2.12916347758997,0.260291501295061));
#4848=CARTESIAN_POINT('Ctrl Pts',(-0.679929633261798,2.15216803682022,0.272149868511428));
#4849=CARTESIAN_POINT('Ctrl Pts',(-0.685460557419772,2.17427499139836,0.284884505853303));
#4850=CARTESIAN_POINT('Ctrl Pts',(-0.700753367970796,2.21819368677194,0.313700350391212));
#4851=CARTESIAN_POINT('Ctrl Pts',(-0.710241099062049,2.23977100925931,0.329712963004377));
#4852=CARTESIAN_POINT('Ctrl Pts',(-0.737886636209568,2.30345871790507,0.382411567387341));
#4853=CARTESIAN_POINT('Ctrl Pts',(-0.789907085999637,2.42665709993117,0.506451842327151));
#4854=CARTESIAN_POINT('Ctrl Pts',(-0.793917800602987,2.6067565263739,0.874202272278209));
#4855=CARTESIAN_POINT('Ctrl Pts',(-0.788006964213721,2.37519655584223,1.25869904789982));
#4856=CARTESIAN_POINT('Ctrl Pts',(-0.783568285660336,2.37519655584223,1.87500005983931));
#4857=CARTESIAN_POINT('Ctrl Pts',(-0.873732934546622,2.88701110000785,3.85662317500591));
#4858=CARTESIAN_POINT('Ctrl Pts',(-0.918815258989765,3.14291837209066,4.84743473258922));
#4859=CARTESIAN_POINT('Ctrl Pts',(-0.718716513342587,2.12344194007429,0.26386579586442));
#4860=CARTESIAN_POINT('Ctrl Pts',(-0.727307430284466,2.14486219270609,0.275789652214025));
#4861=CARTESIAN_POINT('Ctrl Pts',(-0.741395138022614,2.16149835914133,0.286415982445729));
#4862=CARTESIAN_POINT('Ctrl Pts',(-0.763182136571353,2.20041009227388,0.313517497714335));
#4863=CARTESIAN_POINT('Ctrl Pts',(-0.77491823357494,2.22017122462213,0.329316479689181));
#4864=CARTESIAN_POINT('Ctrl Pts',(-0.809326707418266,2.28012254197007,0.381120527662698));
#4865=CARTESIAN_POINT('Ctrl Pts',(-0.868078349377401,2.39903330197672,0.504689859125262));
#4866=CARTESIAN_POINT('Ctrl Pts',(-0.872662023209801,2.57535298080873,0.87339316937635));
#4867=CARTESIAN_POINT('Ctrl Pts',(-0.865906781622068,2.34853742817739,1.25994176332939));
#4868=CARTESIAN_POINT('Ctrl Pts',(-0.860834006132485,2.34853742817739,1.87500005983931));
#4869=CARTESIAN_POINT('Ctrl Pts',(-0.959889566870118,2.85521949810985,3.8608263220624));
#4870=CARTESIAN_POINT('Ctrl Pts',(-1.00941734723893,3.10856053307608,4.85373945317395));
#4871=CARTESIAN_POINT('Ctrl Pts',(-0.764675898409464,2.11709608653305,0.26782162372116));
#4872=CARTESIAN_POINT('Ctrl Pts',(-0.780701710376895,2.13267528953162,0.278133689772794));
#4873=CARTESIAN_POINT('Ctrl Pts',(-0.79484845876244,2.14713701661022,0.288008339533451));
#4874=CARTESIAN_POINT('Ctrl Pts',(-0.822970420221822,2.17898463989477,0.312660279652615));
#4875=CARTESIAN_POINT('Ctrl Pts',(-0.836945633295658,2.19637053610072,0.327437570011121));
#4876=CARTESIAN_POINT('Ctrl Pts',(-0.878613969549604,2.25291447840958,0.379123401983413));
#4877=CARTESIAN_POINT('Ctrl Pts',(-0.944795762850807,2.36731850137622,0.502757996396407));
#4878=CARTESIAN_POINT('Ctrl Pts',(-0.950034247230693,2.53932362221473,0.87253812490652));
#4879=CARTESIAN_POINT('Ctrl Pts',(-0.942313971130427,2.31795971039302,1.2613620095346));
#4880=CARTESIAN_POINT('Ctrl Pts',(-0.936516513428046,2.31795971039302,1.87500005983931));
#4881=CARTESIAN_POINT('Ctrl Pts',(-1.04428080679565,2.81875489045383,3.86564728417772));
#4882=CARTESIAN_POINT('Ctrl Pts',(-1.09816295347945,3.06915248048424,4.86097089634692));
#4883=CARTESIAN_POINT('',(-0.0107049848789328,2.16219450225679,0.237271371761563));
#4884=CARTESIAN_POINT('Ctrl Pts',(-0.0107042172244803,2.16219453624253,
0.237271338525479));
#4885=CARTESIAN_POINT('Ctrl Pts',(-0.0107044235097989,2.16220277990545,
0.237275003553954));
#4886=CARTESIAN_POINT('Ctrl Pts',(-0.0107046297818442,2.16221102580378,
0.237278669574162));
#4887=CARTESIAN_POINT('Ctrl Pts',(-0.0115432916642945,2.19574855263629,
0.252189013530961));
#4888=CARTESIAN_POINT('Ctrl Pts',(-0.0124612008032256,2.22897176823242,
0.26889805068276));
#4889=CARTESIAN_POINT('Ctrl Pts',(-0.014406141174594,2.29144825747296,0.304554492677624));
#4890=CARTESIAN_POINT('Ctrl Pts',(-0.0154262340769739,2.3210752256705,0.323445003784158));
#4891=CARTESIAN_POINT('Ctrl Pts',(-0.018561278457647,2.40282412358649,0.381990656388602));
#4892=CARTESIAN_POINT('Ctrl Pts',(-0.0208649986741808,2.45247373664454,
0.425614646115083));
#4893=CARTESIAN_POINT('Ctrl Pts',(-0.0255277946341632,2.53318775736994,
0.514813814679404));
#4894=CARTESIAN_POINT('Ctrl Pts',(-0.0301385555713235,2.59937761535258,
0.603607098147627));
#4895=CARTESIAN_POINT('Ctrl Pts',(-0.035355555722781,2.64495503161644,0.707329705681138));
#4896=CARTESIAN_POINT('Ctrl Pts',(-0.0403138018474467,2.66825013175461,
0.812141285958862));
#4897=CARTESIAN_POINT('Ctrl Pts',(-0.0448272561523641,2.67092801900855,
0.911388814385959));
#4898=CARTESIAN_POINT('Ctrl Pts',(-0.051037488996081,2.63323635076729,1.04430933094844));
#4899=CARTESIAN_POINT('Ctrl Pts',(-0.0570343193590301,2.58577303138116,
1.16449344125345));
#4900=CARTESIAN_POINT('Ctrl Pts',(-0.0611291915594426,2.55799491912616,
1.24183190108929));
#4901=CARTESIAN_POINT('Ctrl Pts',(-0.0674689870661083,2.52468923768412,
1.35822395096003));
#4902=CARTESIAN_POINT('Ctrl Pts',(-0.0763098777594352,2.50698685337388,
1.51672571904068));
#4903=CARTESIAN_POINT('Ctrl Pts',(-0.0938067425871799,2.53960736693326,
1.84429827321648));
#4904=CARTESIAN_POINT('Ctrl Pts',(-0.107098006996264,2.59132715644994,2.09492357484599));
#4905=CARTESIAN_POINT('Ctrl Pts',(-0.125014927711855,2.66665911620127,2.43324861210064));
#4906=CARTESIAN_POINT('Ctrl Pts',(-0.142837952638578,2.74819196902712,2.76999186316659));
#4907=CARTESIAN_POINT('Ctrl Pts',(-0.178503158571294,2.92077662701649,3.4439090185604));
#4908=CARTESIAN_POINT('Ctrl Pts',(-0.205173741116677,3.05505823626222,3.94796460005182));
#4909=CARTESIAN_POINT('Ctrl Pts',(-0.222949286874187,3.14490771482238,4.28403208023248));
#4910=CARTESIAN_POINT('',(-0.764675898409464,2.11709608653305,0.26782162372116));
#4911=CARTESIAN_POINT('Ctrl Pts',(-0.0107049848789328,2.16219450225679,
0.237271371761563));
#4912=CARTESIAN_POINT('Ctrl Pts',(-0.159199961720924,2.16291628882031,0.23765200548988));
#4913=CARTESIAN_POINT('Ctrl Pts',(-0.306853515252965,2.15797108130395,0.241401794090004));
#4914=CARTESIAN_POINT('Ctrl Pts',(-0.507914228768638,2.14480634161821,0.250236177119444));
#4915=CARTESIAN_POINT('Ctrl Pts',(-0.569240653445852,2.13984567836193,0.253476691922572));
#4916=CARTESIAN_POINT('Ctrl Pts',(-0.674641795732827,2.12916347758997,0.260291501295061));
#4917=CARTESIAN_POINT('Ctrl Pts',(-0.718716513342587,2.12344194007429,0.26386579586442));
#4918=CARTESIAN_POINT('Ctrl Pts',(-0.764675898409464,2.11709608653305,0.26782162372116));
#4919=CARTESIAN_POINT('Ctrl Pts',(-0.764675898409464,2.11709608653305,0.26782162372116));
#4920=CARTESIAN_POINT('Ctrl Pts',(-0.780701710376895,2.13267528953162,0.278133689772794));
#4921=CARTESIAN_POINT('Ctrl Pts',(-0.79484845876244,2.14713701661022,0.288008339533451));
#4922=CARTESIAN_POINT('Ctrl Pts',(-0.822970420221822,2.17898463989477,0.312660279652615));
#4923=CARTESIAN_POINT('Ctrl Pts',(-0.836945633295658,2.19637053610072,0.327437570011121));
#4924=CARTESIAN_POINT('Ctrl Pts',(-0.878613969549604,2.25291447840958,0.379123401983413));
#4925=CARTESIAN_POINT('Ctrl Pts',(-0.944795762850807,2.36731850137622,0.502757996396407));
#4926=CARTESIAN_POINT('Ctrl Pts',(-0.950034247230693,2.53932362221473,0.87253812490652));
#4927=CARTESIAN_POINT('Ctrl Pts',(-0.942313971130427,2.31795971039302,1.2613620095346));
#4928=CARTESIAN_POINT('Ctrl Pts',(-0.936867053518952,2.31795971039302,1.83789677267796));
#4929=CARTESIAN_POINT('Ctrl Pts',(-1.02565133034,2.73203345967797,3.51756680998903));
#4930=CARTESIAN_POINT('Ctrl Pts',(-1.06900792863147,2.93363835469182,4.32169551600953));
#4931=CARTESIAN_POINT('',(-0.588934386207974,2.78751987666798,3.16843298175354));
#4932=CARTESIAN_POINT('Ctrl Pts',(-0.588934386207974,2.78751987666798,3.16843298175354));
#4933=CARTESIAN_POINT('Ctrl Pts',(-0.574728971758311,2.80148380948353,3.208998632008));
#4934=CARTESIAN_POINT('Ctrl Pts',(-0.523399129073309,2.82620413323696,3.25771809487502));
#4935=CARTESIAN_POINT('Ctrl Pts',(-0.431202948676778,2.84578464823363,3.26742352707188));
#4936=CARTESIAN_POINT('Ctrl Pts',(-0.363715340849544,2.85050539173074,3.2457867725473));
#4937=CARTESIAN_POINT('Ctrl Pts',(-0.312162620786061,2.84471682920091,3.1980938214533));
#4938=CARTESIAN_POINT('Ctrl Pts',(-0.278065178824015,2.82620467539789,3.11336740916094));
#4939=CARTESIAN_POINT('Ctrl Pts',(-0.31713721555312,2.79298219645095,2.99951915958479));
#4940=CARTESIAN_POINT('Ctrl Pts',(-0.434994304820124,2.76580119501159,2.96039271671356));
#4941=CARTESIAN_POINT('Ctrl Pts',(-0.524167219429899,2.75602901816011,2.99127125043877));
#4942=CARTESIAN_POINT('Ctrl Pts',(-0.575656596176274,2.75710220360499,3.03932516198011));
#4943=CARTESIAN_POINT('Ctrl Pts',(-0.600540240780274,2.76789271517704,3.10407588571892));
#4944=CARTESIAN_POINT('Ctrl Pts',(-0.596037093432802,2.78053791026021,3.14815015662631));
#4945=CARTESIAN_POINT('Ctrl Pts',(-0.588934386207969,2.78751987666799,3.16843298175354));
#4946=CARTESIAN_POINT('',(-0.59642192493331,3.03237544058082,4.09009359821043));
#4947=CARTESIAN_POINT('Ctrl Pts',(-0.596421924933262,3.03237544058083,4.09009359821043));
#4948=CARTESIAN_POINT('Ctrl Pts',(-0.597201574617047,3.04402124179286,4.13364756347694));
#4949=CARTESIAN_POINT('Ctrl Pts',(-0.576118181305959,3.06075240263063,4.17576510906306));
#4950=CARTESIAN_POINT('Ctrl Pts',(-0.541552102089894,3.07519756167615,4.20201827826981));
#4951=CARTESIAN_POINT('Ctrl Pts',(-0.506986022873829,3.08964272072167,4.22827144747655));
#4952=CARTESIAN_POINT('Ctrl Pts',(-0.458937257752789,3.10180187797493,4.23866024030392));
#4953=CARTESIAN_POINT('Ctrl Pts',(-0.414132544161591,3.10649237385078,4.22911176929076));
#4954=CARTESIAN_POINT('Ctrl Pts',(-0.391730187365992,3.10883762178871,4.22433753378418));
#4955=CARTESIAN_POINT('Ctrl Pts',(-0.370138843452853,3.10931570438229,4.21457898231747));
#4956=CARTESIAN_POINT('Ctrl Pts',(-0.351667304341659,3.10810573151836,4.20093396588157));
#4957=CARTESIAN_POINT('Ctrl Pts',(-0.333195765230466,3.10689575865444,4.18728894944566));
#4958=CARTESIAN_POINT('Ctrl Pts',(-0.317844030921217,3.10399773033301,4.16975746804056));
#4959=CARTESIAN_POINT('Ctrl Pts',(-0.307410034739992,3.09990999482138,4.15004587151236));
#4960=CARTESIAN_POINT('Ctrl Pts',(-0.286542042377543,3.09173452379814,4.11062267845595));
#4961=CARTESIAN_POINT('Ctrl Pts',(-0.285345002527193,3.07880022401412,4.06247902490714));
#4962=CARTESIAN_POINT('Ctrl Pts',(-0.304191819251132,3.06594716727265,4.02345993133801));
#4963=CARTESIAN_POINT('Ctrl Pts',(-0.323038635975072,3.05309411053119,3.98444083776888));
#4964=CARTESIAN_POINT('Ctrl Pts',(-0.361929309273301,3.04032229683228,3.95454630417943));
#4965=CARTESIAN_POINT('Ctrl Pts',(-0.405985907686698,3.0307565889024,3.94514474303511));
#4966=CARTESIAN_POINT('Ctrl Pts',(-0.450042506100094,3.02119088097251,3.9357431818908));
#4967=CARTESIAN_POINT('Ctrl Pts',(-0.499265029628658,3.01483127881165,3.94683459319162));
#4968=CARTESIAN_POINT('Ctrl Pts',(-0.535942648003716,3.01458747811886,3.97449793743574));
#4969=CARTESIAN_POINT('Ctrl Pts',(-0.554281457191244,3.01446557777247,3.98832960955779));
#4970=CARTESIAN_POINT('Ctrl Pts',(-0.569484040090396,3.01587262779309,4.00630426491567));
#4971=CARTESIAN_POINT('Ctrl Pts',(-0.57992170081545,3.01889436834367,4.02630101642052));
#4972=CARTESIAN_POINT('Ctrl Pts',(-0.590359361540504,3.02191610889425,4.04629776792536));
#4973=CARTESIAN_POINT('Ctrl Pts',(-0.596032100091459,3.02655253997479,4.06831661557716));
#4974=CARTESIAN_POINT('Ctrl Pts',(-0.596421924933353,3.03237544058081,4.09009359821044));
#4975=CARTESIAN_POINT('',(-0.596512077208096,2.89406497959725,3.57752390014498));
#4976=CARTESIAN_POINT('Ctrl Pts',(-0.596512077208096,2.89406497959725,3.57752390014498));
#4977=CARTESIAN_POINT('Ctrl Pts',(-0.596265118829696,2.90577239788837,3.62106920711686));
#4978=CARTESIAN_POINT('Ctrl Pts',(-0.57422294699489,2.92245272814018,3.66264581275271));
#4979=CARTESIAN_POINT('Ctrl Pts',(-0.539025458128724,2.93674049514969,3.68814889582066));
#4980=CARTESIAN_POINT('Ctrl Pts',(-0.503827969262557,2.9510282621592,3.71365197888862));
#4981=CARTESIAN_POINT('Ctrl Pts',(-0.45547516336503,2.96292346592641,3.72308153938867));
#4982=CARTESIAN_POINT('Ctrl Pts',(-0.410848442664175,2.96734169496784,3.71258758424882));
#4983=CARTESIAN_POINT('Ctrl Pts',(-0.388535082313748,2.96955080948855,3.70734060667889));
#4984=CARTESIAN_POINT('Ctrl Pts',(-0.367153243262489,2.96989068032782,3.69711275019899));
#4985=CARTESIAN_POINT('Ctrl Pts',(-0.348989925704151,2.9685732292239,3.68307821520831));
#4986=CARTESIAN_POINT('Ctrl Pts',(-0.330826608145814,2.96725577811999,3.66904368021763));
#4987=CARTESIAN_POINT('Ctrl Pts',(-0.315881812080399,2.96428100507289,3.65120246671618));
#4988=CARTESIAN_POINT('Ctrl Pts',(-0.305908274946065,2.96015559137284,3.63127777562678));
#4989=CARTESIAN_POINT('Ctrl Pts',(-0.285961200677396,2.95190476397274,3.59142839344798));
#4990=CARTESIAN_POINT('Ctrl Pts',(-0.285899162133049,2.93905137396081,3.54324510091738));
#4991=CARTESIAN_POINT('Ctrl Pts',(-0.305688066818023,2.92634006407799,3.50462035914351));
#4992=CARTESIAN_POINT('Ctrl Pts',(-0.325476971502998,2.91362875419518,3.46599561736964));
#4993=CARTESIAN_POINT('Ctrl Pts',(-0.365116819417295,2.90105952444147,3.43692942635249));
#4994=CARTESIAN_POINT('Ctrl Pts',(-0.409444184727809,2.89166942627571,3.42851333703793));
#4995=CARTESIAN_POINT('Ctrl Pts',(-0.453771550038323,2.88227932810996,3.42009724772338));
#4996=CARTESIAN_POINT('Ctrl Pts',(-0.502786432745054,2.87606836153216,3.43233126011142));
#4997=CARTESIAN_POINT('Ctrl Pts',(-0.538804271256558,2.87596226332881,3.46078067140163));
#4998=CARTESIAN_POINT('Ctrl Pts',(-0.55681319051231,2.87590921422713,3.47500537704673));
#4999=CARTESIAN_POINT('Ctrl Pts',(-0.571572848719256,2.87738238221907,3.49328393241737));
#5000=CARTESIAN_POINT('Ctrl Pts',(-0.581528440190498,2.88045789627521,3.51347039982045));
#5001=CARTESIAN_POINT('Ctrl Pts',(-0.59148403166174,2.88353341033136,3.53365686722352));
#5002=CARTESIAN_POINT('Ctrl Pts',(-0.59663555639728,2.8882112704517,3.55575124665903));
#5003=CARTESIAN_POINT('Ctrl Pts',(-0.59651207720808,2.89406497959726,3.57752390014498));
#5004=CARTESIAN_POINT('Ctrl Pts',(-0.519937142918835,2.44563525741769,2.69679351707579));
#5005=CARTESIAN_POINT('Ctrl Pts',(-0.499016332554749,2.45436791506429,2.7131657508705));
#5006=CARTESIAN_POINT('Ctrl Pts',(-0.458080358756307,2.46713148034268,2.72958291282263));
#5007=CARTESIAN_POINT('Ctrl Pts',(-0.391207189538123,2.47821174408954,2.72560632359539));
#5008=CARTESIAN_POINT('Ctrl Pts',(-0.334612614177606,2.48037826692546,2.69854649597454));
#5009=CARTESIAN_POINT('Ctrl Pts',(-0.275716154944708,2.47053329954702,2.62766034247086));
#5010=CARTESIAN_POINT('Ctrl Pts',(-0.273868393726898,2.44204048203913,2.50592007613503));
#5011=CARTESIAN_POINT('Ctrl Pts',(-0.356413542241001,2.41654041638546,2.43988645121608));
#5012=CARTESIAN_POINT('Ctrl Pts',(-0.432554013179485,2.40121460233885,2.43098141106062));
#5013=CARTESIAN_POINT('Ctrl Pts',(-0.476799571372891,2.39466234932768,2.4403728119095));
#5014=CARTESIAN_POINT('Ctrl Pts',(-0.526338286015711,2.39103957033805,2.47230907861292));
#5015=CARTESIAN_POINT('Ctrl Pts',(-0.562407441411653,2.39275041444691,2.5173300730722));
#5016=CARTESIAN_POINT('Ctrl Pts',(-0.577139167111187,2.40339423229419,2.57861535736844));
#5017=CARTESIAN_POINT('Ctrl Pts',(-0.566699142173887,2.42175291845814,2.64417341839312));
#5018=CARTESIAN_POINT('Ctrl Pts',(-0.540857953282913,2.43690259977108,2.68042128328108));
#5019=CARTESIAN_POINT('Ctrl Pts',(-0.519937142918826,2.44563525741769,2.69679351707578));
#5020=CARTESIAN_POINT('Ctrl Pts',(-0.514306736669861,2.44516403752306,2.68967236174327));
#5021=CARTESIAN_POINT('Ctrl Pts',(-0.494473971291673,2.45331623493198,2.7049373392974));
#5022=CARTESIAN_POINT('Ctrl Pts',(-0.455873106962571,2.46517032430905,2.72004304835393));
#5023=CARTESIAN_POINT('Ctrl Pts',(-0.393406886272602,2.47543462148851,2.71595380030566));
#5024=CARTESIAN_POINT('Ctrl Pts',(-0.340827068310561,2.47749967313027,2.69054986824913));
#5025=CARTESIAN_POINT('Ctrl Pts',(-0.286088100375561,2.46856869449244,2.62450582433757));
#5026=CARTESIAN_POINT('Ctrl Pts',(-0.284081724236591,2.44202507673086,2.51096979900721));
#5027=CARTESIAN_POINT('Ctrl Pts',(-0.360891366860386,2.41781981120125,2.44894965104578));
#5028=CARTESIAN_POINT('Ctrl Pts',(-0.43221695903182,2.4033235121391,2.44017628977298));
#5029=CARTESIAN_POINT('Ctrl Pts',(-0.47386630510028,2.39712731893503,2.44871487749329));
#5030=CARTESIAN_POINT('Ctrl Pts',(-0.520727731838077,2.39372762743207,2.47847696173806));
#5031=CARTESIAN_POINT('Ctrl Pts',(-0.554977348790521,2.39537717159608,2.5207557646447));
#5032=CARTESIAN_POINT('Ctrl Pts',(-0.568927817263924,2.40547138192269,2.57857303379915));
#5033=CARTESIAN_POINT('Ctrl Pts',(-0.558812918087358,2.42279941483801,2.64039543777317));
#5034=CARTESIAN_POINT('Ctrl Pts',(-0.534139502048043,2.43701184011413,2.67440738418913));
#5035=CARTESIAN_POINT('Ctrl Pts',(-0.514306736669853,2.44516403752306,2.68967236174326));
#5036=CARTESIAN_POINT('Ctrl Pts',(-0.505358527926153,2.44670271834915,2.67711817182761));
#5037=CARTESIAN_POINT('Ctrl Pts',(-0.48727609605721,2.45400415121563,2.69037155021902));
#5038=CARTESIAN_POINT('Ctrl Pts',(-0.452540398956817,2.46448199543387,2.70291475180771));
#5039=CARTESIAN_POINT('Ctrl Pts',(-0.397736161391134,2.47347427160864,2.69824008590106));
#5040=CARTESIAN_POINT('Ctrl Pts',(-0.352288112340343,2.47542281796188,2.67559865384017));
#5041=CARTESIAN_POINT('Ctrl Pts',(-0.304850889465691,2.46812238865888,2.61820728967069));
#5042=CARTESIAN_POINT('Ctrl Pts',(-0.302286456955229,2.44492418123221,2.51924131359398));
#5043=CARTESIAN_POINT('Ctrl Pts',(-0.368993920687203,2.42276740785953,2.46400797546687));
#5044=CARTESIAN_POINT('Ctrl Pts',(-0.432082283819327,2.40936416607027,2.45521283759179));
#5045=CARTESIAN_POINT('Ctrl Pts',(-0.469412419401921,2.40353798305542,2.46215178377851));
#5046=CARTESIAN_POINT('Ctrl Pts',(-0.511936909902122,2.40021655936679,2.48816238316598));
#5047=CARTESIAN_POINT('Ctrl Pts',(-0.543325298885589,2.40154874972965,2.52588688704816));
#5048=CARTESIAN_POINT('Ctrl Pts',(-0.556030852588308,2.41071389977805,2.57806647973658));
#5049=CARTESIAN_POINT('Ctrl Pts',(-0.546342059912763,2.42652797110499,2.633729364488));
#5050=CARTESIAN_POINT('Ctrl Pts',(-0.523440959795092,2.43940128548267,2.66386479343619));
#5051=CARTESIAN_POINT('Ctrl Pts',(-0.505358527926148,2.44670271834915,2.6771181718276));
#5052=CARTESIAN_POINT('Ctrl Pts',(-0.496828752041663,2.45782584040485,2.65993027176205));
#5053=CARTESIAN_POINT('Ctrl Pts',(-0.480972072396151,2.46473512543139,2.67076001266483));
#5054=CARTESIAN_POINT('Ctrl Pts',(-0.450928363426018,2.47471854753055,2.68029477220185));
#5055=CARTESIAN_POINT('Ctrl Pts',(-0.404802220894992,2.48361345636849,2.67496202147521));
#5056=CARTESIAN_POINT('Ctrl Pts',(-0.367160125929077,2.48612497025953,2.65545681499702));
#5057=CARTESIAN_POINT('Ctrl Pts',(-0.327657168428761,2.48061456716257,2.60790731060558));
#5058=CARTESIAN_POINT('Ctrl Pts',(-0.324622130425,2.46044573314422,2.52580613237386));
#5059=CARTESIAN_POINT('Ctrl Pts',(-0.380184970812701,2.43974113158217,2.47893238982178));
#5060=CARTESIAN_POINT('Ctrl Pts',(-0.433805137525691,2.42637792021862,2.47073604029591));
#5061=CARTESIAN_POINT('Ctrl Pts',(-0.465996630415561,2.42022969455534,2.47616521011911));
#5062=CARTESIAN_POINT('Ctrl Pts',(-0.503154520134329,2.41609098966446,2.49807367758964));
#5063=CARTESIAN_POINT('Ctrl Pts',(-0.530871507641781,2.41640585373497,2.53048629887071));
#5064=CARTESIAN_POINT('Ctrl Pts',(-0.542035174903822,2.42431684590427,2.57573533327566));
#5065=CARTESIAN_POINT('Ctrl Pts',(-0.533134717923527,2.43882048117666,2.62372477246921));
#5066=CARTESIAN_POINT('Ctrl Pts',(-0.512685431687175,2.45091655537831,2.64910053085927));
#5067=CARTESIAN_POINT('Ctrl Pts',(-0.496828752041661,2.45782584040485,2.65993027176205));
#5068=CARTESIAN_POINT('Ctrl Pts',(-0.496691809452614,2.4735442404291,2.65125266321513));
#5069=CARTESIAN_POINT('Ctrl Pts',(-0.481962723315087,2.48098985384975,2.6615620545008));
#5070=CARTESIAN_POINT('Ctrl Pts',(-0.453714445710874,2.49215872076049,2.67103325993302));
#5071=CARTESIAN_POINT('Ctrl Pts',(-0.409087766398099,2.5027023623122,2.66658662020222));
#5072=CARTESIAN_POINT('Ctrl Pts',(-0.371983359000842,2.50618818448044,2.64803499932383));
#5073=CARTESIAN_POINT('Ctrl Pts',(-0.333174824148731,2.50086187738704,2.6018462198588));
#5074=CARTESIAN_POINT('Ctrl Pts',(-0.331038300850757,2.48032134553377,2.52277270652311));
#5075=CARTESIAN_POINT('Ctrl Pts',(-0.385459340680141,2.45906303122587,2.47907766890209));
#5076=CARTESIAN_POINT('Ctrl Pts',(-0.436858375993412,2.4445830737029,2.47261330015936));
#5077=CARTESIAN_POINT('Ctrl Pts',(-0.467277281468927,2.43764457854928,2.47852687681466));
#5078=CARTESIAN_POINT('Ctrl Pts',(-0.501981892245521,2.43241916408367,2.49982755766951));
#5079=CARTESIAN_POINT('Ctrl Pts',(-0.527646379047392,2.43174964611672,2.53049040301458));
#5080=CARTESIAN_POINT('Ctrl Pts',(-0.538052976575686,2.43900308064899,2.57261993339814));
#5081=CARTESIAN_POINT('Ctrl Pts',(-0.530112434100597,2.4534359480762,2.61718418654974));
#5082=CARTESIAN_POINT('Ctrl Pts',(-0.511420895590139,2.46609862700845,2.64094327192946));
#5083=CARTESIAN_POINT('Ctrl Pts',(-0.496691809452612,2.4735442404291,2.65125266321513));
#5084=CARTESIAN_POINT('Ctrl Pts',(-0.498869241341087,2.48637082282304,2.647170394185));
#5085=CARTESIAN_POINT('Ctrl Pts',(-0.48462719928259,2.49416932427639,2.65770337812843));
#5086=CARTESIAN_POINT('Ctrl Pts',(-0.456764323619335,2.50603439617263,2.66802154786639));
#5087=CARTESIAN_POINT('Ctrl Pts',(-0.411257058321187,2.51746937181968,2.66465441984935));
#5088=CARTESIAN_POINT('Ctrl Pts',(-0.372749586531645,2.52134213780324,2.64622927179694));
#5089=CARTESIAN_POINT('Ctrl Pts',(-0.332681672149432,2.51581744312383,2.59891848631222));
#5090=CARTESIAN_POINT('Ctrl Pts',(-0.331432075709262,2.49462761952531,2.51842434973671));
#5091=CARTESIAN_POINT('Ctrl Pts',(-0.387610703815625,2.47298290847632,2.4754243920589));
#5092=CARTESIAN_POINT('Ctrl Pts',(-0.439434140177905,2.4580580346826,2.47034894342789));
#5093=CARTESIAN_POINT('Ctrl Pts',(-0.469548954369736,2.45085577827679,2.47708421614733));
#5094=CARTESIAN_POINT('Ctrl Pts',(-0.503265014477142,2.44520945376704,2.49885781337985));
#5095=CARTESIAN_POINT('Ctrl Pts',(-0.527810561270091,2.44413576643571,2.5291458743894));
#5096=CARTESIAN_POINT('Ctrl Pts',(-0.537827263954059,2.45107123051123,2.56988894279682));
#5097=CARTESIAN_POINT('Ctrl Pts',(-0.530707604575966,2.46553072386908,2.61306329526999));
#5098=CARTESIAN_POINT('Ctrl Pts',(-0.513111283399582,2.47857232136968,2.63663741024156));
#5099=CARTESIAN_POINT('Ctrl Pts',(-0.498869241341085,2.48637082282304,2.647170394185));
#5100=CARTESIAN_POINT('Ctrl Pts',(-0.519937142918835,2.44563525741769,2.69679351707579));
#5101=CARTESIAN_POINT('Ctrl Pts',(-0.514306736669861,2.44516403752306,2.68967236174327));
#5102=CARTESIAN_POINT('Ctrl Pts',(-0.505358527926153,2.44670271834915,2.67711817182761));
#5103=CARTESIAN_POINT('Ctrl Pts',(-0.496828752041663,2.45782584040485,2.65993027176205));
#5104=CARTESIAN_POINT('Ctrl Pts',(-0.496691809452614,2.4735442404291,2.65125266321513));
#5105=CARTESIAN_POINT('Ctrl Pts',(-0.498869241341087,2.48637082282304,2.647170394185));
#5106=CARTESIAN_POINT('Ctrl Pts',(-0.548313824223675,2.58175208871945,3.2508858282374));
#5107=CARTESIAN_POINT('Ctrl Pts',(-0.536108340414596,2.58931123534017,3.26827527272776));
#5108=CARTESIAN_POINT('Ctrl Pts',(-0.504001756094501,2.60443908168933,3.29692658973949));
#5109=CARTESIAN_POINT('Ctrl Pts',(-0.440399791267698,2.62240871658704,3.31527309118023));
#5110=CARTESIAN_POINT('Ctrl Pts',(-0.373358862639562,2.63113278468101,3.30452439228416));
#5111=CARTESIAN_POINT('Ctrl Pts',(-0.322625305704585,2.62921033850637,3.27008355697207));
#5112=CARTESIAN_POINT('Ctrl Pts',(-0.284194908805324,2.61926548602916,3.214529548772));
#5113=CARTESIAN_POINT('Ctrl Pts',(-0.26915349223997,2.59675918276851,3.12354006283954));
#5114=CARTESIAN_POINT('Ctrl Pts',(-0.328242150975715,2.56766103659357,3.03834064121922));
#5115=CARTESIAN_POINT('Ctrl Pts',(-0.414447591153049,2.54755385198108,3.01447116466525));
#5116=CARTESIAN_POINT('Ctrl Pts',(-0.480862790946656,2.53767344794391,3.02588798844974));
#5117=CARTESIAN_POINT('Ctrl Pts',(-0.537161104620566,2.5353913210003,3.06523564700145));
#5118=CARTESIAN_POINT('Ctrl Pts',(-0.571798358586943,2.54266500557961,3.12534984409813));
#5119=CARTESIAN_POINT('Ctrl Pts',(-0.57685831582708,2.55921489730291,3.19267141001911));
#5120=CARTESIAN_POINT('Ctrl Pts',(-0.560519308032744,2.57419294209873,3.23349638374702));
#5121=CARTESIAN_POINT('Ctrl Pts',(-0.548313824223657,2.58175208871945,3.2508858282374));
#5122=CARTESIAN_POINT('Ctrl Pts',(-0.54120642731891,2.58204528243294,3.24565353606688));
#5123=CARTESIAN_POINT('Ctrl Pts',(-0.529560947902086,2.58913733138816,3.26196258404466));
#5124=CARTESIAN_POINT('Ctrl Pts',(-0.499049950463663,2.6032765191475,3.28869788653051));
#5125=CARTESIAN_POINT('Ctrl Pts',(-0.439245670545216,2.6199294985636,3.30543789877193));
#5126=CARTESIAN_POINT('Ctrl Pts',(-0.376815374619414,2.62799613457367,3.29507758183334));
#5127=CARTESIAN_POINT('Ctrl Pts',(-0.32974773162864,2.62630178055973,3.26293893663587));
#5128=CARTESIAN_POINT('Ctrl Pts',(-0.293996286894504,2.61719810694824,3.2112313134192));
#5129=CARTESIAN_POINT('Ctrl Pts',(-0.279747205155965,2.59632117101066,3.12642089115454));
#5130=CARTESIAN_POINT('Ctrl Pts',(-0.334549613063842,2.56883278703507,3.04653273022058));
#5131=CARTESIAN_POINT('Ctrl Pts',(-0.415245882288928,2.54975945858401,3.02367620097196));
#5132=CARTESIAN_POINT('Ctrl Pts',(-0.477780493547929,2.54039137836963,3.03399349849156));
#5133=CARTESIAN_POINT('Ctrl Pts',(-0.531079700074565,2.53824260404988,3.07075529189531));
#5134=CARTESIAN_POINT('Ctrl Pts',(-0.563934537512403,2.54516571407537,3.12737201908223));
#5135=CARTESIAN_POINT('Ctrl Pts',(-0.568556218319722,2.5608443462786,3.19091924162337));
#5136=CARTESIAN_POINT('Ctrl Pts',(-0.552851906735726,2.57495323347771,3.22934448808907));
#5137=CARTESIAN_POINT('Ctrl Pts',(-0.541206427318895,2.58204528243294,3.24565353606687));
#5138=CARTESIAN_POINT('Ctrl Pts',(-0.529894362345994,2.58470027221848,3.23636616076072));
#5139=CARTESIAN_POINT('Ctrl Pts',(-0.519112026597653,2.59111664189324,3.25078864109396));
#5140=CARTESIAN_POINT('Ctrl Pts',(-0.491119673728736,2.60380791544487,3.27404790871797));
#5141=CARTESIAN_POINT('Ctrl Pts',(-0.437708533502231,2.61842637276157,3.28751578486847));
#5142=CARTESIAN_POINT('Ctrl Pts',(-0.383408967444495,2.62544347314571,3.27747790745951));
#5143=CARTESIAN_POINT('Ctrl Pts',(-0.34287446480721,2.62418448495565,3.2493779480712));
#5144=CARTESIAN_POINT('Ctrl Pts',(-0.311783916652504,2.61656491881999,3.20458201140972));
#5145=CARTESIAN_POINT('Ctrl Pts',(-0.298654691443907,2.59846979763002,3.13079556913888));
#5146=CARTESIAN_POINT('Ctrl Pts',(-0.345748792617885,2.57357091025136,3.0600081096175));
#5147=CARTESIAN_POINT('Ctrl Pts',(-0.416992736455239,2.55591191934856,3.03861913559116));
#5148=CARTESIAN_POINT('Ctrl Pts',(-0.473079163560167,2.54707551720301,3.04688988401447));
#5149=CARTESIAN_POINT('Ctrl Pts',(-0.52156458332802,2.54484779825938,3.0792684275586));
#5150=CARTESIAN_POINT('Ctrl Pts',(-0.551604692177808,2.55105880513934,3.13017684126651));
#5151=CARTESIAN_POINT('Ctrl Pts',(-0.55546666205144,2.56541723423369,3.18757442791343));
#5152=CARTESIAN_POINT('Ctrl Pts',(-0.54067669809433,2.57828390254372,3.22194368042747));
#5153=CARTESIAN_POINT('Ctrl Pts',(-0.529894362345983,2.58470027221848,3.23636616076072));
#5154=CARTESIAN_POINT('Ctrl Pts',(-0.518353880552288,2.59642067437831,3.22293908406764));
#5155=CARTESIAN_POINT('Ctrl Pts',(-0.50875464920348,2.6024566522268,3.23504507916736));
#5156=CARTESIAN_POINT('Ctrl Pts',(-0.484056967026328,2.61446091767357,3.25409803095996));
#5157=CARTESIAN_POINT('Ctrl Pts',(-0.438243760510769,2.62843982445404,3.26373849154985));
#5158=CARTESIAN_POINT('Ctrl Pts',(-0.392987701783969,2.63551737974913,3.25405306545095));
#5159=CARTESIAN_POINT('Ctrl Pts',(-0.359527866144847,2.63507941730737,3.23049643453983));
#5160=CARTESIAN_POINT('Ctrl Pts',(-0.33350981997393,2.62889263027819,3.19355111151309));
#5161=CARTESIAN_POINT('Ctrl Pts',(-0.32171443424404,2.61310979848404,3.13250676562374));
#5162=CARTESIAN_POINT('Ctrl Pts',(-0.360402337455745,2.5901569722435,3.07272474590206));
#5163=CARTESIAN_POINT('Ctrl Pts',(-0.420834138626533,2.57285855369097,3.0537779915275));
#5164=CARTESIAN_POINT('Ctrl Pts',(-0.469243811886452,2.56360364421514,3.06019744626082));
#5165=CARTESIAN_POINT('Ctrl Pts',(-0.511738884826208,2.56040934484527,3.08770844929589));
#5166=CARTESIAN_POINT('Ctrl Pts',(-0.538225259950764,2.56533805178108,3.13176692384839));
#5167=CARTESIAN_POINT('Ctrl Pts',(-0.541336088729939,2.57835574432754,3.18150605553089));
#5168=CARTESIAN_POINT('Ctrl Pts',(-0.527953111901097,2.59038469652983,3.2108330889679));
#5169=CARTESIAN_POINT('Ctrl Pts',(-0.518353880552283,2.59642067437832,3.22293908406764));
#5170=CARTESIAN_POINT('Ctrl Pts',(-0.516651316526804,2.61154607838065,3.21508318303472));
#5171=CARTESIAN_POINT('Ctrl Pts',(-0.50785993903624,2.61788236260299,3.22644631495141));
#5172=CARTESIAN_POINT('Ctrl Pts',(-0.485072372491889,2.6307865442737,3.24455378473078));
#5173=CARTESIAN_POINT('Ctrl Pts',(-0.441656261789564,2.64666179642663,3.2544548395266));
#5174=CARTESIAN_POINT('Ctrl Pts',(-0.397416313739029,2.65533279314641,3.24576160109962));
#5175=CARTESIAN_POINT('Ctrl Pts',(-0.364279312224182,2.65542483121517,3.22295302265108));
#5176=CARTESIAN_POINT('Ctrl Pts',(-0.338831792028789,2.64914263494749,3.18697562892365));
#5177=CARTESIAN_POINT('Ctrl Pts',(-0.3280470114569,2.63275359390128,3.12803648722075));
#5178=CARTESIAN_POINT('Ctrl Pts',(-0.366416161565941,2.60919775286211,3.07180361672685));
#5179=CARTESIAN_POINT('Ctrl Pts',(-0.424451037865174,2.59083839802873,3.05530289035233));
#5180=CARTESIAN_POINT('Ctrl Pts',(-0.470171620843697,2.58053082660308,3.06246017884236));
#5181=CARTESIAN_POINT('Ctrl Pts',(-0.509779592791043,2.57620705981815,3.08895634162159));
#5182=CARTESIAN_POINT('Ctrl Pts',(-0.534375646805999,2.58021860175006,3.13024163788486));
#5183=CARTESIAN_POINT('Ctrl Pts',(-0.537530265380839,2.59287156273009,3.17641641499683));
#5184=CARTESIAN_POINT('Ctrl Pts',(-0.525442694017371,2.60520979415831,3.20372005111802));
#5185=CARTESIAN_POINT('Ctrl Pts',(-0.516651316526801,2.61154607838066,3.21508318303472));
#5186=CARTESIAN_POINT('Ctrl Pts',(-0.518118382781419,2.62395701215021,3.2106937875653));
#5187=CARTESIAN_POINT('Ctrl Pts',(-0.509810827695948,2.63050179726908,3.2220034401326));
#5188=CARTESIAN_POINT('Ctrl Pts',(-0.487960285671024,2.6439830359987,3.2404741966435));
#5189=CARTESIAN_POINT('Ctrl Pts',(-0.44468312567718,2.66097468951332,3.25179322252588));
#5190=CARTESIAN_POINT('Ctrl Pts',(-0.399072360360163,2.67045016276721,3.24397847390882));
#5191=CARTESIAN_POINT('Ctrl Pts',(-0.364559694721326,2.67065923186102,3.22077589758003));
#5192=CARTESIAN_POINT('Ctrl Pts',(-0.338418430140798,2.66408928461704,3.18377302087785));
#5193=CARTESIAN_POINT('Ctrl Pts',(-0.3281895453619,2.64705249682564,3.12355620998117));
#5194=CARTESIAN_POINT('Ctrl Pts',(-0.368390939945875,2.62299882214099,3.06767939505187));
#5195=CARTESIAN_POINT('Ctrl Pts',(-0.427045865170862,2.60419204189075,3.05276053632474));
#5196=CARTESIAN_POINT('Ctrl Pts',(-0.472237792398005,2.59350591328521,3.06109274320029));
#5197=CARTESIAN_POINT('Ctrl Pts',(-0.510546443239281,2.58874629677963,3.08786244179578));
#5198=CARTESIAN_POINT('Ctrl Pts',(-0.534113107288885,2.59233669856651,3.12810524443208));
#5199=CARTESIAN_POINT('Ctrl Pts',(-0.5375494694141,2.60484116208406,3.17266350392617));
#5200=CARTESIAN_POINT('Ctrl Pts',(-0.526425937866893,2.61741222703133,3.199384134998));
#5201=CARTESIAN_POINT('Ctrl Pts',(-0.518118382781416,2.62395701215021,3.21069378756531));
#5202=CARTESIAN_POINT('',(-0.518118382781419,2.62395701215021,3.2106937875653));
#5203=CARTESIAN_POINT('Ctrl Pts',(-0.548313824223628,2.58175208871945,3.25088582823737));
#5204=CARTESIAN_POINT('Ctrl Pts',(-0.541206427318885,2.58204528243294,3.24565353606686));
#5205=CARTESIAN_POINT('Ctrl Pts',(-0.535550394832442,2.58337277732571,3.24100984841379));
#5206=CARTESIAN_POINT('Ctrl Pts',(-0.531073738332979,2.58571086793778,3.23676985077396));
#5207=CARTESIAN_POINT('Ctrl Pts',(-0.526597081833506,2.58804895854986,3.23252985313413));
#5208=CARTESIAN_POINT('Ctrl Pts',(-0.523299801321019,2.59139764488124,3.22869354550753));
#5209=CARTESIAN_POINT('Ctrl Pts',(-0.521049022769449,2.59582692132045,3.22513481676631));
#5210=CARTESIAN_POINT('Ctrl Pts',(-0.517672854942095,2.60247083597925,3.21979672365447));
#5211=CARTESIAN_POINT('Ctrl Pts',(-0.516651316526804,2.61154607838065,3.21508318303472));
#5212=CARTESIAN_POINT('Ctrl Pts',(-0.518118382781419,2.6239570121502,3.2106937875653));
#5213=CARTESIAN_POINT('',(-0.535286263808896,2.60109984694321,3.15780369960971));
#5214=CARTESIAN_POINT('Ctrl Pts',(-0.518118382781419,2.62395701215021,3.2106937875653));
#5215=CARTESIAN_POINT('Ctrl Pts',(-0.509810827695948,2.63050179726908,3.2220034401326));
#5216=CARTESIAN_POINT('Ctrl Pts',(-0.487960285671024,2.6439830359987,3.2404741966435));
#5217=CARTESIAN_POINT('Ctrl Pts',(-0.44468312567718,2.66097468951332,3.25179322252588));
#5218=CARTESIAN_POINT('Ctrl Pts',(-0.399072360360163,2.67045016276721,3.24397847390882));
#5219=CARTESIAN_POINT('Ctrl Pts',(-0.364559694721326,2.67065923186102,3.22077589758003));
#5220=CARTESIAN_POINT('Ctrl Pts',(-0.338418430140798,2.66408928461704,3.18377302087785));
#5221=CARTESIAN_POINT('Ctrl Pts',(-0.3281895453619,2.64705249682564,3.12355620998117));
#5222=CARTESIAN_POINT('Ctrl Pts',(-0.368390939945875,2.62299882214099,3.06767939505187));
#5223=CARTESIAN_POINT('Ctrl Pts',(-0.427045865170862,2.60419204189075,3.05276053632474));
#5224=CARTESIAN_POINT('Ctrl Pts',(-0.472237792398005,2.59350591328521,3.06109274320029));
#5225=CARTESIAN_POINT('Ctrl Pts',(-0.510546443239281,2.58874629677963,3.08786244179578));
#5226=CARTESIAN_POINT('Ctrl Pts',(-0.531528573821548,2.59194294264247,3.12369185482318));
#5227=CARTESIAN_POINT('Ctrl Pts',(-0.535287120555641,2.59809112063638,3.148115282439));
#5228=CARTESIAN_POINT('Ctrl Pts',(-0.535286263808896,2.60109984694321,3.15780369960971));
#5229=CARTESIAN_POINT('Ctrl Pts',(-0.535286263808896,2.60109984694321,3.15780369960971));
#5230=CARTESIAN_POINT('Ctrl Pts',(-0.535285843721299,2.60257511207982,3.16255420950101));
#5231=CARTESIAN_POINT('Ctrl Pts',(-0.533817564211655,2.60905870958486,3.18162818044876));
#5232=CARTESIAN_POINT('Ctrl Pts',(-0.526425937866893,2.61741222703133,3.199384134998));
#5233=CARTESIAN_POINT('Ctrl Pts',(-0.518118382781416,2.62395701215021,3.21069378756531));
#5234=CARTESIAN_POINT('Origin',(-0.435303621665144,3.12635181679121,3.06519234481126));
#5235=CARTESIAN_POINT('',(-0.530312151588732,2.73765070724073,3.16541115942123));
#5236=CARTESIAN_POINT('',(-0.535304465587301,2.72678994214171,3.1356843343973));
#5237=CARTESIAN_POINT('Ctrl Pts',(-0.530312151588732,2.73765070724073,3.16541115942123));
#5238=CARTESIAN_POINT('Ctrl Pts',(-0.533599646245156,2.73359450063402,3.15596072804462));
#5239=CARTESIAN_POINT('Ctrl Pts',(-0.535296339589261,2.7299055541037,3.14589765273805));
#5240=CARTESIAN_POINT('Ctrl Pts',(-0.535304465587301,2.72678994214171,3.1356843343973));
#5241=CARTESIAN_POINT('Ctrl Pts',(-0.535304465587301,2.72678994214171,3.1356843343973));
#5242=CARTESIAN_POINT('Ctrl Pts',(-0.535307814616746,2.72550588126115,3.13147504174403));
#5243=CARTESIAN_POINT('Ctrl Pts',(-0.53405308519429,2.72025321053222,3.11273017750487));
#5244=CARTESIAN_POINT('Ctrl Pts',(-0.52161971483323,2.71482101598146,3.07971337286845));
#5245=CARTESIAN_POINT('Ctrl Pts',(-0.487949140011751,2.71628358709931,3.04726914892843));
#5246=CARTESIAN_POINT('Ctrl Pts',(-0.429636451342499,2.72739156489622,3.02586443749652));
#5247=CARTESIAN_POINT('Ctrl Pts',(-0.352558397534209,2.75176987337937,3.05088935645544));
#5248=CARTESIAN_POINT('Ctrl Pts',(-0.327004631536306,2.77812343629292,3.12612438808257));
#5249=CARTESIAN_POINT('Ctrl Pts',(-0.349310831334855,2.79169774035864,3.18243526673026));
#5250=CARTESIAN_POINT('Ctrl Pts',(-0.383032226234882,2.79483606551099,3.21437703913062));
#5251=CARTESIAN_POINT('Ctrl Pts',(-0.427173061239729,2.78911822091975,3.22925688073663));
#5252=CARTESIAN_POINT('Ctrl Pts',(-0.487467732955025,2.77059177101822,3.2237329675099));
#5253=CARTESIAN_POINT('Ctrl Pts',(-0.521027361867579,2.74910655108074,3.19210177865451));
#5254=CARTESIAN_POINT('Ctrl Pts',(-0.530312151588733,2.73765070724073,3.16541115942123));
#5255=CARTESIAN_POINT('',(-0.535303621665144,3.12635181679121,3.06519234481126));
#5256=CARTESIAN_POINT('Ctrl Pts',(0.376890235855259,2.68468056628066,2.60603779115227));
#5257=CARTESIAN_POINT('Ctrl Pts',(0.359699569703728,2.68007422435728,2.5769315149783));
#5258=CARTESIAN_POINT('Ctrl Pts',(0.351367221144652,2.670068354852,2.53130455619262));
#5259=CARTESIAN_POINT('Ctrl Pts',(0.375573320939554,2.64618078410712,2.44637475245434));
#5260=CARTESIAN_POINT('Ctrl Pts',(0.460281143157833,2.61713216617042,2.37627256346957));
#5261=CARTESIAN_POINT('Ctrl Pts',(0.583557266363962,2.59599953577562,2.39919144090582));
#5262=CARTESIAN_POINT('Ctrl Pts',(0.6472431379389,2.59609901413975,2.46870598178442));
#5263=CARTESIAN_POINT('Ctrl Pts',(0.67477223072729,2.60989913909949,2.55685053852052));
#5264=CARTESIAN_POINT('Ctrl Pts',(0.634226865965551,2.64382871579744,2.64891770359465));
#5265=CARTESIAN_POINT('Ctrl Pts',(0.549702611110462,2.67277988247165,2.68469345681522));
#5266=CARTESIAN_POINT('Ctrl Pts',(0.480880839264939,2.68648297530342,2.68368332967501));
#5267=CARTESIAN_POINT('Ctrl Pts',(0.420479460570055,2.69126261069312,2.65941571096096));
#5268=CARTESIAN_POINT('Ctrl Pts',(0.3883506799563,2.68775146089625,2.62544197526826));
#5269=CARTESIAN_POINT('Ctrl Pts',(0.376890235855279,2.68468056628066,2.60603779115228));
#5270=CARTESIAN_POINT('Ctrl Pts',(0.384373538958722,2.68258826825148,2.60204289628334));
#5271=CARTESIAN_POINT('Ctrl Pts',(0.368199662796005,2.67830583239969,2.57463611040366));
#5272=CARTESIAN_POINT('Ctrl Pts',(0.360451338182941,2.66890409855859,2.53167612090825));
#5273=CARTESIAN_POINT('Ctrl Pts',(0.383440406419099,2.64633857939,2.4518932609128));
#5274=CARTESIAN_POINT('Ctrl Pts',(0.46351463859581,2.61873863783576,2.38638903502583));
#5275=CARTESIAN_POINT('Ctrl Pts',(0.579099060020087,2.59921686691635,2.40877882439471));
#5276=CARTESIAN_POINT('Ctrl Pts',(0.638054991088716,2.59969668785822,2.47368363549804));
#5277=CARTESIAN_POINT('Ctrl Pts',(0.663511217564427,2.61258283117371,2.55513074658695));
#5278=CARTESIAN_POINT('Ctrl Pts',(0.626429293718862,2.64379767266749,2.64097477203927));
#5279=CARTESIAN_POINT('Ctrl Pts',(0.547267409601088,2.67097475752014,2.67548103855109));
#5280=CARTESIAN_POINT('Ctrl Pts',(0.482433394611111,2.68397729311512,2.67491920408461));
#5281=CARTESIAN_POINT('Ctrl Pts',(0.425442222308594,2.68864597444658,2.6523094689322));
#5282=CARTESIAN_POINT('Ctrl Pts',(0.395156123067219,2.685443225486,2.62031408686981));
#5283=CARTESIAN_POINT('Ctrl Pts',(0.38437353895874,2.68258826825147,2.60204289628335));
#5284=CARTESIAN_POINT('Ctrl Pts',(0.396458244794832,2.6769574977438,2.59595199242578));
#5285=CARTESIAN_POINT('Ctrl Pts',(0.381992681630291,2.67319874260845,2.57136169382122));
#5286=CARTESIAN_POINT('Ctrl Pts',(0.375280030038891,2.66473692278983,2.53282080185772));
#5287=CARTESIAN_POINT('Ctrl Pts',(0.396315313415139,2.64424406775766,2.46171254714678));
#5288=CARTESIAN_POINT('Ctrl Pts',(0.468762770458859,2.61886833032379,2.40420641331438));
#5289=CARTESIAN_POINT('Ctrl Pts',(0.57062546089665,2.60187830318641,2.4266197698948));
#5290=CARTESIAN_POINT('Ctrl Pts',(0.620401356531741,2.6030079708551,2.4836413650591));
#5291=CARTESIAN_POINT('Ctrl Pts',(0.641860407442841,2.61418109151377,2.55270933908933));
#5292=CARTESIAN_POINT('Ctrl Pts',(0.612037199511669,2.64065826512982,2.62746084399156));
#5293=CARTESIAN_POINT('Ctrl Pts',(0.542610422615917,2.66535391373587,2.66040188490217));
#5294=CARTESIAN_POINT('Ctrl Pts',(0.484623419947038,2.67748132726178,2.66078657534312));
#5295=CARTESIAN_POINT('Ctrl Pts',(0.433329258409885,2.68214578859227,2.64107165416082));
#5296=CARTESIAN_POINT('Ctrl Pts',(0.406101953571208,2.67946333450069,2.61234552482883));
#5297=CARTESIAN_POINT('Ctrl Pts',(0.396458244794845,2.67695749774379,2.59595199242578));
#5298=CARTESIAN_POINT('Ctrl Pts',(0.409755937731957,2.66170885702865,2.59069854766924));
#5299=CARTESIAN_POINT('Ctrl Pts',(0.397390147052753,2.6585334719182,2.56950692320991));
#5300=CARTESIAN_POINT('Ctrl Pts',(0.391854456642173,2.65100366192419,2.53633398881178));
#5301=CARTESIAN_POINT('Ctrl Pts',(0.410232584974388,2.63236009164287,2.47566125381204));
#5302=CARTESIAN_POINT('Ctrl Pts',(0.47287116801277,2.60868650476414,2.42758571522325));
#5303=CARTESIAN_POINT('Ctrl Pts',(0.557862229888131,2.59190344891997,2.44980294940723));
#5304=CARTESIAN_POINT('Ctrl Pts',(0.596954651637498,2.59180955869248,2.49816221258927));
#5305=CARTESIAN_POINT('Ctrl Pts',(0.613840979142609,2.60071490252,2.55382750017841));
#5306=CARTESIAN_POINT('Ctrl Pts',(0.592313303553887,2.62451438997708,2.61544000256775));
#5307=CARTESIAN_POINT('Ctrl Pts',(0.534844289836907,2.64850917232522,2.64525896030344));
#5308=CARTESIAN_POINT('Ctrl Pts',(0.485476807722327,2.66066843282175,2.6462003220974));
#5309=CARTESIAN_POINT('Ctrl Pts',(0.44140274959363,2.66584386464429,2.62962640991395));
#5310=CARTESIAN_POINT('Ctrl Pts',(0.417999798184766,2.66382578043561,2.6048262973088));
#5311=CARTESIAN_POINT('Ctrl Pts',(0.409755937731962,2.66170885702864,2.59069854766924));
#5312=CARTESIAN_POINT('Ctrl Pts',(0.413263637230029,2.64524769956845,2.59130353737561));
#5313=CARTESIAN_POINT('Ctrl Pts',(0.401734014115376,2.6422494297794,2.57142529862151));
#5314=CARTESIAN_POINT('Ctrl Pts',(0.396401425674179,2.63488385606182,2.54038177370343));
#5315=CARTESIAN_POINT('Ctrl Pts',(0.413153720293072,2.61624513609662,2.48333908599933));
#5316=CARTESIAN_POINT('Ctrl Pts',(0.470830141380513,2.59212610214333,2.43770533221499));
#5317=CARTESIAN_POINT('Ctrl Pts',(0.551163028319362,2.57207059998219,2.45710744115372));
#5318=CARTESIAN_POINT('Ctrl Pts',(0.590286336854624,2.56937678736158,2.50372121587066));
#5319=CARTESIAN_POINT('Ctrl Pts',(0.607230929755208,2.57783374465131,2.55964294079041));
#5320=CARTESIAN_POINT('Ctrl Pts',(0.584037625453449,2.60442281092403,2.61877256863526));
#5321=CARTESIAN_POINT('Ctrl Pts',(0.52945783967352,2.63010667210021,2.64426531439842));
#5322=CARTESIAN_POINT('Ctrl Pts',(0.483481896733215,2.64318882480399,2.64408582652159));
#5323=CARTESIAN_POINT('Ctrl Pts',(0.442664090911041,2.64896055003194,2.62784417923532));
#5324=CARTESIAN_POINT('Ctrl Pts',(0.4209500526398,2.64724654609447,2.604555696545));
#5325=CARTESIAN_POINT('Ctrl Pts',(0.41326363723003,2.64524769956843,2.59130353737561));
#5326=CARTESIAN_POINT('Ctrl Pts',(0.413174244501193,2.6323152233339,2.59342502047044));
#5327=CARTESIAN_POINT('Ctrl Pts',(0.401930258902411,2.62935846772208,2.57396449143873));
#5328=CARTESIAN_POINT('Ctrl Pts',(0.396478612910342,2.62201697338609,2.54360069945937));
#5329=CARTESIAN_POINT('Ctrl Pts',(0.412303843314639,2.60323808243751,2.48734425852838));
#5330=CARTESIAN_POINT('Ctrl Pts',(0.467692644790538,2.578670922749,2.44137751151918));
#5331=CARTESIAN_POINT('Ctrl Pts',(0.548289612465848,2.55694335709032,2.45803626934865));
#5332=CARTESIAN_POINT('Ctrl Pts',(0.589928258800616,2.55341284517565,2.50513045251807));
#5333=CARTESIAN_POINT('Ctrl Pts',(0.607934537256393,2.56221992782157,2.56409654396123));
#5334=CARTESIAN_POINT('Ctrl Pts',(0.581443553577939,2.59037900938999,2.6246219395856));
#5335=CARTESIAN_POINT('Ctrl Pts',(0.526185228199587,2.61664338303526,2.64729875020271));
#5336=CARTESIAN_POINT('Ctrl Pts',(0.481183901623962,2.63001250959442,2.64588845026964));
#5337=CARTESIAN_POINT('Ctrl Pts',(0.441683739481245,2.63592465287131,2.62920967877936));
#5338=CARTESIAN_POINT('Ctrl Pts',(0.420670234900379,2.63428639374178,2.60639870649158));
#5339=CARTESIAN_POINT('Ctrl Pts',(0.41317424450119,2.63231522333389,2.59342502047044));
#5340=CARTESIAN_POINT('',(0.376890235855279,2.68468056628066,2.60603779115228));
#5341=CARTESIAN_POINT('Ctrl Pts',(0.376890235855259,2.68468056628066,2.60603779115227));
#5342=CARTESIAN_POINT('Ctrl Pts',(0.384373538958722,2.68258826825148,2.60204289628334));
#5343=CARTESIAN_POINT('Ctrl Pts',(0.396458244794832,2.6769574977438,2.59595199242578));
#5344=CARTESIAN_POINT('Ctrl Pts',(0.409755937731957,2.66170885702865,2.59069854766924));
#5345=CARTESIAN_POINT('Ctrl Pts',(0.413263637230029,2.64524769956845,2.59130353737561));
#5346=CARTESIAN_POINT('Ctrl Pts',(0.413174244501193,2.6323152233339,2.59342502047044));
#5347=CARTESIAN_POINT('Ctrl Pts',(0.376890235855306,2.68468056628066,2.6060377911523));
#5348=CARTESIAN_POINT('Ctrl Pts',(0.388350679956325,2.68775146089624,2.62544197526827));
#5349=CARTESIAN_POINT('Ctrl Pts',(0.404415070263196,2.68950703579468,2.6424288431146));
#5350=CARTESIAN_POINT('Ctrl Pts',(0.42342933427024,2.68951579862759,2.65533457134942));
#5351=CARTESIAN_POINT('Ctrl Pts',(0.442443598277293,2.6895245614605,2.66824029958423));
#5352=CARTESIAN_POINT('Ctrl Pts',(0.464407735984521,2.68778651222788,2.67706488820752));
#5353=CARTESIAN_POINT('Ctrl Pts',(0.486929846782002,2.68443152106499,2.68103925992993));
#5354=CARTESIAN_POINT('Ctrl Pts',(0.503821429880114,2.68191527769283,2.68402003872173));
#5355=CARTESIAN_POINT('Ctrl Pts',(0.521026872841492,2.67848950448488,2.68427257050678));
#5356=CARTESIAN_POINT('Ctrl Pts',(0.537723386361851,2.67431276732314,2.68191492022411));
#5357=CARTESIAN_POINT('Ctrl Pts',(0.565550908895784,2.66735153872023,2.67798550308634));
#5358=CARTESIAN_POINT('Ctrl Pts',(0.591964738537995,2.65830429913454,2.66680558020491));
#5359=CARTESIAN_POINT('Ctrl Pts',(0.612805982657379,2.64889857967254,2.64951078998443));
#5360=CARTESIAN_POINT('Ctrl Pts',(0.646151973248394,2.63384942853334,2.62183912563166));
#5361=CARTESIAN_POINT('Ctrl Pts',(0.665232144900972,2.61788256891078,2.5785134008909));
#5362=CARTESIAN_POINT('Ctrl Pts',(0.662415837855702,2.60796024071668,2.53468997373195));
#5363=CARTESIAN_POINT('Ctrl Pts',(0.661007684333067,2.60299907661963,2.51277826015248));
#5364=CARTESIAN_POINT('Ctrl Pts',(0.654125411135971,2.59954904537969,2.49074212096846));
#5365=CARTESIAN_POINT('Ctrl Pts',(0.642723540590557,2.59781159496421,2.47103473376662));
#5366=CARTESIAN_POINT('Ctrl Pts',(0.631321670045143,2.59607414454872,2.45132734656479));
#5367=CARTESIAN_POINT('Ctrl Pts',(0.615400202151411,2.59604927495769,2.43394871134514));
#5368=CARTESIAN_POINT('Ctrl Pts',(0.596567482008516,2.59744153725666,2.42083502936963));
#5369=CARTESIAN_POINT('Ctrl Pts',(0.558902041722727,2.60022606185459,2.3946076654186));
#5370=CARTESIAN_POINT('Ctrl Pts',(0.509591592440285,2.60867911401251,2.3854401144441));
#5371=CARTESIAN_POINT('Ctrl Pts',(0.466112407306117,2.61936088852184,2.39643460317569));
#5372=CARTESIAN_POINT('Ctrl Pts',(0.422633222171949,2.63004266303118,2.40742909190727));
#5373=CARTESIAN_POINT('Ctrl Pts',(0.384985301186055,2.64295315989193,2.43858562034494));
#5374=CARTESIAN_POINT('Ctrl Pts',(0.367773277070918,2.65509028756203,2.47878884752778));
#5375=CARTESIAN_POINT('Ctrl Pts',(0.363470271042134,2.65812456947955,2.48883965432349));
#5376=CARTESIAN_POINT('Ctrl Pts',(0.360444508567772,2.66111051582266,2.49945587979077));
#5377=CARTESIAN_POINT('Ctrl Pts',(0.358695958496943,2.66397534242408,2.51026973381534));
#5378=CARTESIAN_POINT('Ctrl Pts',(0.353450308284455,2.67256982222831,2.54271129588904));
#5379=CARTESIAN_POINT('Ctrl Pts',(0.359699569703761,2.68007422435727,2.5769315149783));
#5380=CARTESIAN_POINT('Ctrl Pts',(0.376890235855288,2.68468056628065,2.60603779115226));
#5381=CARTESIAN_POINT('Ctrl Pts',(0.799041063839163,2.10150362823987,0.267221344343806));
#5382=CARTESIAN_POINT('Ctrl Pts',(0.81507092624409,2.11672734324066,0.277470413071573));
#5383=CARTESIAN_POINT('Ctrl Pts',(0.829198781778862,2.13087362960748,0.287257496643754));
#5384=CARTESIAN_POINT('Ctrl Pts',(0.857184403964752,2.16209388586615,0.311590704334157));
#5385=CARTESIAN_POINT('Ctrl Pts',(0.871042170615869,2.17916785575801,0.326136828452379));
#5386=CARTESIAN_POINT('Ctrl Pts',(0.912210337243739,2.23478129072116,0.376913761626105));
#5387=CARTESIAN_POINT('Ctrl Pts',(0.976827852397959,2.34771438930413,0.497954353473319));
#5388=CARTESIAN_POINT('Ctrl Pts',(0.976827852397959,2.52015240931867,0.858893293520469));
#5389=CARTESIAN_POINT('Ctrl Pts',(0.976827852397959,2.30126220707427,1.25000003989287));
#5390=CARTESIAN_POINT('Ctrl Pts',(0.976827852397959,2.30126220707427,1.87500005983931));
#5391=CARTESIAN_POINT('Ctrl Pts',(1.08923074305296,2.79884274685806,3.86827985576098));
#5392=CARTESIAN_POINT('Ctrl Pts',(1.14543218838046,3.04763301674995,4.86491975372181));
#5393=CARTESIAN_POINT('Ctrl Pts',(0.753614423666141,2.10874435479017,0.263519045396233));
#5394=CARTESIAN_POINT('Ctrl Pts',(0.762359120749749,2.12994190433832,0.275445252869646));
#5395=CARTESIAN_POINT('Ctrl Pts',(0.776477190161649,2.14625784237006,0.286021883519826));
#5396=CARTESIAN_POINT('Ctrl Pts',(0.798308005143694,2.1846501389631,0.312913433184865));
#5397=CARTESIAN_POINT('Ctrl Pts',(0.809993093464772,2.20413827778588,0.328529737114562));
#5398=CARTESIAN_POINT('Ctrl Pts',(0.844117135805977,2.263293592475,0.379631046110484));
#5399=CARTESIAN_POINT('Ctrl Pts',(0.901690526673532,2.38086648334568,0.501059498080684));
#5400=CARTESIAN_POINT('Ctrl Pts',(0.901690526673532,2.55760102388804,0.861941453839618));
#5401=CARTESIAN_POINT('Ctrl Pts',(0.901690526673533,2.33315610960162,1.25000003989287));
#5402=CARTESIAN_POINT('Ctrl Pts',(0.901690526673533,2.33315610960162,1.87500005983931));
#5403=CARTESIAN_POINT('Ctrl Pts',(1.00544741835668,2.83687693405544,3.86325138055304));
#5404=CARTESIAN_POINT('Ctrl Pts',(1.05732586419825,3.08873734628234,4.85737704090991));
#5405=CARTESIAN_POINT('Ctrl Pts',(0.710015900925104,2.11532831083208,0.260133825236601));
#5406=CARTESIAN_POINT('Ctrl Pts',(0.715529990513905,2.13817474621228,0.27202488590712));
#5407=CARTESIAN_POINT('Ctrl Pts',(0.721212763504084,2.16012209164409,0.284744122855004));
#5408=CARTESIAN_POINT('Ctrl Pts',(0.736685317846642,2.20364343503832,0.313417237630227));
#5409=CARTESIAN_POINT('Ctrl Pts',(0.746191115442247,2.22498894766831,0.329299478317282));
#5410=CARTESIAN_POINT('Ctrl Pts',(0.773731157696696,2.28801157939611,0.381441236349477));
#5411=CARTESIAN_POINT('Ctrl Pts',(0.824901840076126,2.41000121820303,0.503704896297987));
#5412=CARTESIAN_POINT('Ctrl Pts',(0.824901840076127,2.59049070484083,0.864547655128115));
#5413=CARTESIAN_POINT('Ctrl Pts',(0.824901840076127,2.36115964970954,1.25000003989287));
#5414=CARTESIAN_POINT('Ctrl Pts',(0.824901840076127,2.36115964970954,1.87500005983931));
#5415=CARTESIAN_POINT('Ctrl Pts',(0.919822711858776,2.87027177765416,3.85883626995169));
#5416=CARTESIAN_POINT('Ctrl Pts',(0.967283147750101,3.12482784162646,4.85075437500788));
#5417=CARTESIAN_POINT('Ctrl Pts',(0.605515519990999,2.12808845347757,0.253597820911292));
#5418=CARTESIAN_POINT('Ctrl Pts',(0.601374412947039,2.15702940225183,0.266795905608026));
#5419=CARTESIAN_POINT('Ctrl Pts',(0.60062628284463,2.18387310361035,0.281120854135338));
#5420=CARTESIAN_POINT('Ctrl Pts',(0.60631287847143,2.23541381257959,0.312482172861329));
#5421=CARTESIAN_POINT('Ctrl Pts',(0.611851071714433,2.25978216409293,0.329350263710379));
#5422=CARTESIAN_POINT('Ctrl Pts',(0.629480399576046,2.33019010877164,0.383809619874159));
#5423=CARTESIAN_POINT('Ctrl Pts',(0.66879804782969,2.46021755868387,0.508148666668246));
#5424=CARTESIAN_POINT('Ctrl Pts',(0.668777585000081,2.64713547966015,0.868975144009478));
#5425=CARTESIAN_POINT('Ctrl Pts',(0.668807742328598,2.40937894816148,1.25004442258678));
#5426=CARTESIAN_POINT('Ctrl Pts',(0.668830388647748,2.40937894816148,1.87500005983931));
#5427=CARTESIAN_POINT('Ctrl Pts',(0.745792228809619,2.92777436211444,3.8512338905752));
#5428=CARTESIAN_POINT('Ctrl Pts',(0.784273148890555,3.18697206909092,4.83935080594315));
#5429=CARTESIAN_POINT('Ctrl Pts',(0.54461366179793,2.13426464008116,0.250447036745615));
#5430=CARTESIAN_POINT('Ctrl Pts',(0.537188165911629,2.16496238153149,0.264109238375891));
#5431=CARTESIAN_POINT('Ctrl Pts',(0.535548969467278,2.19373453852234,0.278896286893172));
#5432=CARTESIAN_POINT('Ctrl Pts',(0.538372903585571,2.2481879857536,0.311318779474521));
#5433=CARTESIAN_POINT('Ctrl Pts',(0.542122032240352,2.27387474459135,0.328734872914245));
#5434=CARTESIAN_POINT('Ctrl Pts',(0.555615619564677,2.34765065122606,0.384367813159849));
#5435=CARTESIAN_POINT('Ctrl Pts',(0.589482942180659,2.48129916430736,0.509947038821202));
#5436=CARTESIAN_POINT('Ctrl Pts',(0.589442016521441,2.67089057352669,0.870796431602342));
#5437=CARTESIAN_POINT('Ctrl Pts',(0.589502331178475,2.4295947065055,1.2500888052807));
#5438=CARTESIAN_POINT('Ctrl Pts',(0.589547623816774,2.4295947065055,1.87500005983931));
#5439=CARTESIAN_POINT('Ctrl Pts',(0.657386452258366,2.951882102976,3.84804662180007));
#5440=CARTESIAN_POINT('Ctrl Pts',(0.691305866479162,3.21302580121126,4.83456990278046));
#5441=CARTESIAN_POINT('Ctrl Pts',(0.335953084040675,2.1521815457344,0.241346338239519));
#5442=CARTESIAN_POINT('Ctrl Pts',(0.330991311593436,2.18611466499781,0.256443001909078));
#5443=CARTESIAN_POINT('Ctrl Pts',(0.328295914837284,2.21833087191857,0.272792643184674));
#5444=CARTESIAN_POINT('Ctrl Pts',(0.32604747090145,2.27937129066214,0.307726441594994));
#5445=CARTESIAN_POINT('Ctrl Pts',(0.326494423721767,2.30819550248494,0.326310598729718));
#5446=CARTESIAN_POINT('Ctrl Pts',(0.330463203838863,2.38964288968745,0.385007684893173));
#5447=CARTESIAN_POINT('Ctrl Pts',(0.34891245069763,2.53243667102884,0.514180316257205));
#5448=CARTESIAN_POINT('Ctrl Pts',(0.348748748060759,2.72842889471735,0.875231430385993));
#5449=CARTESIAN_POINT('Ctrl Pts',(0.348990006688892,2.47854972350419,1.25035510144418));
#5450=CARTESIAN_POINT('Ctrl Pts',(0.349171177242091,2.47854972350419,1.87500005983931));
#5451=CARTESIAN_POINT('Ctrl Pts',(0.389350057849431,3.0102620481452,3.84032824713361));
#5452=CARTESIAN_POINT('Ctrl Pts',(0.409439498153101,3.27611821046571,4.82299234078076));
#5453=CARTESIAN_POINT('Ctrl Pts',(0.0194309747654396,2.16857990006253,0.233300512175764));
#5454=CARTESIAN_POINT('Ctrl Pts',(0.0196865286269094,2.2040545455627,0.249073836903591));
#5455=CARTESIAN_POINT('Ctrl Pts',(0.0199022033361173,2.23782472620759,0.266174606288003));
#5456=CARTESIAN_POINT('Ctrl Pts',(0.0202655392518352,2.30191112490421,0.302664237171356));
#5457=CARTESIAN_POINT('Ctrl Pts',(0.020413200458345,2.33222734295596,0.322053098670297));
#5458=CARTESIAN_POINT('Ctrl Pts',(0.0207717810265641,2.41792750389764,0.383101625540951));
#5459=CARTESIAN_POINT('Ctrl Pts',(0.0211513299577613,2.56833385292684,0.516726448777578));
#5460=CARTESIAN_POINT('Ctrl Pts',(0.020660222047147,2.76854142854767,0.878401124777676));
#5461=CARTESIAN_POINT('Ctrl Pts',(0.021383997931547,2.51264372474675,1.25106522454678));
#5462=CARTESIAN_POINT('Ctrl Pts',(0.0219275095911451,2.51264372474675,1.87500005983931));
#5463=CARTESIAN_POINT('Ctrl Pts',(0.0244506926237127,3.05091990192948,3.83495289866879));
#5464=CARTESIAN_POINT('Ctrl Pts',(0.0257122841399965,3.32005799052085,4.81492931808353));
#5465=CARTESIAN_POINT('Ctrl Pts',(-0.298057394135819,2.15854701999792,0.241015302359404));
#5466=CARTESIAN_POINT('Ctrl Pts',(-0.292607229864438,2.19240988991262,0.256063214836358));
#5467=CARTESIAN_POINT('Ctrl Pts',(-0.289510939994088,2.22460055857476,0.272383829155871));
#5468=CARTESIAN_POINT('Ctrl Pts',(-0.286607915859728,2.28564937500401,0.307297905034445));
#5469=CARTESIAN_POINT('Ctrl Pts',(-0.286801181595717,2.31450752277111,0.325891366593504));
#5470=CARTESIAN_POINT('Ctrl Pts',(-0.29018802241961,2.39610100714495,0.384672187461639));
#5471=CARTESIAN_POINT('Ctrl Pts',(-0.308189878531088,2.53936414018279,0.51423557396173));
#5472=CARTESIAN_POINT('Ctrl Pts',(-0.30966320226293,2.73517598921462,0.87766761438038));
#5473=CARTESIAN_POINT('Ctrl Pts',(-0.307491874609731,2.48426610567759,1.25319559385461));
#5474=CARTESIAN_POINT('Ctrl Pts',(-0.305861339630936,2.48426610567759,1.87500005983931));
#5475=CARTESIAN_POINT('Ctrl Pts',(-0.341056587831253,3.01707896086036,3.83942698752722));
#5476=CARTESIAN_POINT('Ctrl Pts',(-0.358654211931412,3.28348538845175,4.82164045137117));
#5477=CARTESIAN_POINT('Ctrl Pts',(-0.507914228768638,2.14480634161821,0.250236177119444));
#5478=CARTESIAN_POINT('Ctrl Pts',(-0.500047192599465,2.17540090433762,0.263826775435579));
#5479=CARTESIAN_POINT('Ctrl Pts',(-0.498071933779826,2.20418347071251,0.278581959658786));
#5480=CARTESIAN_POINT('Ctrl Pts',(-0.500415527926615,2.25877409009029,0.311028190903344));
#5481=CARTESIAN_POINT('Ctrl Pts',(-0.504007038736231,2.28457295626462,0.328496976010173));
#5482=CARTESIAN_POINT('Ctrl Pts',(-0.517187269141011,2.35871963839843,0.384383717526897));
#5483=CARTESIAN_POINT('Ctrl Pts',(-0.551130501637587,2.49320130494119,0.510913340393404));
#5484=CARTESIAN_POINT('Ctrl Pts',(-0.553708818168312,2.68249735066022,0.876247805980563));
#5485=CARTESIAN_POINT('Ctrl Pts',(-0.549908994775212,2.43951369220868,1.25559225932591));
#5486=CARTESIAN_POINT('Ctrl Pts',(-0.547055558562321,2.43951369220868,1.87500005983931));
#5487=CARTESIAN_POINT('Ctrl Pts',(-0.61000485508406,2.96371071374947,3.84648276884562));
#5488=CARTESIAN_POINT('Ctrl Pts',(-0.641479503344929,3.22580922451986,4.83222412334878));
#5489=CARTESIAN_POINT('Ctrl Pts',(-0.569240653445852,2.13984567836193,0.253476691922572));
#5490=CARTESIAN_POINT('Ctrl Pts',(-0.564700745307407,2.16875310242485,0.266600066629659));
#5491=CARTESIAN_POINT('Ctrl Pts',(-0.56367578775642,2.19562794773549,0.28090487205176));
#5492=CARTESIAN_POINT('Ctrl Pts',(-0.568960152071114,2.24736916637096,0.312314125354908));
#5493=CARTESIAN_POINT('Ctrl Pts',(-0.574378171234456,2.27188831988182,0.329250447640764));
#5494=CARTESIAN_POINT('Ctrl Pts',(-0.591816917070941,2.34275726611925,0.38404316231944));
#5495=CARTESIAN_POINT('Ctrl Pts',(-0.63143316212973,2.4737411014134,0.509563582961222));
#5496=CARTESIAN_POINT('Ctrl Pts',(-0.634441198082243,2.66032871129964,0.875629590580315));
#5497=CARTESIAN_POINT('Ctrl Pts',(-0.630008070790293,2.42068468785788,1.25652429589808));
#5498=CARTESIAN_POINT('Ctrl Pts',(-0.626679061875254,2.42068468785788,1.87500005983931));
#5499=CARTESIAN_POINT('Ctrl Pts',(-0.698790578653593,2.94125670782766,3.84945139839753));
#5500=CARTESIAN_POINT('Ctrl Pts',(-0.734846337042762,3.20154271781255,4.83667706767663));
#5501=CARTESIAN_POINT('Ctrl Pts',(-0.674641795732827,2.12916347758997,0.260291501295061));
#5502=CARTESIAN_POINT('Ctrl Pts',(-0.679929633261798,2.15216803682022,0.272149868511428));
#5503=CARTESIAN_POINT('Ctrl Pts',(-0.685460557419772,2.17427499139836,0.284884505853303));
#5504=CARTESIAN_POINT('Ctrl Pts',(-0.700753367970796,2.21819368677194,0.313700350391212));
#5505=CARTESIAN_POINT('Ctrl Pts',(-0.710241099062049,2.23977100925931,0.329712963004377));
#5506=CARTESIAN_POINT('Ctrl Pts',(-0.737886636209568,2.30345871790507,0.382411567387341));
#5507=CARTESIAN_POINT('Ctrl Pts',(-0.789907085999637,2.42665709993117,0.506451842327151));
#5508=CARTESIAN_POINT('Ctrl Pts',(-0.793917800602987,2.6067565263739,0.874202272278209));
#5509=CARTESIAN_POINT('Ctrl Pts',(-0.788006964213721,2.37519655584223,1.25869904789982));
#5510=CARTESIAN_POINT('Ctrl Pts',(-0.783568285660336,2.37519655584223,1.87500005983931));
#5511=CARTESIAN_POINT('Ctrl Pts',(-0.873732934546622,2.88701110000785,3.85662317500591));
#5512=CARTESIAN_POINT('Ctrl Pts',(-0.918815258989765,3.14291837209066,4.84743473258922));
#5513=CARTESIAN_POINT('Ctrl Pts',(-0.718716513342587,2.12344194007429,0.26386579586442));
#5514=CARTESIAN_POINT('Ctrl Pts',(-0.727307430284466,2.14486219270609,0.275789652214025));
#5515=CARTESIAN_POINT('Ctrl Pts',(-0.741395138022614,2.16149835914133,0.286415982445729));
#5516=CARTESIAN_POINT('Ctrl Pts',(-0.763182136571353,2.20041009227388,0.313517497714335));
#5517=CARTESIAN_POINT('Ctrl Pts',(-0.77491823357494,2.22017122462213,0.329316479689181));
#5518=CARTESIAN_POINT('Ctrl Pts',(-0.809326707418266,2.28012254197007,0.381120527662698));
#5519=CARTESIAN_POINT('Ctrl Pts',(-0.868078349377401,2.39903330197672,0.504689859125262));
#5520=CARTESIAN_POINT('Ctrl Pts',(-0.872662023209801,2.57535298080873,0.87339316937635));
#5521=CARTESIAN_POINT('Ctrl Pts',(-0.865906781622068,2.34853742817739,1.25994176332939));
#5522=CARTESIAN_POINT('Ctrl Pts',(-0.860834006132485,2.34853742817739,1.87500005983931));
#5523=CARTESIAN_POINT('Ctrl Pts',(-0.959889566870118,2.85521949810985,3.8608263220624));
#5524=CARTESIAN_POINT('Ctrl Pts',(-1.00941734723893,3.10856053307608,4.85373945317395));
#5525=CARTESIAN_POINT('Ctrl Pts',(-0.764675898409464,2.11709608653305,0.26782162372116));
#5526=CARTESIAN_POINT('Ctrl Pts',(-0.780701710376895,2.13267528953162,0.278133689772794));
#5527=CARTESIAN_POINT('Ctrl Pts',(-0.79484845876244,2.14713701661022,0.288008339533451));
#5528=CARTESIAN_POINT('Ctrl Pts',(-0.822970420221822,2.17898463989477,0.312660279652615));
#5529=CARTESIAN_POINT('Ctrl Pts',(-0.836945633295658,2.19637053610072,0.327437570011121));
#5530=CARTESIAN_POINT('Ctrl Pts',(-0.878613969549604,2.25291447840958,0.379123401983413));
#5531=CARTESIAN_POINT('Ctrl Pts',(-0.944795762850807,2.36731850137622,0.502757996396407));
#5532=CARTESIAN_POINT('Ctrl Pts',(-0.950034247230693,2.53932362221473,0.87253812490652));
#5533=CARTESIAN_POINT('Ctrl Pts',(-0.942313971130427,2.31795971039302,1.2613620095346));
#5534=CARTESIAN_POINT('Ctrl Pts',(-0.936516513428046,2.31795971039302,1.87500005983931));
#5535=CARTESIAN_POINT('Ctrl Pts',(-1.04428080679565,2.81875489045383,3.86564728417772));
#5536=CARTESIAN_POINT('Ctrl Pts',(-1.09816295347945,3.06915248048424,4.86097089634692));
#5537=CARTESIAN_POINT('',(-0.00782140512833778,2.16217977377729,0.237264404434206));
#5538=CARTESIAN_POINT('Ctrl Pts',(0.22052477829862,3.14499576030777,4.28406322350985));
#5539=CARTESIAN_POINT('Ctrl Pts',(0.201370736877004,3.05524974614187,3.94795848883461));
#5540=CARTESIAN_POINT('Ctrl Pts',(0.172634519567428,2.92109469139757,3.44389887051048));
#5541=CARTESIAN_POINT('Ctrl Pts',(0.134195022402938,2.74856375741181,2.76983362446173));
#5542=CARTESIAN_POINT('Ctrl Pts',(0.115001368908853,2.66710108994705,2.43333080027558));
#5543=CARTESIAN_POINT('Ctrl Pts',(0.0956599325471124,2.59164291439692,2.09447978732299));
#5544=CARTESIAN_POINT('Ctrl Pts',(0.0812638836948009,2.53971168670767,1.84258136664583));
#5545=CARTESIAN_POINT('Ctrl Pts',(0.0624627319286737,2.50731897027553,1.51575047103029));
#5546=CARTESIAN_POINT('Ctrl Pts',(0.0530530355924794,2.52502421114634,1.35759926525471));
#5547=CARTESIAN_POINT('Ctrl Pts',(0.0463181879369737,2.55819667697294,1.24161266692199));
#5548=CARTESIAN_POINT('Ctrl Pts',(0.0419342428651875,2.58594709382339,1.16417140927513));
#5549=CARTESIAN_POINT('Ctrl Pts',(0.0354791792673301,2.6333441133579,1.04440420091492));
#5550=CARTESIAN_POINT('Ctrl Pts',(0.0286426617217478,2.6711690118541,0.910488560376321));
#5551=CARTESIAN_POINT('Ctrl Pts',(0.0237779108745184,2.66833390316195,0.811943279561093));
#5552=CARTESIAN_POINT('Ctrl Pts',(0.0184577889657258,2.64493142726661,0.707004850134387));
#5553=CARTESIAN_POINT('Ctrl Pts',(0.0129644267375409,2.59956869716136,0.603908537233357));
#5554=CARTESIAN_POINT('Ctrl Pts',(0.00807012681470087,2.53309106287807,
0.514706111056632));
#5555=CARTESIAN_POINT('Ctrl Pts',(0.00312886618121202,2.4525254887949,0.425709206901099));
#5556=CARTESIAN_POINT('Ctrl Pts',(0.00066564454753772,2.4029141854271,0.382088035314152));
#5557=CARTESIAN_POINT('Ctrl Pts',(-0.00270755857419128,2.32103371901269,
0.323448965705009));
#5558=CARTESIAN_POINT('Ctrl Pts',(-0.00381047871952758,2.29131784720399,
0.304499004894349));
#5559=CARTESIAN_POINT('Ctrl Pts',(-0.00537468835556606,2.24481049366039,
0.277961408426951));
#5560=CARTESIAN_POINT('Ctrl Pts',(-0.00615391454845182,2.22027192510854,
0.264808829086037));
#5561=CARTESIAN_POINT('Ctrl Pts',(-0.00712794636526207,2.18724134517172,
0.248648277232922));
#5562=CARTESIAN_POINT('Ctrl Pts',(-0.00759575295603801,2.1702453285787,
0.24085039585354));
#5563=CARTESIAN_POINT('Ctrl Pts',(-0.00782139753420455,2.16218102098573,
0.237264941487849));
#5564=CARTESIAN_POINT('',(1.11504761034643,2.9131278038397,4.32547962646689));
#5565=CARTESIAN_POINT('Ctrl Pts',(1.11504761034644,2.9131278038397,4.32547962646688));
#5566=CARTESIAN_POINT('Ctrl Pts',(0.953566565893423,2.98690227814118,4.3120633263427));
#5567=CARTESIAN_POINT('Ctrl Pts',(0.658058371418977,3.08692169908623,4.29425521843654));
#5568=CARTESIAN_POINT('Ctrl Pts',(0.351711695679947,3.13431055677963,4.2859439459551));
#5569=CARTESIAN_POINT('Ctrl Pts',(0.220524778298624,3.14499576031263,4.28406322352767));
#5570=CARTESIAN_POINT('',(0.799041063839163,2.10150362823987,0.267221344343807));
#5571=CARTESIAN_POINT('Ctrl Pts',(0.799041063839163,2.10150362823987,0.267221344343806));
#5572=CARTESIAN_POINT('Ctrl Pts',(0.81507092624409,2.11672734324066,0.277470413071573));
#5573=CARTESIAN_POINT('Ctrl Pts',(0.829198781778862,2.13087362960748,0.287257496643754));
#5574=CARTESIAN_POINT('Ctrl Pts',(0.857184403964752,2.16209388586615,0.311590704334157));
#5575=CARTESIAN_POINT('Ctrl Pts',(0.871042170615869,2.17916785575801,0.326136828452379));
#5576=CARTESIAN_POINT('Ctrl Pts',(0.912210337243739,2.23478129072116,0.376913761626105));
#5577=CARTESIAN_POINT('Ctrl Pts',(0.976827852397959,2.34771438930413,0.497954353473319));
#5578=CARTESIAN_POINT('Ctrl Pts',(0.976827852397959,2.52015240931867,0.858893293520469));
#5579=CARTESIAN_POINT('Ctrl Pts',(0.976827852397959,2.30126220707427,1.25000003989287));
#5580=CARTESIAN_POINT('Ctrl Pts',(0.976827852397959,2.30126220707427,1.83724923536234));
#5581=CARTESIAN_POINT('Ctrl Pts',(1.06978557871802,2.71276368510457,3.5200316523923));
#5582=CARTESIAN_POINT('Ctrl Pts',(1.11504761034643,2.9131278038397,4.32547962646689));
#5583=CARTESIAN_POINT('Ctrl Pts',(0.799041063839163,2.10150362823987,0.267221344343806));
#5584=CARTESIAN_POINT('Ctrl Pts',(0.753614423666141,2.10874435479017,0.263519045396233));
#5585=CARTESIAN_POINT('Ctrl Pts',(0.710015900925104,2.11532831083208,0.260133825236601));
#5586=CARTESIAN_POINT('Ctrl Pts',(0.605515519990999,2.12808845347757,0.253597820911292));
#5587=CARTESIAN_POINT('Ctrl Pts',(0.54461366179793,2.13426464008116,0.250447036745615));
#5588=CARTESIAN_POINT('Ctrl Pts',(0.335953084040675,2.1521815457344,0.241346338239519));
#5589=CARTESIAN_POINT('Ctrl Pts',(0.168701760459281,2.16084649009553,0.237094897284731));
#5590=CARTESIAN_POINT('Ctrl Pts',(0.00118064749309021,2.16213156855501,
0.237243978556973));
#5591=CARTESIAN_POINT('Ctrl Pts',(-0.00782140512833781,2.16217977377729,
0.237264404434206));
#5592=CARTESIAN_POINT('',(0.396980959704688,2.83707638185953,3.21511394235884));
#5593=CARTESIAN_POINT('Ctrl Pts',(0.396980959705264,2.8370763818596,3.21511394235946));
#5594=CARTESIAN_POINT('Ctrl Pts',(0.412603856142245,2.83899065128288,3.23171680580346));
#5595=CARTESIAN_POINT('Ctrl Pts',(0.432097702382042,2.83924045646306,3.24488997676281));
#5596=CARTESIAN_POINT('Ctrl Pts',(0.453444469993027,2.83770030273528,3.25356385064515));
#5597=CARTESIAN_POINT('Ctrl Pts',(0.474791237604275,2.83616014900748,3.2622377245276));
#5598=CARTESIAN_POINT('Ctrl Pts',(0.497990926586756,2.83283003637167,3.26641230133293));
#5599=CARTESIAN_POINT('Ctrl Pts',(0.520607604329219,2.82794699448023,3.2656373595316));
#5600=CARTESIAN_POINT('Ctrl Pts',(0.565840959814145,2.81818091069735,3.26408747592892));
#5601=CARTESIAN_POINT('Ctrl Pts',(0.608742270338997,2.80220310989192,3.24273951789957));
#5602=CARTESIAN_POINT('Ctrl Pts',(0.634819128138923,2.78662479684218,3.20867216284125));
#5603=CARTESIAN_POINT('Ctrl Pts',(0.647857557038886,2.7788356403173,3.19163848531209));
#5604=CARTESIAN_POINT('Ctrl Pts',(0.656689872757617,2.77114635573134,3.17142495852569));
#5605=CARTESIAN_POINT('Ctrl Pts',(0.660456161919136,2.76455330194236,3.15005917892875));
#5606=CARTESIAN_POINT('Ctrl Pts',(0.664222451080654,2.75796024815337,3.12869339933181));
#5607=CARTESIAN_POINT('Ctrl Pts',(0.66292271368496,2.75246342516136,3.10617536692433));
#5608=CARTESIAN_POINT('Ctrl Pts',(0.656396986131648,2.74864451542839,3.08485417446104));
#5609=CARTESIAN_POINT('Ctrl Pts',(0.647696016060565,2.74355263578443,3.05642591784333));
#5610=CARTESIAN_POINT('Ctrl Pts',(0.629704396820384,2.74144371304543,3.03012537668194));
#5611=CARTESIAN_POINT('Ctrl Pts',(0.605989515583624,2.7422185917769,3.01068126562056));
#5612=CARTESIAN_POINT('Ctrl Pts',(0.594132074965244,2.74260603114263,3.00095921008986));
#5613=CARTESIAN_POINT('Ctrl Pts',(0.580843818847719,2.74371442087598,2.99295126208417));
#5614=CARTESIAN_POINT('Ctrl Pts',(0.566713299972257,2.74538567892348,2.98705108951073));
#5615=CARTESIAN_POINT('Ctrl Pts',(0.524321743345872,2.75039945306597,2.96935057179043));
#5616=CARTESIAN_POINT('Ctrl Pts',(0.474349821898052,2.76047904203579,2.97062003296048));
#5617=CARTESIAN_POINT('Ctrl Pts',(0.434760676253097,2.77250710158135,2.99067795511849));
#5618=CARTESIAN_POINT('Ctrl Pts',(0.395171530608142,2.78453516112692,3.0107358772765));
#5619=CARTESIAN_POINT('Ctrl Pts',(0.365965160766052,2.79851169124822,3.04958226042248));
#5620=CARTESIAN_POINT('Ctrl Pts',(0.35860606982165,2.8106898617197,3.09237534497092));
#5621=CARTESIAN_POINT('Ctrl Pts',(0.351246978877248,2.82286803219118,3.13516842951936));
#5622=CARTESIAN_POINT('Ctrl Pts',(0.365735166830533,2.83324784301283,3.18190821547027));
#5623=CARTESIAN_POINT('Ctrl Pts',(0.396980959704684,2.83707638185953,3.21511394235885));
#5624=CARTESIAN_POINT('',(0.444960993407991,3.09827577943104,4.21909689505392));
#5625=CARTESIAN_POINT('Ctrl Pts',(0.444960993407991,3.09827577943104,4.21909689505392));
#5626=CARTESIAN_POINT('Ctrl Pts',(0.465765643079121,3.09732377368678,4.22892200411145));
#5627=CARTESIAN_POINT('Ctrl Pts',(0.511570705468709,3.09165721482434,4.23943070878944));
#5628=CARTESIAN_POINT('Ctrl Pts',(0.601923379402389,3.06750151270477,4.22253828774702));
#5629=CARTESIAN_POINT('Ctrl Pts',(0.663745963188779,3.0320185809087,4.15188706295982));
#5630=CARTESIAN_POINT('Ctrl Pts',(0.663708173861176,3.00758273647071,4.06199058903797));
#5631=CARTESIAN_POINT('Ctrl Pts',(0.639600331711501,3.00078188754111,4.01352291117783));
#5632=CARTESIAN_POINT('Ctrl Pts',(0.613166272335093,2.99980264091423,3.98575151009977));
#5633=CARTESIAN_POINT('Ctrl Pts',(0.576964972822805,3.00078140706883,3.95712383919103));
#5634=CARTESIAN_POINT('Ctrl Pts',(0.516127183628642,3.00895741405486,3.93759904440668));
#5635=CARTESIAN_POINT('Ctrl Pts',(0.440456863409261,3.02690471644162,3.95210030251101));
#5636=CARTESIAN_POINT('Ctrl Pts',(0.385661373051737,3.04648447736047,3.99224311482229));
#5637=CARTESIAN_POINT('Ctrl Pts',(0.35525120593135,3.06696795056097,4.05209394025819));
#5638=CARTESIAN_POINT('Ctrl Pts',(0.35545832894257,3.08511047774935,4.11914359289433));
#5639=CARTESIAN_POINT('Ctrl Pts',(0.386794666593788,3.09740620963619,4.18065774602918));
#5640=CARTESIAN_POINT('Ctrl Pts',(0.424156343736858,3.09922778517531,4.20927178599639));
#5641=CARTESIAN_POINT('Ctrl Pts',(0.444960993407988,3.09827577943104,4.21909689505393));
#5642=CARTESIAN_POINT('',(0.42280348077698,2.95917044531167,3.69056761953768));
#5643=CARTESIAN_POINT('Ctrl Pts',(0.422803480778411,2.9591704453117,3.69056761953866));
#5644=CARTESIAN_POINT('Ctrl Pts',(0.46074115853937,2.95982852263042,3.71649635733941));
#5645=CARTESIAN_POINT('Ctrl Pts',(0.510415421325829,2.95263935329298,3.72498632445751));
#5646=CARTESIAN_POINT('Ctrl Pts',(0.553615529459644,2.94031915642337,3.71428312346295));
#5647=CARTESIAN_POINT('Ctrl Pts',(0.596815637594002,2.9279989595536,3.70357992246826));
#5648=CARTESIAN_POINT('Ctrl Pts',(0.633541591075552,2.91054773515154,3.67368355336042));
#5649=CARTESIAN_POINT('Ctrl Pts',(0.650963828964472,2.89550728581258,3.6345638972801));
#5650=CARTESIAN_POINT('Ctrl Pts',(0.659674947908932,2.8879870611431,3.61500406923994));
#5651=CARTESIAN_POINT('Ctrl Pts',(0.663560137955234,2.88106953023939,3.59313841945666));
#5652=CARTESIAN_POINT('Ctrl Pts',(0.662215042955728,2.87556257020335,3.57120184040925));
#5653=CARTESIAN_POINT('Ctrl Pts',(0.660869947956221,2.87005561016731,3.54926526136184));
#5654=CARTESIAN_POINT('Ctrl Pts',(0.654294567910905,2.86595922099893,3.52725775305031));
#5655=CARTESIAN_POINT('Ctrl Pts',(0.642983659859423,2.86363153100938,3.50761657676001));
#5656=CARTESIAN_POINT('Ctrl Pts',(0.627902449124115,2.86052794435664,3.48142834170627));
#5657=CARTESIAN_POINT('Ctrl Pts',(0.604402521933399,2.8605687117996,3.45944691913474));
#5658=CARTESIAN_POINT('Ctrl Pts',(0.577074784362811,2.86317158260112,3.44543980663342));
#5659=CARTESIAN_POINT('Ctrl Pts',(0.563410915577516,2.86447301800188,3.43843625038276));
#5660=CARTESIAN_POINT('Ctrl Pts',(0.548790094197254,2.86641497924228,3.43342627164965));
#5661=CARTESIAN_POINT('Ctrl Pts',(0.533809776306059,2.86884343126403,3.4306614697067));
#5662=CARTESIAN_POINT('Ctrl Pts',(0.488868822632475,2.87612878732928,3.42236706387784));
#5663=CARTESIAN_POINT('Ctrl Pts',(0.440692400360503,2.8877925604267,3.43427924916043));
#5664=CARTESIAN_POINT('Ctrl Pts',(0.4069837432188,2.90073825191627,3.46238688584783));
#5665=CARTESIAN_POINT('Ctrl Pts',(0.373275086077098,2.91368394340584,3.49049452253523));
#5666=CARTESIAN_POINT('Ctrl Pts',(0.354034194065665,2.92791155328757,3.53479761062746));
#5667=CARTESIAN_POINT('Ctrl Pts',(0.356931873300352,2.93911865943429,3.57833370042769));
#5668=CARTESIAN_POINT('Ctrl Pts',(0.359829552535039,2.95032576558102,3.62186979022792));
#5669=CARTESIAN_POINT('Ctrl Pts',(0.384865803015844,2.95851236799274,3.66463888173617));
#5670=CARTESIAN_POINT('Ctrl Pts',(0.422803480776979,2.95917044531167,3.69056761953768));
#5671=CARTESIAN_POINT('Ctrl Pts',(-0.588934386207969,2.78751987666799,3.16843298175354));
#5672=CARTESIAN_POINT('Ctrl Pts',(-0.596037093432802,2.78053791026021,3.14815015662631));
#5673=CARTESIAN_POINT('Ctrl Pts',(-0.600540240780274,2.76789271517704,3.10407588571892));
#5674=CARTESIAN_POINT('Ctrl Pts',(-0.575656596176274,2.75710220360499,3.03932516198011));
#5675=CARTESIAN_POINT('Ctrl Pts',(-0.524167219429899,2.75602901816011,2.99127125043877));
#5676=CARTESIAN_POINT('Ctrl Pts',(-0.434994304820124,2.76580119501159,2.96039271671356));
#5677=CARTESIAN_POINT('Ctrl Pts',(-0.31713721555312,2.79298219645095,2.99951915958479));
#5678=CARTESIAN_POINT('Ctrl Pts',(-0.278065178824015,2.82620467539789,3.11336740916094));
#5679=CARTESIAN_POINT('Ctrl Pts',(-0.312162620786061,2.84471682920091,3.1980938214533));
#5680=CARTESIAN_POINT('Ctrl Pts',(-0.363715340849544,2.85050539173074,3.2457867725473));
#5681=CARTESIAN_POINT('Ctrl Pts',(-0.431202948676778,2.84578464823363,3.26742352707188));
#5682=CARTESIAN_POINT('Ctrl Pts',(-0.523399129073309,2.82620413323696,3.25771809487502));
#5683=CARTESIAN_POINT('Ctrl Pts',(-0.574728971758311,2.80148380948353,3.208998632008));
#5684=CARTESIAN_POINT('Ctrl Pts',(-0.588934386207974,2.78751987666798,3.16843298175354));
#5685=CARTESIAN_POINT('Ctrl Pts',(-0.579351036838293,2.78880407449187,3.1647067602617));
#5686=CARTESIAN_POINT('Ctrl Pts',(-0.585884056473828,2.78234094349944,3.14577502032336));
#5687=CARTESIAN_POINT('Ctrl Pts',(-0.589917084989267,2.77065981284289,3.10484513639909));
#5688=CARTESIAN_POINT('Ctrl Pts',(-0.566863310551652,2.76054614670408,3.04485765202617));
#5689=CARTESIAN_POINT('Ctrl Pts',(-0.519082995932715,2.7593206380587,3.00001442619656));
#5690=CARTESIAN_POINT('Ctrl Pts',(-0.435787106320189,2.76819421674724,2.97068455637251));
#5691=CARTESIAN_POINT('Ctrl Pts',(-0.324863603586885,2.79381739725326,3.00674396595225));
#5692=CARTESIAN_POINT('Ctrl Pts',(-0.287717981018856,2.82523766791358,3.11361379820461));
#5693=CARTESIAN_POINT('Ctrl Pts',(-0.319629612353513,2.84255765451802,3.19340825884407));
#5694=CARTESIAN_POINT('Ctrl Pts',(-0.368189043727183,2.84787262189762,3.23831333735459));
#5695=CARTESIAN_POINT('Ctrl Pts',(-0.431820978813237,2.84328303691456,3.25848103704599));
#5696=CARTESIAN_POINT('Ctrl Pts',(-0.518589169313135,2.82475007420816,3.24873143246187));
#5697=CARTESIAN_POINT('Ctrl Pts',(-0.566284997567229,2.80173033647674,3.20257024013836));
#5698=CARTESIAN_POINT('Ctrl Pts',(-0.579351036838297,2.78880407449187,3.1647067602617));
#5699=CARTESIAN_POINT('Ctrl Pts',(-0.561408715088061,2.78800827403275,3.15882648667576));
#5700=CARTESIAN_POINT('Ctrl Pts',(-0.566778435556338,2.78242583060284,3.14229483992724));
#5701=CARTESIAN_POINT('Ctrl Pts',(-0.56973288208434,2.77244867037984,3.10708811462416));
#5702=CARTESIAN_POINT('Ctrl Pts',(-0.550148958091434,2.76357952618241,3.05579265884945));
#5703=CARTESIAN_POINT('Ctrl Pts',(-0.509409615028407,2.76212109469434,3.01647666556317));
#5704=CARTESIAN_POINT('Ctrl Pts',(-0.436817985339182,2.7695528789974,2.98930105048541));
#5705=CARTESIAN_POINT('Ctrl Pts',(-0.337749016069991,2.79272564333227,3.01955625300167));
#5706=CARTESIAN_POINT('Ctrl Pts',(-0.303622601717945,2.82131686546325,3.11459277913289));
#5707=CARTESIAN_POINT('Ctrl Pts',(-0.331767192661843,2.83679151499919,3.18618711546977));
#5708=CARTESIAN_POINT('Ctrl Pts',(-0.375327001339375,2.84131929141415,3.22646928002263));
#5709=CARTESIAN_POINT('Ctrl Pts',(-0.432495187220712,2.83678691847593,3.24409550874267));
#5710=CARTESIAN_POINT('Ctrl Pts',(-0.509908092289075,2.8195766867542,3.2339409865363));
#5711=CARTESIAN_POINT('Ctrl Pts',(-0.55066927415151,2.79917316089256,3.1918897801728));
#5712=CARTESIAN_POINT('Ctrl Pts',(-0.561408715088064,2.78800827403275,3.15882648667576));
#5713=CARTESIAN_POINT('Ctrl Pts',(-0.538031510780195,2.77352674266665,3.15577008587148));
#5714=CARTESIAN_POINT('Ctrl Pts',(-0.542058927312601,2.76849267636507,3.14207931836552));
#5715=CARTESIAN_POINT('Ctrl Pts',(-0.543809307758648,2.759744642963,3.11340753573552));
#5716=CARTESIAN_POINT('Ctrl Pts',(-0.528211023434087,2.7524919215678,3.07166479405392));
#5717=CARTESIAN_POINT('Ctrl Pts',(-0.49566780572072,2.75193114949356,3.0384442424041));
#5718=CARTESIAN_POINT('Ctrl Pts',(-0.435923241817268,2.75959277019037,3.01374993952671));
#5719=CARTESIAN_POINT('Ctrl Pts',(-0.351633184414962,2.7814800775713,3.03734278010485));
#5720=CARTESIAN_POINT('Ctrl Pts',(-0.32162733639234,2.80755900785877,3.11816658063434));
#5721=CARTESIAN_POINT('Ctrl Pts',(-0.345317291070145,2.82130369948968,3.17975265081784));
#5722=CARTESIAN_POINT('Ctrl Pts',(-0.382671639983457,2.82488573325806,3.21447207037057));
#5723=CARTESIAN_POINT('Ctrl Pts',(-0.431714364914072,2.81991166620375,3.22934100127141));
#5724=CARTESIAN_POINT('Ctrl Pts',(-0.497446835236771,2.80283868410952,3.2195729370607));
#5725=CARTESIAN_POINT('Ctrl Pts',(-0.529976677715384,2.78359487526981,3.18315162088341));
#5726=CARTESIAN_POINT('Ctrl Pts',(-0.538031510780196,2.77352674266665,3.15577008587148));
#5727=CARTESIAN_POINT('Ctrl Pts',(-0.531026361535266,2.75241321828694,3.1605996375924));
#5728=CARTESIAN_POINT('Ctrl Pts',(-0.535208654602028,2.74695207630676,3.14748764577571));
#5729=CARTESIAN_POINT('Ctrl Pts',(-0.537453592088869,2.73749328857711,3.11940147197821));
#5730=CARTESIAN_POINT('Ctrl Pts',(-0.521955439980582,2.73059781807498,3.0779839375869));
#5731=CARTESIAN_POINT('Ctrl Pts',(-0.489838534808583,2.73158059246434,3.0459079764667));
#5732=CARTESIAN_POINT('Ctrl Pts',(-0.432569231086836,2.74161078336872,3.02320167293771));
#5733=CARTESIAN_POINT('Ctrl Pts',(-0.353988886894208,2.7650093928529,3.04653135110686));
#5734=CARTESIAN_POINT('Ctrl Pts',(-0.326738355745912,2.79110958416665,3.12258121962264));
#5735=CARTESIAN_POINT('Ctrl Pts',(-0.349142664676807,2.80465834507941,3.1801893136702));
#5736=CARTESIAN_POINT('Ctrl Pts',(-0.383867300004836,2.80788809448519,3.21278985730288));
#5737=CARTESIAN_POINT('Ctrl Pts',(-0.429389503589888,2.8023312120542,3.22731302938231));
#5738=CARTESIAN_POINT('Ctrl Pts',(-0.490731616239562,2.78414437132537,3.21978657651906));
#5739=CARTESIAN_POINT('Ctrl Pts',(-0.522661775401745,2.76333550224729,3.18682362122577));
#5740=CARTESIAN_POINT('Ctrl Pts',(-0.531026361535267,2.75241321828694,3.1605996375924));
#5741=CARTESIAN_POINT('Ctrl Pts',(-0.530312151588732,2.73765070724073,3.16541115942123));
#5742=CARTESIAN_POINT('Ctrl Pts',(-0.53495454644931,2.73192278532073,3.15206584980459));
#5743=CARTESIAN_POINT('Ctrl Pts',(-0.537894798525247,2.72193167209301,3.12293184405496));
#5744=CARTESIAN_POINT('Ctrl Pts',(-0.52161971483323,2.71482101598146,3.07971337286845));
#5745=CARTESIAN_POINT('Ctrl Pts',(-0.487949140011751,2.71628358709931,3.04726914892843));
#5746=CARTESIAN_POINT('Ctrl Pts',(-0.429636451342499,2.72739156489622,3.02586443749652));
#5747=CARTESIAN_POINT('Ctrl Pts',(-0.352558397534209,2.75176987337937,3.05088935645544));
#5748=CARTESIAN_POINT('Ctrl Pts',(-0.327004631536306,2.77812343629292,3.12612438808257));
#5749=CARTESIAN_POINT('Ctrl Pts',(-0.349310831334855,2.79169774035864,3.18243526673026));
#5750=CARTESIAN_POINT('Ctrl Pts',(-0.383032226234882,2.79483606551099,3.21437703913062));
#5751=CARTESIAN_POINT('Ctrl Pts',(-0.427173061239729,2.78911822091975,3.22925688073663));
#5752=CARTESIAN_POINT('Ctrl Pts',(-0.487467732955025,2.77059177101822,3.2237329675099));
#5753=CARTESIAN_POINT('Ctrl Pts',(-0.521027361867579,2.74910655108074,3.19210177865451));
#5754=CARTESIAN_POINT('Ctrl Pts',(-0.530312151588733,2.73765070724073,3.16541115942123));
#5755=CARTESIAN_POINT('Ctrl Pts',(-0.588934386207969,2.78751987666799,3.16843298175354));
#5756=CARTESIAN_POINT('Ctrl Pts',(-0.579351036838293,2.78880407449187,3.1647067602617));
#5757=CARTESIAN_POINT('Ctrl Pts',(-0.561408715088061,2.78800827403275,3.15882648667576));
#5758=CARTESIAN_POINT('Ctrl Pts',(-0.538031510780195,2.77352674266665,3.15577008587148));
#5759=CARTESIAN_POINT('Ctrl Pts',(-0.531026361535266,2.75241321828694,3.1605996375924));
#5760=CARTESIAN_POINT('Ctrl Pts',(-0.530312151588732,2.73765070724073,3.16541115942123));
#5761=CARTESIAN_POINT('Ctrl Pts',(0.396980959704686,2.83707638185953,3.21511394235885));
#5762=CARTESIAN_POINT('Ctrl Pts',(0.365735166830533,2.83324784301283,3.18190821547027));
#5763=CARTESIAN_POINT('Ctrl Pts',(0.336758790923962,2.81248822136952,3.08842864356846));
#5764=CARTESIAN_POINT('Ctrl Pts',(0.424377900450232,2.77055863100561,2.97188949413052));
#5765=CARTESIAN_POINT('Ctrl Pts',(0.540979050495145,2.74703959007603,2.96892741806708));
#5766=CARTESIAN_POINT('Ctrl Pts',(0.620708587200294,2.74038925167593,3.01697510610125));
#5767=CARTESIAN_POINT('Ctrl Pts',(0.661189730490702,2.74513432783868,3.07615132371436));
#5768=CARTESIAN_POINT('Ctrl Pts',(0.665522188476348,2.76345707114539,3.15121143173928));
#5769=CARTESIAN_POINT('Ctrl Pts',(0.630192925601424,2.79421420948921,3.2320655388849));
#5770=CARTESIAN_POINT('Ctrl Pts',(0.544390304551719,2.82616981110006,3.27476145494359));
#5771=CARTESIAN_POINT('Ctrl Pts',(0.451591548621794,2.83949026164329,3.25806314772227));
#5772=CARTESIAN_POINT('Ctrl Pts',(0.412603856141765,2.83899065128287,3.23171680580313));
#5773=CARTESIAN_POINT('Ctrl Pts',(0.396980959704688,2.83707638185953,3.21511394235884));
#5774=CARTESIAN_POINT('Ctrl Pts',(0.40325684401498,2.83465273070234,3.2096064989549));
#5775=CARTESIAN_POINT('Ctrl Pts',(0.373813377883122,2.83113527043783,3.17834734564244));
#5776=CARTESIAN_POINT('Ctrl Pts',(0.346724706777801,2.81166495346282,3.0902325891792));
#5777=CARTESIAN_POINT('Ctrl Pts',(0.429724060957372,2.7719009173617,2.98106301184086));
#5778=CARTESIAN_POINT('Ctrl Pts',(0.539286054421793,2.74993175951211,2.97908359719318));
#5779=CARTESIAN_POINT('Ctrl Pts',(0.613493314030841,2.74405720672534,3.02429085342866));
#5780=CARTESIAN_POINT('Ctrl Pts',(0.650899924355025,2.74867146436541,3.07919984725287));
#5781=CARTESIAN_POINT('Ctrl Pts',(0.655046786621425,2.76561055531281,3.14864354780629));
#5782=CARTESIAN_POINT('Ctrl Pts',(0.622650411725704,2.79401953778808,3.22420838776336));
#5783=CARTESIAN_POINT('Ctrl Pts',(0.542333185841376,2.82400998336009,3.26524968627612));
#5784=CARTESIAN_POINT('Ctrl Pts',(0.454750729933307,2.83677617801988,3.24999099162446));
#5785=CARTESIAN_POINT('Ctrl Pts',(0.41797857708091,2.8364114608346,3.22523607561113));
#5786=CARTESIAN_POINT('Ctrl Pts',(0.403256844014981,2.83465273070234,3.2096064989549));
#5787=CARTESIAN_POINT('Ctrl Pts',(0.413310564751399,2.82851377765644,3.20105021936018));
#5788=CARTESIAN_POINT('Ctrl Pts',(0.386873429610666,2.82552089022165,3.17301975925926));
#5789=CARTESIAN_POINT('Ctrl Pts',(0.36304298075222,2.80803353599488,3.09375277278449));
#5790=CARTESIAN_POINT('Ctrl Pts',(0.438554004713669,2.77162406110141,2.99726098180765));
#5791=CARTESIAN_POINT('Ctrl Pts',(0.535811059516047,2.75208965586749,2.99774790295945));
#5792=CARTESIAN_POINT('Ctrl Pts',(0.599653510728529,2.7475063786815,3.0384484070995));
#5793=CARTESIAN_POINT('Ctrl Pts',(0.631060344230056,2.75186919953097,3.0856967022083));
#5794=CARTESIAN_POINT('Ctrl Pts',(0.635058357842128,2.76628407001208,3.1447402139135));
#5795=CARTESIAN_POINT('Ctrl Pts',(0.60874754676521,2.79067320746401,3.21098808494594));
#5796=CARTESIAN_POINT('Ctrl Pts',(0.538445290727424,2.81789017814971,3.24978771769751));
#5797=CARTESIAN_POINT('Ctrl Pts',(0.459615018439484,2.83009615910807,3.23715396162865));
#5798=CARTESIAN_POINT('Ctrl Pts',(0.426529132321765,2.83001022137383,3.21506544941064));
#5799=CARTESIAN_POINT('Ctrl Pts',(0.413310564751399,2.82851377765643,3.20105021936018));
#5800=CARTESIAN_POINT('Ctrl Pts',(0.424139162122661,2.81278992403122,3.1929103838845));
#5801=CARTESIAN_POINT('Ctrl Pts',(0.401446144755583,2.8104554843241,3.16875440643176));
#5802=CARTESIAN_POINT('Ctrl Pts',(0.381424156187522,2.79485202610213,3.10035991581991));
#5803=CARTESIAN_POINT('Ctrl Pts',(0.447105763129861,2.76114643107217,3.01900788702506));
#5804=CARTESIAN_POINT('Ctrl Pts',(0.529086649369447,2.74226712950134,3.02219176538545));
#5805=CARTESIAN_POINT('Ctrl Pts',(0.580633595274372,2.73707231003477,3.05786132480963));
#5806=CARTESIAN_POINT('Ctrl Pts',(0.605149125610764,2.74015655174949,3.09679489164052));
#5807=CARTESIAN_POINT('Ctrl Pts',(0.608967471270144,2.75245851799872,3.14428969042002));
#5808=CARTESIAN_POINT('Ctrl Pts',(0.589668253367474,2.7745835120843,3.1993053813312));
#5809=CARTESIAN_POINT('Ctrl Pts',(0.531637014036251,2.80093639787687,3.23409521635128));
#5810=CARTESIAN_POINT('Ctrl Pts',(0.463931476066459,2.81352449677124,3.22396095087918));
#5811=CARTESIAN_POINT('Ctrl Pts',(0.435485670806198,2.81395714388477,3.20498837261087));
#5812=CARTESIAN_POINT('Ctrl Pts',(0.424139162122659,2.81278992403122,3.1929103838845));
#5813=CARTESIAN_POINT('Ctrl Pts',(0.426714186280801,2.79628290472061,3.1924823672031));
#5814=CARTESIAN_POINT('Ctrl Pts',(0.405635794454975,2.7942183960047,3.16978638111919));
#5815=CARTESIAN_POINT('Ctrl Pts',(0.386667664973927,2.7788668791133,3.10597680576702));
#5816=CARTESIAN_POINT('Ctrl Pts',(0.446844701158525,2.74472022878883,3.02917194462364));
#5817=CARTESIAN_POINT('Ctrl Pts',(0.523735898356762,2.72337843733443,3.03079975684445));
#5818=CARTESIAN_POINT('Ctrl Pts',(0.573969485519891,2.71549216158986,3.06436858065195));
#5819=CARTESIAN_POINT('Ctrl Pts',(0.598726151412681,2.71726259359635,3.10278372104175));
#5820=CARTESIAN_POINT('Ctrl Pts',(0.601977581570637,2.73037217347575,3.15011980294543));
#5821=CARTESIAN_POINT('Ctrl Pts',(0.581531407832275,2.75477703132083,3.20240747628704));
#5822=CARTESIAN_POINT('Ctrl Pts',(0.52630376761875,2.78296109143208,3.23254037585739));
#5823=CARTESIAN_POINT('Ctrl Pts',(0.46362625516017,2.79652460852125,3.22181719938417));
#5824=CARTESIAN_POINT('Ctrl Pts',(0.437253382193711,2.79731515907856,3.20383036024505));
#5825=CARTESIAN_POINT('Ctrl Pts',(0.426714186280798,2.79628290472061,3.19248236720309));
#5826=CARTESIAN_POINT('Ctrl Pts',(0.426343785302226,2.78338070780183,3.19434778579123));
#5827=CARTESIAN_POINT('Ctrl Pts',(0.405905319925307,2.78139181819677,3.17209776710366));
#5828=CARTESIAN_POINT('Ctrl Pts',(0.386948374859917,2.76608976016017,3.10998659938246));
#5829=CARTESIAN_POINT('Ctrl Pts',(0.444253135851528,2.73141345805442,3.03338787361576));
#5830=CARTESIAN_POINT('Ctrl Pts',(0.520504330535535,2.70870906634519,3.03263063782866));
#5831=CARTESIAN_POINT('Ctrl Pts',(0.572640443458199,2.69974063467393,3.06548173373559));
#5832=CARTESIAN_POINT('Ctrl Pts',(0.599113437895907,2.70126674731695,3.10525247382883));
#5833=CARTESIAN_POINT('Ctrl Pts',(0.601953646390835,2.71515946360097,3.15504076712245));
#5834=CARTESIAN_POINT('Ctrl Pts',(0.578862548963141,2.74083429705031,3.20808342671963));
#5835=CARTESIAN_POINT('Ctrl Pts',(0.522758044855618,2.76966647599252,3.23525719871687));
#5836=CARTESIAN_POINT('Ctrl Pts',(0.462064584844346,2.78348603637915,3.22326060575263));
#5837=CARTESIAN_POINT('Ctrl Pts',(0.436563017990682,2.78437515260435,3.20547279513501));
#5838=CARTESIAN_POINT('Ctrl Pts',(0.426343785302222,2.78338070780182,3.19434778579123));
#5839=CARTESIAN_POINT('',(0.426343785302226,2.78338070780183,3.19434778579123));
#5840=CARTESIAN_POINT('Ctrl Pts',(0.396980959704686,2.83707638185953,3.21511394235885));
#5841=CARTESIAN_POINT('Ctrl Pts',(0.40325684401498,2.83465273070234,3.2096064989549));
#5842=CARTESIAN_POINT('Ctrl Pts',(0.408283704383189,2.83158325417939,3.20532835915754));
#5843=CARTESIAN_POINT('Ctrl Pts',(0.412344077048903,2.82780225111431,3.20202645561948));
#5844=CARTESIAN_POINT('Ctrl Pts',(0.416404449714616,2.82402124804923,3.19872455208142));
#5845=CARTESIAN_POINT('Ctrl Pts',(0.419498334677834,2.81952871844203,3.19639888480265));
#5846=CARTESIAN_POINT('Ctrl Pts',(0.421766669521067,2.81419207758801,3.19493500176637));
#5847=CARTESIAN_POINT('Ctrl Pts',(0.425169171785914,2.80618711630698,3.19273917721194));
#5848=CARTESIAN_POINT('Ctrl Pts',(0.426714186280798,2.79628290472062,3.1924823672031));
#5849=CARTESIAN_POINT('Ctrl Pts',(0.426343785302226,2.78338070780186,3.19434778579123));
#5850=CARTESIAN_POINT('',(0.400009260159256,2.7690916334464,3.12816404452638));
#5851=CARTESIAN_POINT('Ctrl Pts',(0.426343785302226,2.78338070780183,3.19434778579123));
#5852=CARTESIAN_POINT('Ctrl Pts',(0.409569227076408,2.78174835704215,3.17608642286025));
#5853=CARTESIAN_POINT('Ctrl Pts',(0.400177380157326,2.77630195811103,3.1518935829211));
#5854=CARTESIAN_POINT('Ctrl Pts',(0.400009260159256,2.7690916334464,3.12816404452638));
#5855=CARTESIAN_POINT('Ctrl Pts',(0.400009260159256,2.7690916334464,3.12816404452638));
#5856=CARTESIAN_POINT('Ctrl Pts',(0.399972539307661,2.7675167508328,3.1229810272304));
#5857=CARTESIAN_POINT('Ctrl Pts',(0.402625710578673,2.75660307842222,3.08903085471668));
#5858=CARTESIAN_POINT('Ctrl Pts',(0.444253135851528,2.73141345805442,3.03338787361576));
#5859=CARTESIAN_POINT('Ctrl Pts',(0.520504330535535,2.70870906634519,3.03263063782866));
#5860=CARTESIAN_POINT('Ctrl Pts',(0.572640443458199,2.69974063467393,3.06548173373559));
#5861=CARTESIAN_POINT('Ctrl Pts',(0.599113437895907,2.70126674731695,3.10525247382883));
#5862=CARTESIAN_POINT('Ctrl Pts',(0.601953646390835,2.71515946360097,3.15504076712245));
#5863=CARTESIAN_POINT('Ctrl Pts',(0.578862548963141,2.74083429705031,3.20808342671963));
#5864=CARTESIAN_POINT('Ctrl Pts',(0.522758044855618,2.76966647599252,3.23525719871687));
#5865=CARTESIAN_POINT('Ctrl Pts',(0.462064584844346,2.78348603637915,3.22326060575263));
#5866=CARTESIAN_POINT('Ctrl Pts',(0.436563017990682,2.78437515260435,3.20547279513501));
#5867=CARTESIAN_POINT('Ctrl Pts',(0.426343785302222,2.78338070780182,3.19434778579123));
#5868=CARTESIAN_POINT('Origin',(0.500000014361434,3.12635181679121,3.06519234481125));
#5869=CARTESIAN_POINT('',(0.400099747370255,2.64557597489917,3.15000866547047));
#5870=CARTESIAN_POINT('',(0.400000014361434,3.12635181679121,3.06519234481125));
#5871=CARTESIAN_POINT('',(0.410822723020944,2.65681241369691,3.19393116111785));
#5872=CARTESIAN_POINT('Ctrl Pts',(0.410822723020944,2.65681241369691,3.19393116111785));
#5873=CARTESIAN_POINT('Ctrl Pts',(0.417680828222069,2.65938324474221,3.20720260528827));
#5874=CARTESIAN_POINT('Ctrl Pts',(0.437494150085608,2.66205775288186,3.23078602639957));
#5875=CARTESIAN_POINT('Ctrl Pts',(0.494325008660719,2.65523244929749,3.25798256846524));
#5876=CARTESIAN_POINT('Ctrl Pts',(0.556692380589884,2.62952480669825,3.24593391942137));
#5877=CARTESIAN_POINT('Ctrl Pts',(0.593635762931393,2.60060919849822,3.2022434000248));
#5878=CARTESIAN_POINT('Ctrl Pts',(0.60351166160656,2.58313712950525,3.15963753529115));
#5879=CARTESIAN_POINT('Ctrl Pts',(0.592420659242451,2.57411685863215,3.11536751477258));
#5880=CARTESIAN_POINT('Ctrl Pts',(0.552875176723206,2.57536553979297,3.06643235204881));
#5881=CARTESIAN_POINT('Ctrl Pts',(0.47275860952067,2.59671617772968,3.04608105819114));
#5882=CARTESIAN_POINT('Ctrl Pts',(0.415428969548328,2.62328296750754,3.08881105921665));
#5883=CARTESIAN_POINT('Ctrl Pts',(0.40153220260421,2.63887154033141,3.12941838285426));
#5884=CARTESIAN_POINT('Ctrl Pts',(0.400086808835331,2.64349857820525,3.14330647662991));
#5885=CARTESIAN_POINT('Ctrl Pts',(0.400099747370255,2.64557597489917,3.15000866547047));
#5886=CARTESIAN_POINT('Ctrl Pts',(0.400099747370255,2.64557597489917,3.15000866547047));
#5887=CARTESIAN_POINT('Ctrl Pts',(0.400128734147793,2.65023005947513,3.16502387840466));
#5888=CARTESIAN_POINT('Ctrl Pts',(0.403710276215294,2.6541462400936,3.18016752846306));
#5889=CARTESIAN_POINT('Ctrl Pts',(0.410822723020946,2.65681241369691,3.19393116111786));
#5890=CARTESIAN_POINT('Ctrl Pts',(0.35894280277876,2.61294565979281,3.22895669662091));
#5891=CARTESIAN_POINT('Ctrl Pts',(0.369025137737211,2.61672603535345,3.24890145245474));
#5892=CARTESIAN_POINT('Ctrl Pts',(0.398151618163687,2.62155670211463,3.28417001151623));
#5893=CARTESIAN_POINT('Ctrl Pts',(0.481688690375197,2.61725289100929,3.32394160446975));
#5894=CARTESIAN_POINT('Ctrl Pts',(0.573345038224707,2.59053220867732,3.30372408739853));
#5895=CARTESIAN_POINT('Ctrl Pts',(0.627619742883642,2.55771322345599,3.23622202038004));
#5896=CARTESIAN_POINT('Ctrl Pts',(0.642119345191584,2.5363950465786,3.1713587467032));
#5897=CARTESIAN_POINT('Ctrl Pts',(0.625811318452972,2.52334332298295,3.10477924344436));
#5898=CARTESIAN_POINT('Ctrl Pts',(0.567694709828718,2.52009160969851,3.03218561944169));
#5899=CARTESIAN_POINT('Ctrl Pts',(0.449960547317439,2.53949056456309,3.00387028260472));
#5900=CARTESIAN_POINT('Ctrl Pts',(0.365701824933369,2.56988364128199,3.06976647880381));
#5901=CARTESIAN_POINT('Ctrl Pts',(0.33813122303254,2.59588669573385,3.1531134291055));
#5902=CARTESIAN_POINT('Ctrl Pts',(0.343819300341087,2.60727509645186,3.19903956287015));
#5903=CARTESIAN_POINT('Ctrl Pts',(0.35894280277876,2.61294565979281,3.2289566966209));
#5904=CARTESIAN_POINT('Ctrl Pts',(0.367989803706934,2.61044538038301,3.22475604372085));
#5905=CARTESIAN_POINT('Ctrl Pts',(0.377370148944814,2.61392051873786,3.24331314419145));
#5906=CARTESIAN_POINT('Ctrl Pts',(0.404408068738496,2.61830391670971,3.27611220587564));
#5907=CARTESIAN_POINT('Ctrl Pts',(0.4818201532125,2.61427665104038,3.31346246995109));
#5908=CARTESIAN_POINT('Ctrl Pts',(0.568024558001919,2.58955783764895,3.29536783304967));
#5909=CARTESIAN_POINT('Ctrl Pts',(0.619952766095849,2.55872510740114,3.23210553941605));
#5910=CARTESIAN_POINT('Ctrl Pts',(0.634004445433852,2.53857098499612,3.1709159707228));
#5911=CARTESIAN_POINT('Ctrl Pts',(0.618623505515908,2.5261809277454,3.1080501191255));
#5912=CARTESIAN_POINT('Ctrl Pts',(0.563360641551843,2.52308428625382,3.03979002331556));
#5913=CARTESIAN_POINT('Ctrl Pts',(0.45225841023618,2.54151757172804,3.01411697400769));
#5914=CARTESIAN_POINT('Ctrl Pts',(0.373927487757296,2.57029158251149,3.07627364596241));
#5915=CARTESIAN_POINT('Ctrl Pts',(0.348500071968071,2.59467397842948,3.15415039408305));
#5916=CARTESIAN_POINT('Ctrl Pts',(0.353919285850115,2.60523267285074,3.19692039301496));
#5917=CARTESIAN_POINT('Ctrl Pts',(0.367989803706934,2.61044538038301,3.22475604372084));
#5918=CARTESIAN_POINT('Ctrl Pts',(0.384633340880957,2.60906806301154,3.21642270715075));
#5919=CARTESIAN_POINT('Ctrl Pts',(0.392797089625412,2.61200405610467,3.23248208397858));
#5920=CARTESIAN_POINT('Ctrl Pts',(0.416141494718957,2.61557083548248,3.26082870709997));
#5921=CARTESIAN_POINT('Ctrl Pts',(0.482519030822176,2.61197609529604,3.2941972760486));
#5922=CARTESIAN_POINT('Ctrl Pts',(0.55952054095292,2.5903825586443,3.28065985155666));
#5923=CARTESIAN_POINT('Ctrl Pts',(0.60790417358753,2.56235931029869,3.22485093151473));
#5924=CARTESIAN_POINT('Ctrl Pts',(0.621350558865916,2.54386933720568,3.16973992456006));
#5925=CARTESIAN_POINT('Ctrl Pts',(0.607467017696051,2.53254697427137,3.11287649218597));
#5926=CARTESIAN_POINT('Ctrl Pts',(0.55666439291995,2.53003339840596,3.0517165209476));
#5927=CARTESIAN_POINT('Ctrl Pts',(0.456487063426569,2.54755338427055,3.03095377806408));
#5928=CARTESIAN_POINT('Ctrl Pts',(0.38870617150731,2.57384296645873,3.08695603406637));
#5929=CARTESIAN_POINT('Ctrl Pts',(0.367303765854292,2.59553967900644,3.1552202436377));
#5930=CARTESIAN_POINT('Ctrl Pts',(0.372387717764279,2.60466407337185,3.19233364190902));
#5931=CARTESIAN_POINT('Ctrl Pts',(0.384633340880957,2.60906806301154,3.21642270715075));
#5932=CARTESIAN_POINT('Ctrl Pts',(0.405467003389172,2.62094906742332,3.20343493241516));
#5933=CARTESIAN_POINT('Ctrl Pts',(0.412310448913682,2.62336830847189,3.21665992355009));
#5934=CARTESIAN_POINT('Ctrl Pts',(0.431655798097578,2.62602480773935,3.24000699849074));
#5935=CARTESIAN_POINT('Ctrl Pts',(0.486056827346346,2.62166384933382,3.26891128903413));
#5936=CARTESIAN_POINT('Ctrl Pts',(0.552043376821736,2.60094201538246,3.26059259858698));
#5937=CARTESIAN_POINT('Ctrl Pts',(0.595363675710638,2.5743848071727,3.21395411038661));
#5938=CARTESIAN_POINT('Ctrl Pts',(0.607689423277937,2.55717602565043,3.16647407396254));
#5939=CARTESIAN_POINT('Ctrl Pts',(0.595592437146795,2.54719017839896,3.11704147019329));
#5940=CARTESIAN_POINT('Ctrl Pts',(0.550589838021399,2.54629409006325,3.06421229483842));
#5941=CARTESIAN_POINT('Ctrl Pts',(0.463692188635136,2.564828712459,3.04803267049931));
#5942=CARTESIAN_POINT('Ctrl Pts',(0.407576007707152,2.58973013534099,3.0960839522747));
#5943=CARTESIAN_POINT('Ctrl Pts',(0.390526198635302,2.60938712319676,3.15299838206402));
#5944=CARTESIAN_POINT('Ctrl Pts',(0.39520183510241,2.61732020585045,3.18359744571278));
#5945=CARTESIAN_POINT('Ctrl Pts',(0.405467003389172,2.62094906742332,3.20343493241516));
#5946=CARTESIAN_POINT('Ctrl Pts',(0.410892472509008,2.64164651517251,3.19674490405205));
#5947=CARTESIAN_POINT('Ctrl Pts',(0.417578705316339,2.64410918361201,3.20963438670789));
#5948=CARTESIAN_POINT('Ctrl Pts',(0.43669271655648,2.64666196669376,3.23249695731349));
#5949=CARTESIAN_POINT('Ctrl Pts',(0.490863898347251,2.64053518949948,3.25992140677226));
#5950=CARTESIAN_POINT('Ctrl Pts',(0.553330208128174,2.61667910030278,3.25053378469026));
#5951=CARTESIAN_POINT('Ctrl Pts',(0.592761250097564,2.58871482671378,3.20680137593656));
#5952=CARTESIAN_POINT('Ctrl Pts',(0.603765524024534,2.57137464029063,3.16277729304892));
#5953=CARTESIAN_POINT('Ctrl Pts',(0.592396224341167,2.56203300489487,3.11683378950074));
#5954=CARTESIAN_POINT('Ctrl Pts',(0.550817805925742,2.56262369482348,3.06703163710269));
#5955=CARTESIAN_POINT('Ctrl Pts',(0.469229145555,2.58326079963321,3.04935889059288));
#5956=CARTESIAN_POINT('Ctrl Pts',(0.414086454761206,2.60925113313968,3.09347267944707));
#5957=CARTESIAN_POINT('Ctrl Pts',(0.396677529769811,2.62966769649423,3.14776303253891));
#5958=CARTESIAN_POINT('Ctrl Pts',(0.400863123298015,2.63795251251325,3.17741068006831));
#5959=CARTESIAN_POINT('Ctrl Pts',(0.410892472509009,2.64164651517251,3.19674490405206));
#5960=CARTESIAN_POINT('Ctrl Pts',(0.410822723020944,2.65681241369691,3.19393116111785));
#5961=CARTESIAN_POINT('Ctrl Pts',(0.417680828222069,2.65938324474221,3.20720260528827));
#5962=CARTESIAN_POINT('Ctrl Pts',(0.437494150085608,2.66205775288186,3.23078602639957));
#5963=CARTESIAN_POINT('Ctrl Pts',(0.494325008660719,2.65523244929749,3.25798256846524));
#5964=CARTESIAN_POINT('Ctrl Pts',(0.556692380589884,2.62952480669825,3.24593391942137));
#5965=CARTESIAN_POINT('Ctrl Pts',(0.593635762931393,2.60060919849822,3.2022434000248));
#5966=CARTESIAN_POINT('Ctrl Pts',(0.60351166160656,2.58313712950525,3.15963753529115));
#5967=CARTESIAN_POINT('Ctrl Pts',(0.592420659242451,2.57411685863215,3.11536751477258));
#5968=CARTESIAN_POINT('Ctrl Pts',(0.552875176723206,2.57536553979297,3.06643235204881));
#5969=CARTESIAN_POINT('Ctrl Pts',(0.47275860952067,2.59671617772968,3.04608105819114));
#5970=CARTESIAN_POINT('Ctrl Pts',(0.415428969548328,2.62328296750754,3.08881105921665));
#5971=CARTESIAN_POINT('Ctrl Pts',(0.396668022381035,2.64432789057045,3.14363185720757));
#5972=CARTESIAN_POINT('Ctrl Pts',(0.400535565219261,2.65295616712897,3.17402399486224));
#5973=CARTESIAN_POINT('Ctrl Pts',(0.410822723020946,2.65681241369691,3.19393116111786));
#5974=CARTESIAN_POINT('Ctrl Pts',(0.35894280277876,2.61294565979281,3.22895669662091));
#5975=CARTESIAN_POINT('Ctrl Pts',(0.367989803706934,2.61044538038301,3.22475604372085));
#5976=CARTESIAN_POINT('Ctrl Pts',(0.384633340880957,2.60906806301154,3.21642270715075));
#5977=CARTESIAN_POINT('Ctrl Pts',(0.405467003389172,2.62094906742332,3.20343493241516));
#5978=CARTESIAN_POINT('Ctrl Pts',(0.410892472509008,2.64164651517251,3.19674490405205));
#5979=CARTESIAN_POINT('Ctrl Pts',(0.410822723020944,2.65681241369691,3.19393116111785));
#5980=CARTESIAN_POINT('Ctrl Pts',(-0.596512077208097,2.89406497959725,3.57752390014498));
#5981=CARTESIAN_POINT('Ctrl Pts',(-0.596635556397296,2.88821127045169,3.55575124665903));
#5982=CARTESIAN_POINT('Ctrl Pts',(-0.586332506926215,2.87885555021101,3.51156248778801));
#5983=CARTESIAN_POINT('Ctrl Pts',(-0.527293874098426,2.87296287824325,3.43844826630543));
#5984=CARTESIAN_POINT('Ctrl Pts',(-0.404756667331588,2.88849029468776,3.40786323533533));
#5985=CARTESIAN_POINT('Ctrl Pts',(-0.285837123588693,2.92619798394888,3.49506180838678));
#5986=CARTESIAN_POINT('Ctrl Pts',(-0.285992219949563,2.9583314589787,3.61552003971328));
#5987=CARTESIAN_POINT('Ctrl Pts',(-0.345771404211226,2.97023055116708,3.68688489371909));
#5988=CARTESIAN_POINT('Ctrl Pts',(-0.431298760416267,2.96887106781001,3.72779631963871));
#5989=CARTESIAN_POINT('Ctrl Pts',(-0.552180775160086,2.939133058392,3.70422241838856));
#5990=CARTESIAN_POINT('Ctrl Pts',(-0.596265118829697,2.90577239788837,3.62106920711686));
#5991=CARTESIAN_POINT('Ctrl Pts',(-0.596512077208096,2.89406497959725,3.57752390014498));
#5992=CARTESIAN_POINT('Ctrl Pts',(-0.586256641686084,2.896329651642,3.57685947429801));
#5993=CARTESIAN_POINT('Ctrl Pts',(-0.586318350545494,2.8909070287551,3.5566396458266));
#5994=CARTESIAN_POINT('Ctrl Pts',(-0.57670892427454,2.88221460385247,3.51572075968964));
#5995=CARTESIAN_POINT('Ctrl Pts',(-0.522054298746622,2.87644919782498,3.44771701630034));
#5996=CARTESIAN_POINT('Ctrl Pts',(-0.407499904683325,2.89064068119252,3.41835313430952));
#5997=CARTESIAN_POINT('Ctrl Pts',(-0.295271177457674,2.92634957458358,3.49960529507158));
#5998=CARTESIAN_POINT('Ctrl Pts',(-0.295036758371011,2.95661064617204,3.61293581642346));
#5999=CARTESIAN_POINT('Ctrl Pts',(-0.351252352707064,2.96765632865248,3.680177989499));
#6000=CARTESIAN_POINT('Ctrl Pts',(-0.431940163518212,2.966177391716,3.71858197861226));
#6001=CARTESIAN_POINT('Ctrl Pts',(-0.545648014540414,2.93804558505677,3.69531561646532));
#6002=CARTESIAN_POINT('Ctrl Pts',(-0.586133223967263,2.90717489741578,3.61729913124082));
#6003=CARTESIAN_POINT('Ctrl Pts',(-0.586256641686083,2.896329651642,3.57685947429801));
#6004=CARTESIAN_POINT('Ctrl Pts',(-0.566888623768486,2.89724049594314,3.57650947550907));
#6005=CARTESIAN_POINT('Ctrl Pts',(-0.566760605215569,2.89257997179676,3.55911375526516));
#6006=CARTESIAN_POINT('Ctrl Pts',(-0.558384150453233,2.88509669001566,3.52420765676873));
#6007=CARTESIAN_POINT('Ctrl Pts',(-0.512144822120105,2.87958575579672,3.46523709123333));
#6008=CARTESIAN_POINT('Ctrl Pts',(-0.412030004972493,2.89160698385215,3.43715328502239));
#6009=CARTESIAN_POINT('Ctrl Pts',(-0.310952789877638,2.92417608515371,3.50782500180606));
#6010=CARTESIAN_POINT('Ctrl Pts',(-0.309849389386492,2.95153999405017,3.60921626099613));
#6011=CARTESIAN_POINT('Ctrl Pts',(-0.360061053676138,2.96123841858014,3.66963335628169));
#6012=CARTESIAN_POINT('Ctrl Pts',(-0.43271287630829,2.95943091890562,3.70383919082059));
#6013=CARTESIAN_POINT('Ctrl Pts',(-0.53398541541969,2.93330418415537,3.68045995029779));
#6014=CARTESIAN_POINT('Ctrl Pts',(-0.56714466087432,2.9065615442359,3.61130091599688));
#6015=CARTESIAN_POINT('Ctrl Pts',(-0.566888623768486,2.89724049594314,3.57650947550907));
#6016=CARTESIAN_POINT('Ctrl Pts',(-0.541896930853069,2.88397580753113,3.57993930333544));
#6017=CARTESIAN_POINT('Ctrl Pts',(-0.541560384175447,2.87990737345603,3.56575139721124));
#6018=CARTESIAN_POINT('Ctrl Pts',(-0.534618407369248,2.87360202781275,3.53750604944303));
#6019=CARTESIAN_POINT('Ctrl Pts',(-0.498070138325138,2.86962251049966,3.48844945672013));
#6020=CARTESIAN_POINT('Ctrl Pts',(-0.415349257322638,2.88166025833785,3.46195272386192));
#6021=CARTESIAN_POINT('Ctrl Pts',(-0.328430165263906,2.91198040999669,3.52023920475899));
#6022=CARTESIAN_POINT('Ctrl Pts',(-0.326660780557411,2.93679598200066,3.60708034796393));
#6023=CARTESIAN_POINT('Ctrl Pts',(-0.369519632493625,2.94507660504761,3.65918982665031));
#6024=CARTESIAN_POINT('Ctrl Pts',(-0.432052538244273,2.9424653007122,3.68854275813858));
#6025=CARTESIAN_POINT('Ctrl Pts',(-0.517823386223058,2.91664717184548,3.66647330633728));
#6026=CARTESIAN_POINT('Ctrl Pts',(-0.542570024208315,2.89211267568131,3.60831511558381));
#6027=CARTESIAN_POINT('Ctrl Pts',(-0.541896930853071,2.88397580753113,3.57993930333544));
#6028=CARTESIAN_POINT('Ctrl Pts',(-0.535309543758701,2.86219150947181,3.5857591220375));
#6029=CARTESIAN_POINT('Ctrl Pts',(-0.535171357508266,2.85786105597316,3.57186623089662));
#6030=CARTESIAN_POINT('Ctrl Pts',(-0.528501760505617,2.85139589490163,3.54380858826597));
#6031=CARTESIAN_POINT('Ctrl Pts',(-0.492029587092243,2.84910586058813,3.49591162485306));
#6032=CARTESIAN_POINT('Ctrl Pts',(-0.413017417343428,2.86428302928847,3.47216876202422));
#6033=CARTESIAN_POINT('Ctrl Pts',(-0.332660903601693,2.89556097306185,3.52797384626921));
#6034=CARTESIAN_POINT('Ctrl Pts',(-0.331707613032218,2.92034263601526,3.60926066276647));
#6035=CARTESIAN_POINT('Ctrl Pts',(-0.371720093651788,2.92826413988555,3.65803013650554));
#6036=CARTESIAN_POINT('Ctrl Pts',(-0.429669186685266,2.9249973186839,3.68591432833429));
#6037=CARTESIAN_POINT('Ctrl Pts',(-0.50977927032066,2.89771453560747,3.66802573648092));
#6038=CARTESIAN_POINT('Ctrl Pts',(-0.535585916259571,2.87085241646913,3.61354490431926));
#6039=CARTESIAN_POINT('Ctrl Pts',(-0.535309543758702,2.86219150947182,3.5857591220375));
#6040=CARTESIAN_POINT('Ctrl Pts',(-0.535302236155627,2.8469473547806,3.5898566886233));
#6041=CARTESIAN_POINT('Ctrl Pts',(-0.535381089788301,2.84239258434292,3.57544923038648));
#6042=CARTESIAN_POINT('Ctrl Pts',(-0.52863974058926,2.83560241769632,3.54607400290909));
#6043=CARTESIAN_POINT('Ctrl Pts',(-0.490026601106527,2.83368587018838,3.49695931790527));
#6044=CARTESIAN_POINT('Ctrl Pts',(-0.409886097661137,2.85037416798258,3.47545830996854));
#6045=CARTESIAN_POINT('Ctrl Pts',(-0.332102115989508,2.8824837938988,3.53240952915443));
#6046=CARTESIAN_POINT('Ctrl Pts',(-0.332207136192407,2.90743972042845,3.61213282422236));
#6047=CARTESIAN_POINT('Ctrl Pts',(-0.371314404782439,2.91528491051592,3.65974013571299));
#6048=CARTESIAN_POINT('Ctrl Pts',(-0.427262059707401,2.91182862634876,3.68746541005185));
#6049=CARTESIAN_POINT('Ctrl Pts',(-0.506324039946724,2.88414851191576,3.67310928314562));
#6050=CARTESIAN_POINT('Ctrl Pts',(-0.535144528890279,2.85605689565596,3.61867160509691));
#6051=CARTESIAN_POINT('Ctrl Pts',(-0.535302236155627,2.84694735478061,3.58985668862329));
#6052=CARTESIAN_POINT('',(-0.535302236155627,2.8469473547806,3.5898566886233));
#6053=CARTESIAN_POINT('Ctrl Pts',(-0.596512077208097,2.89406497959725,3.57752390014498));
#6054=CARTESIAN_POINT('Ctrl Pts',(-0.586256641686084,2.896329651642,3.57685947429801));
#6055=CARTESIAN_POINT('Ctrl Pts',(-0.566888623768486,2.89724049594314,3.57650947550907));
#6056=CARTESIAN_POINT('Ctrl Pts',(-0.541896930853069,2.88397580753113,3.57993930333544));
#6057=CARTESIAN_POINT('Ctrl Pts',(-0.535309543758701,2.86219150947181,3.5857591220375));
#6058=CARTESIAN_POINT('Ctrl Pts',(-0.535302236155627,2.8469473547806,3.5898566886233));
#6059=CARTESIAN_POINT('',(-0.535303621665145,2.84678776899736,3.58935030476332));
#6060=CARTESIAN_POINT('Ctrl Pts',(-0.535302236155627,2.8469473547806,3.5898566886233));
#6061=CARTESIAN_POINT('Ctrl Pts',(-0.535303159775547,2.84689400433163,3.58968793272747));
#6062=CARTESIAN_POINT('Ctrl Pts',(-0.535303610132115,2.84684081298772,3.58951913839528));
#6063=CARTESIAN_POINT('Ctrl Pts',(-0.535303587720647,2.84678778122822,3.58935030801251));
#6064=CARTESIAN_POINT('Ctrl Pts',(-0.535303587720647,2.84678778122822,3.58935030801251));
#6065=CARTESIAN_POINT('Ctrl Pts',(-0.5353016967631,2.84231325051952,3.57510532086932));
#6066=CARTESIAN_POINT('Ctrl Pts',(-0.528526670767419,2.8355968055216,3.54593018169285));
#6067=CARTESIAN_POINT('Ctrl Pts',(-0.490026601106527,2.83368587018838,3.49695931790527));
#6068=CARTESIAN_POINT('Ctrl Pts',(-0.409886097661137,2.85037416798258,3.47545830996854));
#6069=CARTESIAN_POINT('Ctrl Pts',(-0.332102115989508,2.8824837938988,3.53240952915443));
#6070=CARTESIAN_POINT('Ctrl Pts',(-0.332207136192407,2.90743972042845,3.61213282422236));
#6071=CARTESIAN_POINT('Ctrl Pts',(-0.371314404782439,2.91528491051592,3.65974013571299));
#6072=CARTESIAN_POINT('Ctrl Pts',(-0.427262059707401,2.91182862634876,3.68746541005185));
#6073=CARTESIAN_POINT('Ctrl Pts',(-0.506324039946724,2.88414851191576,3.67310928314562));
#6074=CARTESIAN_POINT('Ctrl Pts',(-0.535144528890279,2.85605689565596,3.61867160509691));
#6075=CARTESIAN_POINT('Ctrl Pts',(-0.535302236155627,2.84694735478061,3.58985668862329));
#6076=CARTESIAN_POINT('Origin',(-0.435303621665145,3.20755821950366,3.5257367401509));
#6077=CARTESIAN_POINT('',(-0.535276196708365,2.72395521628013,3.61104092763995));
#6078=CARTESIAN_POINT('',(-0.535303621665145,3.20755821950366,3.5257367401509));
#6079=CARTESIAN_POINT('',(-0.531488243468369,2.73390286532531,3.63703608301368));
#6080=CARTESIAN_POINT('Ctrl Pts',(-0.531488243468369,2.73390286532531,3.63703608301368));
#6081=CARTESIAN_POINT('Ctrl Pts',(-0.527410628005288,2.73985769374169,3.65054266010258));
#6082=CARTESIAN_POINT('Ctrl Pts',(-0.512809652991769,2.75324411580832,3.67495711357495));
#6083=CARTESIAN_POINT('Ctrl Pts',(-0.464288721678311,2.78048249657366,3.70676171702972));
#6084=CARTESIAN_POINT('Ctrl Pts',(-0.387398357430703,2.79918432480921,3.7007377589273));
#6085=CARTESIAN_POINT('Ctrl Pts',(-0.345035252601918,2.79081691402552,3.65169800839286));
#6086=CARTESIAN_POINT('Ctrl Pts',(-0.33399001324442,2.77895679277863,3.60921184381218));
#6087=CARTESIAN_POINT('Ctrl Pts',(-0.335738122243195,2.76746280367252,3.57503635380235));
#6088=CARTESIAN_POINT('Ctrl Pts',(-0.364963054817785,2.74557720808294,3.52380880103184));
#6089=CARTESIAN_POINT('Ctrl Pts',(-0.440578699854687,2.71938232223315,3.49575102350377));
#6090=CARTESIAN_POINT('Ctrl Pts',(-0.513378530803154,2.70832115683747,3.53749047947834));
#6091=CARTESIAN_POINT('Ctrl Pts',(-0.533504326303742,2.71627322541667,3.58554130465047));
#6092=CARTESIAN_POINT('Ctrl Pts',(-0.535273964100246,2.72215751603931,3.60555335468588));
#6093=CARTESIAN_POINT('Ctrl Pts',(-0.535276196708365,2.72395521628013,3.61104092763995));
#6094=CARTESIAN_POINT('Ctrl Pts',(-0.535276196708365,2.72395521628013,3.61104092763995));
#6095=CARTESIAN_POINT('Ctrl Pts',(-0.535279809632411,2.72686434949118,3.61992120721395));
#6096=CARTESIAN_POINT('Ctrl Pts',(-0.534008478502566,2.73022238899462,3.62868812841137));
#6097=CARTESIAN_POINT('Ctrl Pts',(-0.531488243468369,2.73390286532533,3.63703608301368));
#6098=CARTESIAN_POINT('Ctrl Pts',(-0.568012937555123,2.68939633069003,3.6634797634694));
#6099=CARTESIAN_POINT('Ctrl Pts',(-0.562022641068809,2.69657107180684,3.6840681919828));
#6100=CARTESIAN_POINT('Ctrl Pts',(-0.540567997421983,2.71215339145196,3.72151983934691));
#6101=CARTESIAN_POINT('Ctrl Pts',(-0.469257754870732,2.74221894528998,3.77119188336037));
#6102=CARTESIAN_POINT('Ctrl Pts',(-0.356229518470436,2.76030441871352,3.76394323729393));
#6103=CARTESIAN_POINT('Ctrl Pts',(-0.293946600643631,2.74746071173732,3.69039427159775));
#6104=CARTESIAN_POINT('Ctrl Pts',(-0.277706030931006,2.7317378485407,3.62625177200978));
#6105=CARTESIAN_POINT('Ctrl Pts',(-0.280273496594477,2.71714335025737,3.57447718493368));
#6106=CARTESIAN_POINT('Ctrl Pts',(-0.323232994687593,2.69062628799549,3.49644181633197));
#6107=CARTESIAN_POINT('Ctrl Pts',(-0.434382595529212,2.66194403170086,3.45241132109374));
#6108=CARTESIAN_POINT('Ctrl Pts',(-0.54138108200227,2.65475823043134,3.51338539796403));
#6109=CARTESIAN_POINT('Ctrl Pts',(-0.57637341722638,2.66935279650751,3.59860975906751));
#6110=CARTESIAN_POINT('Ctrl Pts',(-0.574003234041418,2.68222158957323,3.64289133495599));
#6111=CARTESIAN_POINT('Ctrl Pts',(-0.568012937555104,2.68939633069004,3.66347976346939));
#6112=CARTESIAN_POINT('Ctrl Pts',(-0.560046964466335,2.69059062345077,3.66069248150035));
#6113=CARTESIAN_POINT('Ctrl Pts',(-0.554269881463866,2.69735620805011,3.68008154842028));
#6114=CARTESIAN_POINT('Ctrl Pts',(-0.533740663948437,2.71201304210714,3.71527614421829));
#6115=CARTESIAN_POINT('Ctrl Pts',(-0.466083018661821,2.74002130596687,3.76138526578133));
#6116=CARTESIAN_POINT('Ctrl Pts',(-0.360884470910603,2.75666167068279,3.75390920468334));
#6117=CARTESIAN_POINT('Ctrl Pts',(-0.303144585797668,2.74498855268879,3.68559509814751));
#6118=CARTESIAN_POINT('Ctrl Pts',(-0.287848416624519,2.73042261028066,3.62581769331394));
#6119=CARTESIAN_POINT('Ctrl Pts',(-0.290081980458047,2.71680529109411,3.5774710440344));
#6120=CARTESIAN_POINT('Ctrl Pts',(-0.329888753501093,2.69182484386627,3.50435425773901));
#6121=CARTESIAN_POINT('Ctrl Pts',(-0.433785824871123,2.66457856264411,3.46237297404519));
#6122=CARTESIAN_POINT('Ctrl Pts',(-0.535115425714945,2.6577767034057,3.51911121783263));
#6123=CARTESIAN_POINT('Ctrl Pts',(-0.568254905267144,2.67164944266631,3.59953248003648));
#6124=CARTESIAN_POINT('Ctrl Pts',(-0.565824047468786,2.68382503885144,3.64130341458042));
#6125=CARTESIAN_POINT('Ctrl Pts',(-0.560046964466318,2.69059062345077,3.66069248150034));
#6126=CARTESIAN_POINT('Ctrl Pts',(-0.547444672402499,2.69454633020576,3.65555958673774));
#6127=CARTESIAN_POINT('Ctrl Pts',(-0.541966106419992,2.70072083024206,3.67293085018862));
#6128=CARTESIAN_POINT('Ctrl Pts',(-0.522832131731273,2.71405386502726,3.70424133724232));
#6129=CARTESIAN_POINT('Ctrl Pts',(-0.460978073786039,2.73899312878318,3.74366924970124));
#6130=CARTESIAN_POINT('Ctrl Pts',(-0.369633603934037,2.75324868348099,3.73502123932327));
#6131=CARTESIAN_POINT('Ctrl Pts',(-0.319955069620588,2.74364998986892,3.67622858025746));
#6132=CARTESIAN_POINT('Ctrl Pts',(-0.306114825286562,2.73106751732314,3.62424821353611));
#6133=CARTESIAN_POINT('Ctrl Pts',(-0.307600124359247,2.71908400160144,3.58195380152577));
#6134=CARTESIAN_POINT('Ctrl Pts',(-0.341677267535421,2.69657764311689,3.51732781162623));
#6135=CARTESIAN_POINT('Ctrl Pts',(-0.433060674992705,2.67134188912489,3.47843471835718));
#6136=CARTESIAN_POINT('Ctrl Pts',(-0.52531572775758,2.66458235114603,3.52789195001481));
#6137=CARTESIAN_POINT('Ctrl Pts',(-0.555521655889218,2.67721079059862,3.60055259901719));
#6138=CARTESIAN_POINT('Ctrl Pts',(-0.552923238384992,2.68837183016946,3.63818832328686));
#6139=CARTESIAN_POINT('Ctrl Pts',(-0.547444672402486,2.69454633020576,3.65555958673774));
#6140=CARTESIAN_POINT('Ctrl Pts',(-0.534061486080146,2.70710106570785,3.64718411458788));
#6141=CARTESIAN_POINT('Ctrl Pts',(-0.52907572013523,2.71285383647507,3.66204522121203));
#6142=CARTESIAN_POINT('Ctrl Pts',(-0.511932538047106,2.72539343435534,3.68854238005795));
#6143=CARTESIAN_POINT('Ctrl Pts',(-0.45756386666374,2.74902372665749,3.71999629110066));
#6144=CARTESIAN_POINT('Ctrl Pts',(-0.381621948866098,2.76301042855772,3.71002665583524));
#6145=CARTESIAN_POINT('Ctrl Pts',(-0.340569450437405,2.75536925869781,3.66194184836896));
#6146=CARTESIAN_POINT('Ctrl Pts',(-0.328404706185086,2.74442669421387,3.61896007800466));
#6147=CARTESIAN_POINT('Ctrl Pts',(-0.329131501837396,2.73372386874476,3.58375856128113));
#6148=CARTESIAN_POINT('Ctrl Pts',(-0.356963120750642,2.71303123917706,3.52935316061239));
#6149=CARTESIAN_POINT('Ctrl Pts',(-0.434149664301835,2.68853769963341,3.49509341884787));
#6150=CARTESIAN_POINT('Ctrl Pts',(-0.515076823644925,2.68018530135017,3.53670134818993));
#6151=CARTESIAN_POINT('Ctrl Pts',(-0.541645501240084,2.69107079284551,3.59984401564586));
#6152=CARTESIAN_POINT('Ctrl Pts',(-0.539047252025056,2.70134829494063,3.63232300796373));
#6153=CARTESIAN_POINT('Ctrl Pts',(-0.53406148608014,2.70710106570786,3.64718411458788));
#6154=CARTESIAN_POINT('Ctrl Pts',(-0.53094434112646,2.72179686904517,3.64111235969259));
#6155=CARTESIAN_POINT('Ctrl Pts',(-0.526469779004683,2.7276604288391,3.65494688336998));
#6156=CARTESIAN_POINT('Ctrl Pts',(-0.510847916692725,2.74070515145585,3.67968822142409));
#6157=CARTESIAN_POINT('Ctrl Pts',(-0.460583203828245,2.76654064960966,3.71006270556137));
#6158=CARTESIAN_POINT('Ctrl Pts',(-0.38621893753945,2.78362463819882,3.70193317675506));
#6159=CARTESIAN_POINT('Ctrl Pts',(-0.34550651255795,2.77573321548743,3.65469641914375));
#6160=CARTESIAN_POINT('Ctrl Pts',(-0.334159672519132,2.76434392803947,3.61315307855382));
#6161=CARTESIAN_POINT('Ctrl Pts',(-0.335320483611826,2.75323060699569,3.57943538891794));
#6162=CARTESIAN_POINT('Ctrl Pts',(-0.363063128969425,2.73187632959441,3.52809263305488));
#6163=CARTESIAN_POINT('Ctrl Pts',(-0.437457443159988,2.70617191630944,3.49770485471565));
#6164=CARTESIAN_POINT('Ctrl Pts',(-0.512800299926085,2.69584080344455,3.53830827206739));
#6165=CARTESIAN_POINT('Ctrl Pts',(-0.537558617100182,2.70572413120089,3.59711281673449));
#6166=CARTESIAN_POINT('Ctrl Pts',(-0.535418903248233,2.71593330925126,3.6272778360152));
#6167=CARTESIAN_POINT('Ctrl Pts',(-0.530944341126457,2.72179686904518,3.64111235969259));
#6168=CARTESIAN_POINT('Ctrl Pts',(-0.531488243468369,2.73390286532531,3.63703608301368));
#6169=CARTESIAN_POINT('Ctrl Pts',(-0.527410628005288,2.73985769374169,3.65054266010258));
#6170=CARTESIAN_POINT('Ctrl Pts',(-0.512809652991769,2.75324411580832,3.67495711357495));
#6171=CARTESIAN_POINT('Ctrl Pts',(-0.464288721678311,2.78048249657366,3.70676171702972));
#6172=CARTESIAN_POINT('Ctrl Pts',(-0.387398357430703,2.79918432480921,3.7007377589273));
#6173=CARTESIAN_POINT('Ctrl Pts',(-0.345035252601918,2.79081691402552,3.65169800839286));
#6174=CARTESIAN_POINT('Ctrl Pts',(-0.33399001324442,2.77895679277863,3.60921184381218));
#6175=CARTESIAN_POINT('Ctrl Pts',(-0.335738122243195,2.76746280367252,3.57503635380235));
#6176=CARTESIAN_POINT('Ctrl Pts',(-0.364963054817785,2.74557720808294,3.52380880103184));
#6177=CARTESIAN_POINT('Ctrl Pts',(-0.440578699854687,2.71938232223315,3.49575102350377));
#6178=CARTESIAN_POINT('Ctrl Pts',(-0.513378530803154,2.70832115683747,3.53749047947834));
#6179=CARTESIAN_POINT('Ctrl Pts',(-0.53718241917202,2.71772650693929,3.59432284063375));
#6180=CARTESIAN_POINT('Ctrl Pts',(-0.535565858931449,2.72794803690895,3.62352950592479));
#6181=CARTESIAN_POINT('Ctrl Pts',(-0.531488243468369,2.73390286532533,3.63703608301368));
#6182=CARTESIAN_POINT('Ctrl Pts',(-0.568012937555123,2.68939633069003,3.6634797634694));
#6183=CARTESIAN_POINT('Ctrl Pts',(-0.560046964466335,2.69059062345077,3.66069248150035));
#6184=CARTESIAN_POINT('Ctrl Pts',(-0.547444672402499,2.69454633020576,3.65555958673774));
#6185=CARTESIAN_POINT('Ctrl Pts',(-0.534061486080146,2.70710106570785,3.64718411458788));
#6186=CARTESIAN_POINT('Ctrl Pts',(-0.53094434112646,2.72179686904517,3.64111235969259));
#6187=CARTESIAN_POINT('Ctrl Pts',(-0.531488243468369,2.73390286532531,3.63703608301368));
#6188=CARTESIAN_POINT('Ctrl Pts',(-0.573508435386568,2.81939523790545,4.13251223531258));
#6189=CARTESIAN_POINT('Ctrl Pts',(-0.574554377209056,2.82529284873386,4.15428355517531));
#6190=CARTESIAN_POINT('Ctrl Pts',(-0.566425806700242,2.83954717954532,4.19756866552562));
#6191=CARTESIAN_POINT('Ctrl Pts',(-0.514848746340375,2.87192719420356,4.26737267865252));
#6192=CARTESIAN_POINT('Ctrl Pts',(-0.423172654676321,2.89716048294148,4.29061887354179));
#6193=CARTESIAN_POINT('Ctrl Pts',(-0.339033656558715,2.89995828031313,4.25440014063867));
#6194=CARTESIAN_POINT('Ctrl Pts',(-0.277578470822807,2.88839049479342,4.18578264955425));
#6195=CARTESIAN_POINT('Ctrl Pts',(-0.271703257627321,2.85516729489922,4.06575912047949));
#6196=CARTESIAN_POINT('Ctrl Pts',(-0.381191149975911,2.81529094338631,3.97268731135644));
#6197=CARTESIAN_POINT('Ctrl Pts',(-0.500020436539161,2.79883861595885,3.99710876277812));
#6198=CARTESIAN_POINT('Ctrl Pts',(-0.560188388415001,2.80419773838179,4.06710186371886));
#6199=CARTESIAN_POINT('Ctrl Pts',(-0.572462493564069,2.81349762707704,4.11074091544985));
#6200=CARTESIAN_POINT('Ctrl Pts',(-0.573508435386557,2.81939523790545,4.13251223531258));
#6201=CARTESIAN_POINT('Ctrl Pts',(-0.565435847699758,2.82136216653368,4.13237484840824));
#6202=CARTESIAN_POINT('Ctrl Pts',(-0.566354577046367,2.82694607215382,4.15291490102728));
#6203=CARTESIAN_POINT('Ctrl Pts',(-0.558459099035119,2.8404180372301,4.19373000754701));
#6204=CARTESIAN_POINT('Ctrl Pts',(-0.509107297107466,2.87080520667623,4.25915569455423));
#6205=CARTESIAN_POINT('Ctrl Pts',(-0.423042859484028,2.89409617683763,4.28013765543302));
#6206=CARTESIAN_POINT('Ctrl Pts',(-0.345019304132181,2.89672676957301,4.24617324522824));
#6207=CARTESIAN_POINT('Ctrl Pts',(-0.287916655836031,2.88620750818525,4.1823912942862));
#6208=CARTESIAN_POINT('Ctrl Pts',(-0.281961924713952,2.85529468307242,4.07045932032871));
#6209=CARTESIAN_POINT('Ctrl Pts',(-0.383870524543875,2.8174741529886,3.98270114578692));
#6210=CARTESIAN_POINT('Ctrl Pts',(-0.495902911344387,2.8018395157418,4.00484489753349));
#6211=CARTESIAN_POINT('Ctrl Pts',(-0.552973747673053,2.80694900704024,4.07065074203611));
#6212=CARTESIAN_POINT('Ctrl Pts',(-0.56451711835314,2.81577826091355,4.11183479578921));
#6213=CARTESIAN_POINT('Ctrl Pts',(-0.565435847699749,2.82136216653368,4.13237484840824));
#6214=CARTESIAN_POINT('Ctrl Pts',(-0.552741498236861,2.82644693687798,4.13161970737687));
#6215=CARTESIAN_POINT('Ctrl Pts',(-0.553430151196279,2.83156143968809,4.15013755497211));
#6216=CARTESIAN_POINT('Ctrl Pts',(-0.545821892813267,2.84390246445403,4.18684736851357));
#6217=CARTESIAN_POINT('Ctrl Pts',(-0.499784943633278,2.87143599378143,4.244575247975));
#6218=CARTESIAN_POINT('Ctrl Pts',(-0.42324090349977,2.89163736295735,4.2607814273028));
#6219=CARTESIAN_POINT('Ctrl Pts',(-0.356178402438555,2.89402840754995,4.23056921877039));
#6220=CARTESIAN_POINT('Ctrl Pts',(-0.306712661513757,2.88538632964895,4.17554095480746));
#6221=CARTESIAN_POINT('Ctrl Pts',(-0.300131997363537,2.85837535850252,4.07800588800054));
#6222=CARTESIAN_POINT('Ctrl Pts',(-0.388669131780848,2.8236773695686,3.99902324983213));
#6223=CARTESIAN_POINT('Ctrl Pts',(-0.489510085691609,2.80881302015931,4.0169700649254));
#6224=CARTESIAN_POINT('Ctrl Pts',(-0.541695595861524,2.81324978345984,4.07590531215949));
#6225=CARTESIAN_POINT('Ctrl Pts',(-0.552052845277436,2.82133243406787,4.11310185978163));
#6226=CARTESIAN_POINT('Ctrl Pts',(-0.552741498236855,2.82644693687798,4.13161970737687));
#6227=CARTESIAN_POINT('Ctrl Pts',(-0.539016451728277,2.83992269150977,4.1286438265723));
#6228=CARTESIAN_POINT('Ctrl Pts',(-0.539501589854969,2.84459957725744,4.14464644077205));
#6229=CARTESIAN_POINT('Ctrl Pts',(-0.532484477614784,2.85606512951938,4.17622099714461));
#6230=CARTESIAN_POINT('Ctrl Pts',(-0.49119319906178,2.88205950836432,4.22449099101385));
#6231=CARTESIAN_POINT('Ctrl Pts',(-0.425857850312619,2.9013067914425,4.2352049103692));
#6232=CARTESIAN_POINT('Ctrl Pts',(-0.37068175934635,2.90443513826426,4.20918227027391));
#6233=CARTESIAN_POINT('Ctrl Pts',(-0.329486433023315,2.89760648135961,4.16401551107619));
#6234=CARTESIAN_POINT('Ctrl Pts',(-0.32245669967726,2.87363641872688,4.08323032075847));
#6235=CARTESIAN_POINT('Ctrl Pts',(-0.396164976056543,2.84087852351083,4.01545066243232));
#6236=CARTESIAN_POINT('Ctrl Pts',(-0.483549862570355,2.82515179728702,4.02950557639748));
#6237=CARTESIAN_POINT('Ctrl Pts',(-0.529560112365368,2.82804183273268,4.08036802830757));
#6238=CARTESIAN_POINT('Ctrl Pts',(-0.538531313601582,2.8352458057621,4.11264121237256));
#6239=CARTESIAN_POINT('Ctrl Pts',(-0.539016451728275,2.83992269150977,4.1286438265723));
#6240=CARTESIAN_POINT('Ctrl Pts',(-0.535244263228645,2.8545679311584,4.12486440212274));
#6241=CARTESIAN_POINT('Ctrl Pts',(-0.535808863002163,2.8591768645581,4.13973468682118));
#6242=CARTESIAN_POINT('Ctrl Pts',(-0.52958527596828,2.87077152532398,4.16905953753544));
#6243=CARTESIAN_POINT('Ctrl Pts',(-0.49207114020284,2.89814085607521,4.21437550841232));
#6244=CARTESIAN_POINT('Ctrl Pts',(-0.429915600781755,2.92039139178151,4.22603986590945));
#6245=CARTESIAN_POINT('Ctrl Pts',(-0.375153538661892,2.9249161169572,4.20122421250163));
#6246=CARTESIAN_POINT('Ctrl Pts',(-0.334667391574875,2.91792009463145,4.15695320601028));
#6247=CARTESIAN_POINT('Ctrl Pts',(-0.329211691206525,2.89287830867341,4.07919582745291));
#6248=CARTESIAN_POINT('Ctrl Pts',(-0.401280883158181,2.85906100114629,4.0167276044189));
#6249=CARTESIAN_POINT('Ctrl Pts',(-0.483494086290535,2.8415446713007,4.03202781652311));
#6250=CARTESIAN_POINT('Ctrl Pts',(-0.526205893163612,2.84313696443853,4.0799675030602));
#6251=CARTESIAN_POINT('Ctrl Pts',(-0.534679663455126,2.8499589977587,4.10999411742429));
#6252=CARTESIAN_POINT('Ctrl Pts',(-0.535244263228644,2.8545679311584,4.12486440212274));
#6253=CARTESIAN_POINT('Ctrl Pts',(-0.535191370206863,2.86660037123068,4.1216101913466));
#6254=CARTESIAN_POINT('Ctrl Pts',(-0.535901311078519,2.87119128309032,4.13600223311674));
#6255=CARTESIAN_POINT('Ctrl Pts',(-0.530367918145101,2.88287067703117,4.1644611983543));
#6256=CARTESIAN_POINT('Ctrl Pts',(-0.495274778625403,2.91118299023476,4.2097803328932));
#6257=CARTESIAN_POINT('Ctrl Pts',(-0.432912209236436,2.93519058544709,4.2239848066705));
#6258=CARTESIAN_POINT('Ctrl Pts',(-0.375683650410745,2.94027477286391,4.19926461367485));
#6259=CARTESIAN_POINT('Ctrl Pts',(-0.333886381861213,2.93288855412649,4.15346955038599));
#6260=CARTESIAN_POINT('Ctrl Pts',(-0.329893444062351,2.90686422985452,4.07417020635603));
#6261=CARTESIAN_POINT('Ctrl Pts',(-0.404368471168725,2.872443967128,4.01355259086881));
#6262=CARTESIAN_POINT('Ctrl Pts',(-0.485204686169873,2.85431742064635,4.03111339924962));
#6263=CARTESIAN_POINT('Ctrl Pts',(-0.526134255134484,2.85535168373564,4.07821590166895));
#6264=CARTESIAN_POINT('Ctrl Pts',(-0.534481429335206,2.86200945937104,4.10721814957646));
#6265=CARTESIAN_POINT('Ctrl Pts',(-0.535191370206863,2.86660037123068,4.1216101913466));
#6266=CARTESIAN_POINT('',(-0.535191370206863,2.86660037123068,4.1216101913466));
#6267=CARTESIAN_POINT('Ctrl Pts',(-0.573508435386568,2.81939523790545,4.13251223531258));
#6268=CARTESIAN_POINT('Ctrl Pts',(-0.565435847699758,2.82136216653368,4.13237484840824));
#6269=CARTESIAN_POINT('Ctrl Pts',(-0.552741498236861,2.82644693687798,4.13161970737687));
#6270=CARTESIAN_POINT('Ctrl Pts',(-0.539016451728277,2.83992269150977,4.1286438265723));
#6271=CARTESIAN_POINT('Ctrl Pts',(-0.535244263228645,2.8545679311584,4.12486440212274));
#6272=CARTESIAN_POINT('Ctrl Pts',(-0.535191370206863,2.86660037123068,4.1216101913466));
#6273=CARTESIAN_POINT('',(-0.535300538251724,2.86809342681861,4.12615559118259));
#6274=CARTESIAN_POINT('Ctrl Pts',(-0.535191370206863,2.86660037123068,4.1216101913466));
#6275=CARTESIAN_POINT('Ctrl Pts',(-0.535266223732511,2.86708441990622,4.12312763471517));
#6276=CARTESIAN_POINT('Ctrl Pts',(-0.535302428143261,2.8675823510879,4.12464327094463));
#6277=CARTESIAN_POINT('Ctrl Pts',(-0.535300538251724,2.86809342681861,4.12615559118259));
#6278=CARTESIAN_POINT('Ctrl Pts',(-0.535300538251724,2.86809342681861,4.12615559118259));
#6279=CARTESIAN_POINT('Ctrl Pts',(-0.535284503653618,2.87242959838319,4.1389867228884));
#6280=CARTESIAN_POINT('Ctrl Pts',(-0.529442895610129,2.88361696328794,4.16565576861184));
#6281=CARTESIAN_POINT('Ctrl Pts',(-0.495274778625403,2.91118299023476,4.2097803328932));
#6282=CARTESIAN_POINT('Ctrl Pts',(-0.432912209236436,2.93519058544709,4.2239848066705));
#6283=CARTESIAN_POINT('Ctrl Pts',(-0.375683650410745,2.94027477286391,4.19926461367485));
#6284=CARTESIAN_POINT('Ctrl Pts',(-0.333886381861213,2.93288855412649,4.15346955038599));
#6285=CARTESIAN_POINT('Ctrl Pts',(-0.329893444062351,2.90686422985452,4.07417020635603));
#6286=CARTESIAN_POINT('Ctrl Pts',(-0.404368471168725,2.872443967128,4.01355259086881));
#6287=CARTESIAN_POINT('Ctrl Pts',(-0.485204686169873,2.85431742064635,4.03111339924962));
#6288=CARTESIAN_POINT('Ctrl Pts',(-0.526134255134484,2.85535168373564,4.07821590166895));
#6289=CARTESIAN_POINT('Ctrl Pts',(-0.534481429335206,2.86200945937104,4.10721814957646));
#6290=CARTESIAN_POINT('Ctrl Pts',(-0.535191370206863,2.86660037123068,4.1216101913466));
#6291=CARTESIAN_POINT('Origin',(-0.435303621665145,3.3,4.05000012925292));
#6292=CARTESIAN_POINT('',(-0.535288906732359,2.98548568912928,4.10371538520466));
#6293=CARTESIAN_POINT('',(-0.535302742904555,2.98600960036422,4.10536478839692));
#6294=CARTESIAN_POINT('Ctrl Pts',(-0.535288906732359,2.98548568912928,4.10371538520466));
#6295=CARTESIAN_POINT('Ctrl Pts',(-0.535031950160299,2.98096057282067,4.08930714112193));
#6296=CARTESIAN_POINT('Ctrl Pts',(-0.527607499446715,2.9742423521624,4.06003737035633));
#6297=CARTESIAN_POINT('Ctrl Pts',(-0.487828984931049,2.97251966757281,4.01174359980566));
#6298=CARTESIAN_POINT('Ctrl Pts',(-0.407337385008018,2.98942277867214,3.99215901658864));
#6299=CARTESIAN_POINT('Ctrl Pts',(-0.331015251637263,3.02199801266306,4.05073872449382));
#6300=CARTESIAN_POINT('Ctrl Pts',(-0.332976913353799,3.0471583781581,4.13036265910283));
#6301=CARTESIAN_POINT('Ctrl Pts',(-0.373153683854058,3.05477006344984,4.17713778601297));
#6302=CARTESIAN_POINT('Ctrl Pts',(-0.429656370144998,3.05087333561161,4.20361811477027));
#6303=CARTESIAN_POINT('Ctrl Pts',(-0.507631846981198,3.02288875635291,4.18780310163839));
#6304=CARTESIAN_POINT('Ctrl Pts',(-0.535273114942828,2.99507272174538,4.13358113507529));
#6305=CARTESIAN_POINT('Ctrl Pts',(-0.535302742904555,2.98600960036422,4.10536478839692));
#6306=CARTESIAN_POINT('Ctrl Pts',(-0.535302742904555,2.98600960036422,4.10536478839692));
#6307=CARTESIAN_POINT('Ctrl Pts',(-0.535303319690144,2.98583316305641,4.10481548357858));
#6308=CARTESIAN_POINT('Ctrl Pts',(-0.535298720345178,2.98565851109316,4.10426566079284));
#6309=CARTESIAN_POINT('Ctrl Pts',(-0.535288906732359,2.98548568912929,4.10371538520465));
#6310=CARTESIAN_POINT('',(-0.535303624856574,3.3,4.05000012925292));
#6311=CARTESIAN_POINT('Ctrl Pts',(0.404331105599728,2.88853399501802,4.2513432683466));
#6312=CARTESIAN_POINT('Ctrl Pts',(0.440444532380764,2.88987148051494,4.27797765552626));
#6313=CARTESIAN_POINT('Ctrl Pts',(0.535686533430012,2.87629880638915,4.2964142561775));
#6314=CARTESIAN_POINT('Ctrl Pts',(0.619034693634174,2.83499489105986,4.22890202347489));
#6315=CARTESIAN_POINT('Ctrl Pts',(0.642271703296638,2.80480699897315,4.14514987008227));
#6316=CARTESIAN_POINT('Ctrl Pts',(0.63106269563247,2.79091750988239,4.08470218767396));
#6317=CARTESIAN_POINT('Ctrl Pts',(0.586007724789715,2.78555234841592,4.02313590006587));
#6318=CARTESIAN_POINT('Ctrl Pts',(0.504456346941494,2.79295042028129,3.97789024569928));
#6319=CARTESIAN_POINT('Ctrl Pts',(0.380403197463848,2.82426613107526,4.00662827384725));
#6320=CARTESIAN_POINT('Ctrl Pts',(0.321766444199998,2.86882581984575,4.13754155784961));
#6321=CARTESIAN_POINT('Ctrl Pts',(0.368217678818704,2.8871965095211,4.22470888116693));
#6322=CARTESIAN_POINT('Ctrl Pts',(0.404331105599737,2.88853399501802,4.25134326834659));
#6323=CARTESIAN_POINT('Ctrl Pts',(0.410144610624458,2.88529908809137,4.24345611988296));
#6324=CARTESIAN_POINT('Ctrl Pts',(0.443630171431251,2.88648596583062,4.26829495176463));
#6325=CARTESIAN_POINT('Ctrl Pts',(0.532128245139185,2.87403433804112,4.2861570213372));
#6326=CARTESIAN_POINT('Ctrl Pts',(0.611616427484043,2.83544781895461,4.22342228100011));
#6327=CARTESIAN_POINT('Ctrl Pts',(0.634125974541563,2.8069030252641,4.14443847232203));
#6328=CARTESIAN_POINT('Ctrl Pts',(0.623622022671715,2.79371526206934,4.08733665507594));
#6329=CARTESIAN_POINT('Ctrl Pts',(0.580864119425739,2.78861490731859,4.02937266776181));
#6330=CARTESIAN_POINT('Ctrl Pts',(0.503601664514901,2.79565314479831,3.9872615087798));
#6331=CARTESIAN_POINT('Ctrl Pts',(0.387332411987901,2.82543047386288,4.01517581833431));
#6332=CARTESIAN_POINT('Ctrl Pts',(0.333412500936149,2.86731705832978,4.13771966850965));
#6333=CARTESIAN_POINT('Ctrl Pts',(0.376659049817675,2.88411221035211,4.21861728800128));
#6334=CARTESIAN_POINT('Ctrl Pts',(0.410144610624466,2.88529908809136,4.24345611988295));
#6335=CARTESIAN_POINT('Ctrl Pts',(0.421089883406318,2.88259797774482,4.2284518204089));
#6336=CARTESIAN_POINT('Ctrl Pts',(0.449867315407122,2.88348909379054,4.25013859306495));
#6337=CARTESIAN_POINT('Ctrl Pts',(0.526329139425981,2.87293005560732,4.26769176283998));
#6338=CARTESIAN_POINT('Ctrl Pts',(0.599879141176925,2.83831330633915,4.21385657447362));
#6339=CARTESIAN_POINT('Ctrl Pts',(0.621404997947302,2.81208792219256,4.14281465795926));
#6340=CARTESIAN_POINT('Ctrl Pts',(0.612056927096681,2.79998295468329,4.0911199385316));
#6341=CARTESIAN_POINT('Ctrl Pts',(0.572927405858541,2.79550900386509,4.03902436265217));
#6342=CARTESIAN_POINT('Ctrl Pts',(0.502557635371215,2.80242696618621,4.00227051450597));
#6343=CARTESIAN_POINT('Ctrl Pts',(0.399590419072029,2.83020160136849,4.02931543971319));
#6344=CARTESIAN_POINT('Ctrl Pts',(0.354564891239479,2.86770906051454,4.13733328457588));
#6345=CARTESIAN_POINT('Ctrl Pts',(0.392312451405522,2.88170686169911,4.20676504775285));
#6346=CARTESIAN_POINT('Ctrl Pts',(0.421089883406324,2.88259797774482,4.2284518204089));
#6347=CARTESIAN_POINT('Ctrl Pts',(0.435741874792338,2.89304212110579,4.20772355756367));
#6348=CARTESIAN_POINT('Ctrl Pts',(0.459425972293183,2.89329904345481,4.22589241383252));
#6349=CARTESIAN_POINT('Ctrl Pts',(0.522567552255022,2.88273331758788,4.24306775114689));
#6350=CARTESIAN_POINT('Ctrl Pts',(0.58794959271416,2.84982379628588,4.19989777445076));
#6351=CARTESIAN_POINT('Ctrl Pts',(0.607673576482671,2.82525796737951,4.13884493154003));
#6352=CARTESIAN_POINT('Ctrl Pts',(0.599631768132936,2.8143502651927,4.09389554729878));
#6353=CARTESIAN_POINT('Ctrl Pts',(0.565113871963895,2.81120803499333,4.04877452005749));
#6354=CARTESIAN_POINT('Ctrl Pts',(0.5033936815235,2.81931615236078,4.01776079399121));
#6355=CARTESIAN_POINT('Ctrl Pts',(0.415823323081829,2.84680256712922,4.04244339065552));
#6356=CARTESIAN_POINT('Ctrl Pts',(0.380264918377883,2.88117693348764,4.1330500783333));
#6357=CARTESIAN_POINT('Ctrl Pts',(0.412057777291495,2.89278519875677,4.18955470129482));
#6358=CARTESIAN_POINT('Ctrl Pts',(0.43574187479234,2.89304212110579,4.20772355756367));
#6359=CARTESIAN_POINT('Ctrl Pts',(0.440714392391603,2.91362528748508,4.19991014715889));
#6360=CARTESIAN_POINT('Ctrl Pts',(0.464227382384061,2.91342548321863,4.21754337736815));
#6361=CARTESIAN_POINT('Ctrl Pts',(0.526412958485516,2.89998995495563,4.23266163312762));
#6362=CARTESIAN_POINT('Ctrl Pts',(0.586132566227654,2.86434596483566,4.19121061363692));
#6363=CARTESIAN_POINT('Ctrl Pts',(0.603744731689171,2.83940902356648,4.13461007903645));
#6364=CARTESIAN_POINT('Ctrl Pts',(0.596085621924553,2.82894752463939,4.09290536814329));
#6365=CARTESIAN_POINT('Ctrl Pts',(0.564063332314419,2.82688085422323,4.05052489743018));
#6366=CARTESIAN_POINT('Ctrl Pts',(0.506619401405834,2.83655779557991,4.0202448406898));
#6367=CARTESIAN_POINT('Ctrl Pts',(0.422884439893905,2.86574112841437,4.04089119461902));
#6368=CARTESIAN_POINT('Ctrl Pts',(0.386273492836398,2.90147999466614,4.12661823759158));
#6369=CARTESIAN_POINT('Ctrl Pts',(0.417201402399148,2.91382509175152,4.18227691694964));
#6370=CARTESIAN_POINT('Ctrl Pts',(0.440714392391604,2.91362528748508,4.1999101471589));
#6371=CARTESIAN_POINT('Ctrl Pts',(0.44166195560246,2.92894251293718,4.19790041564069));
#6372=CARTESIAN_POINT('Ctrl Pts',(0.466224511711165,2.92862909156646,4.21587046795879));
#6373=CARTESIAN_POINT('Ctrl Pts',(0.531006154395852,2.91378494653022,4.22920197073385));
#6374=CARTESIAN_POINT('Ctrl Pts',(0.587710469799409,2.87632557158817,4.18598393877344));
#6375=CARTESIAN_POINT('Ctrl Pts',(0.603525678783097,2.85109568759114,4.13107859363199));
#6376=CARTESIAN_POINT('Ctrl Pts',(0.595904565339048,2.84085634272084,4.09096692481686));
#6377=CARTESIAN_POINT('Ctrl Pts',(0.56525669959323,2.83928887234761,4.049574389602));
#6378=CARTESIAN_POINT('Ctrl Pts',(0.509778920659678,2.84958062483979,4.0184580626314));
#6379=CARTESIAN_POINT('Ctrl Pts',(0.425392443886782,2.87938238862383,4.03600451541827));
#6380=CARTESIAN_POINT('Ctrl Pts',(0.385507650744187,2.91616414920209,4.12198124168078));
#6381=CARTESIAN_POINT('Ctrl Pts',(0.417099399493759,2.9292559343079,4.1799303633226));
#6382=CARTESIAN_POINT('Ctrl Pts',(0.441661955602462,2.92894251293718,4.19790041564069));
#6383=CARTESIAN_POINT('',(0.44166195560246,2.92894251293718,4.19790041564069));
#6384=CARTESIAN_POINT('Ctrl Pts',(0.404331105599728,2.88853399501802,4.2513432683466));
#6385=CARTESIAN_POINT('Ctrl Pts',(0.410144610624458,2.88529908809137,4.24345611988296));
#6386=CARTESIAN_POINT('Ctrl Pts',(0.421089883406318,2.88259797774482,4.2284518204089));
#6387=CARTESIAN_POINT('Ctrl Pts',(0.435741874792338,2.89304212110579,4.20772355756367));
#6388=CARTESIAN_POINT('Ctrl Pts',(0.440714392391603,2.91362528748508,4.19991014715889));
#6389=CARTESIAN_POINT('Ctrl Pts',(0.44166195560246,2.92894251293718,4.19790041564069));
#6390=CARTESIAN_POINT('',(0.399972003139521,2.91205543951217,4.11835551245346));
#6391=CARTESIAN_POINT('Ctrl Pts',(0.44166195560246,2.92894251293718,4.19790041564069));
#6392=CARTESIAN_POINT('Ctrl Pts',(0.466224511711165,2.92862909156646,4.21587046795879));
#6393=CARTESIAN_POINT('Ctrl Pts',(0.531006154395852,2.91378494653022,4.22920197073385));
#6394=CARTESIAN_POINT('Ctrl Pts',(0.587710469799409,2.87632557158817,4.18598393877344));
#6395=CARTESIAN_POINT('Ctrl Pts',(0.603525678783097,2.85109568759114,4.13107859363199));
#6396=CARTESIAN_POINT('Ctrl Pts',(0.595904565339048,2.84085634272084,4.09096692481686));
#6397=CARTESIAN_POINT('Ctrl Pts',(0.56525669959323,2.83928887234761,4.049574389602));
#6398=CARTESIAN_POINT('Ctrl Pts',(0.509778920659678,2.84958062483979,4.0184580626314));
#6399=CARTESIAN_POINT('Ctrl Pts',(0.426778073607262,2.87889304233043,4.03571640187923));
#6400=CARTESIAN_POINT('Ctrl Pts',(0.399984457455163,2.90283089901434,4.09083373575625));
#6401=CARTESIAN_POINT('Ctrl Pts',(0.399972003139521,2.91205543951217,4.11835551245343));
#6402=CARTESIAN_POINT('Ctrl Pts',(0.399972003139521,2.91205543951217,4.11835551245343));
#6403=CARTESIAN_POINT('Ctrl Pts',(0.399971432833187,2.91247784841999,4.1196157859206));
#6404=CARTESIAN_POINT('Ctrl Pts',(0.40061187455025,2.92242341815952,4.14968709961163));
#6405=CARTESIAN_POINT('Ctrl Pts',(0.417099399493759,2.9292559343079,4.1799303633226));
#6406=CARTESIAN_POINT('Ctrl Pts',(0.441661955602462,2.92894251293718,4.19790041564069));
#6407=CARTESIAN_POINT('Origin',(0.500000014361435,3.3,4.05000012925291));
#6408=CARTESIAN_POINT('',(0.457782652770058,3.04282406874968,4.18739712982535));
#6409=CARTESIAN_POINT('',(0.399994490597423,3.02786794499811,4.09798751091424));
#6410=CARTESIAN_POINT('Ctrl Pts',(0.457782652770058,3.04282406874968,4.18739712982535));
#6411=CARTESIAN_POINT('Ctrl Pts',(0.444171484301034,3.04426256081961,4.18070683261917));
#6412=CARTESIAN_POINT('Ctrl Pts',(0.41972706621861,3.04398489926347,4.16146641350036));
#6413=CARTESIAN_POINT('Ctrl Pts',(0.402574352092919,3.03666912386902,4.12723602773629));
#6414=CARTESIAN_POINT('Ctrl Pts',(0.399992032505711,3.03021864360278,4.1053416876824));
#6415=CARTESIAN_POINT('Ctrl Pts',(0.399994490597423,3.02786794499811,4.09798751091424));
#6416=CARTESIAN_POINT('Ctrl Pts',(0.399994490597423,3.02786794499811,4.09798751091424));
#6417=CARTESIAN_POINT('Ctrl Pts',(0.399996855633882,3.02560623609826,4.09091173905022));
#6418=CARTESIAN_POINT('Ctrl Pts',(0.402463768191033,3.01824520360754,4.06951070560502));
#6419=CARTESIAN_POINT('Ctrl Pts',(0.418976405738571,3.00430463761034,4.0368355953933));
#6420=CARTESIAN_POINT('Ctrl Pts',(0.454820573902047,2.98736170953597,4.01074428744993));
#6421=CARTESIAN_POINT('Ctrl Pts',(0.504319032368853,2.97066874155456,4.00189604862546));
#6422=CARTESIAN_POINT('Ctrl Pts',(0.54411413464319,2.96170173445603,4.01552615280664));
#6423=CARTESIAN_POINT('Ctrl Pts',(0.567794859862021,2.95925729172569,4.03492627924666));
#6424=CARTESIAN_POINT('Ctrl Pts',(0.585086977315924,2.95876102600912,4.05364363863325));
#6425=CARTESIAN_POINT('Ctrl Pts',(0.600859470057321,2.96284499287695,4.08603915891133));
#6426=CARTESIAN_POINT('Ctrl Pts',(0.600894024961208,2.98191178358834,4.14549610534291));
#6427=CARTESIAN_POINT('Ctrl Pts',(0.560464046981161,3.01272244656795,4.1913575309728));
#6428=CARTESIAN_POINT('Ctrl Pts',(0.501360049308957,3.03532732227997,4.20149006282084));
#6429=CARTESIAN_POINT('Ctrl Pts',(0.471393821239082,3.04138557667975,4.19408742703153));
#6430=CARTESIAN_POINT('Ctrl Pts',(0.457782652770057,3.04282406874968,4.18739712982535));
#6431=CARTESIAN_POINT('',(0.400000014361435,3.3,4.05000012925291));
#6432=CARTESIAN_POINT('Ctrl Pts',(0.422803480776987,2.95917044531167,3.69056761953769));
#6433=CARTESIAN_POINT('Ctrl Pts',(0.384865803015847,2.95851236799274,3.66463888173618));
#6434=CARTESIAN_POINT('Ctrl Pts',(0.33479330205423,2.94213916316929,3.57910069871968));
#6435=CARTESIAN_POINT('Ctrl Pts',(0.392515978088531,2.89945633352412,3.44619143444301));
#6436=CARTESIAN_POINT('Ctrl Pts',(0.504927630056465,2.87224086296348,3.41839633545031));
#6437=CARTESIAN_POINT('Ctrl Pts',(0.592652558338043,2.86058909552108,3.44845620784898));
#6438=CARTESIAN_POINT('Ctrl Pts',(0.645527394517151,2.86049736877442,3.49791440863492));
#6439=CARTESIAN_POINT('Ctrl Pts',(0.667445328001537,2.87415199933569,3.57127276967338));
#6440=CARTESIAN_POINT('Ctrl Pts',(0.651904567816328,2.90182212295051,3.6587353688065));
#6441=CARTESIAN_POINT('Ctrl Pts',(0.560089684112451,2.94545018395567,3.7334762915761));
#6442=CARTESIAN_POINT('Ctrl Pts',(0.460741158538121,2.9598285226306,3.71649635733919));
#6443=CARTESIAN_POINT('Ctrl Pts',(0.42280348077698,2.95917044531167,3.69056761953768));
#6444=CARTESIAN_POINT('Ctrl Pts',(0.427588086545675,2.95655268417163,3.68377188300741));
#6445=CARTESIAN_POINT('Ctrl Pts',(0.391802228154954,2.9560334435416,3.65941502596988));
#6446=CARTESIAN_POINT('Ctrl Pts',(0.344747211737798,2.94075818802415,3.5787142406257));
#6447=CARTESIAN_POINT('Ctrl Pts',(0.399668002915723,2.90034016514907,3.45393923527586));
#6448=CARTESIAN_POINT('Ctrl Pts',(0.505502260701422,2.87473714275992,3.4285736543092));
#6449=CARTESIAN_POINT('Ctrl Pts',(0.587440527968919,2.86410541026776,3.45716112815919));
#6450=CARTESIAN_POINT('Ctrl Pts',(0.636432835797818,2.8642772277904,3.50329783715401));
#6451=CARTESIAN_POINT('Ctrl Pts',(0.656721501973857,2.8770071789342,3.57113704599247));
#6452=CARTESIAN_POINT('Ctrl Pts',(0.642731195884109,2.90250619797749,3.65238133542925));
#6453=CARTESIAN_POINT('Ctrl Pts',(0.557238996322885,2.94324417527572,3.72355056976796));
#6454=CARTESIAN_POINT('Ctrl Pts',(0.463373944936388,2.95707192480165,3.70812874004492));
#6455=CARTESIAN_POINT('Ctrl Pts',(0.427588086545667,2.95655268417162,3.6837718830074));
#6456=CARTESIAN_POINT('Ctrl Pts',(0.435158268202113,2.95008490377184,3.67308897568024));
#6457=CARTESIAN_POINT('Ctrl Pts',(0.402953710890897,2.94985261338804,3.65136328556528));
#6458=CARTESIAN_POINT('Ctrl Pts',(0.36097707987487,2.93626841672019,3.57859236614221));
#6459=CARTESIAN_POINT('Ctrl Pts',(0.411522592125821,2.89934322939795,3.46763040248584));
#6460=CARTESIAN_POINT('Ctrl Pts',(0.506069049317918,2.87626420889779,3.44707358843472));
#6461=CARTESIAN_POINT('Ctrl Pts',(0.577405727541469,2.86729885425141,3.47367727145798));
#6462=CARTESIAN_POINT('Ctrl Pts',(0.618924527582807,2.86792210249304,3.51409907702145));
#6463=CARTESIAN_POINT('Ctrl Pts',(0.636124235365718,2.87895428739313,3.57173453847596));
#6464=CARTESIAN_POINT('Ctrl Pts',(0.62561611096794,2.90057265839959,3.64166728340093));
#6465=CARTESIAN_POINT('Ctrl Pts',(0.552138949973322,2.93697202279985,3.70735119719316));
#6466=CARTESIAN_POINT('Ctrl Pts',(0.467362825513322,2.95031719415564,3.69481466579518));
#6467=CARTESIAN_POINT('Ctrl Pts',(0.435158268202106,2.95008490377184,3.67308897568023));
#6468=CARTESIAN_POINT('Ctrl Pts',(0.442897974632306,2.93394637798178,3.66245055612017));
#6469=CARTESIAN_POINT('Ctrl Pts',(0.415198848905019,2.93423024278463,3.64380118878312));
#6470=CARTESIAN_POINT('Ctrl Pts',(0.379386209639917,2.92232562029131,3.58081452353727));
#6471=CARTESIAN_POINT('Ctrl Pts',(0.42390283652602,2.8883463914174,3.48652272482283));
#6472=CARTESIAN_POINT('Ctrl Pts',(0.50428712273427,2.86636980527163,3.47146212399808));
#6473=CARTESIAN_POINT('Ctrl Pts',(0.5628572392487,2.85724379913842,3.49580708602717));
#6474=CARTESIAN_POINT('Ctrl Pts',(0.59569155348861,2.85698919745964,3.52997665005732));
#6475=CARTESIAN_POINT('Ctrl Pts',(0.609378139804075,2.86610010789377,3.57644585751903));
#6476=CARTESIAN_POINT('Ctrl Pts',(0.602788468618728,2.88517496023357,3.6333464007831));
#6477=CARTESIAN_POINT('Ctrl Pts',(0.543726765105786,2.91987766858768,3.69091609290834));
#6478=CARTESIAN_POINT('Ctrl Pts',(0.470597100359586,2.93366251317892,3.68109992345722));
#6479=CARTESIAN_POINT('Ctrl Pts',(0.4428979746323,2.93394637798177,3.66245055612017));
#6480=CARTESIAN_POINT('Ctrl Pts',(0.444144976939196,2.91727259617616,3.66115568573733));
#6481=CARTESIAN_POINT('Ctrl Pts',(0.418475006404135,2.91788757168734,3.64348691836399));
#6482=CARTESIAN_POINT('Ctrl Pts',(0.385001389294548,2.9063191963012,3.58479494829285));
#6483=CARTESIAN_POINT('Ctrl Pts',(0.425368003787877,2.87214291934386,3.4962037127718));
#6484=CARTESIAN_POINT('Ctrl Pts',(0.500271238363936,2.84828306147819,3.48083451957049));
#6485=CARTESIAN_POINT('Ctrl Pts',(0.556476353120591,2.83656949830904,3.50315453094489));
#6486=CARTESIAN_POINT('Ctrl Pts',(0.589165290357672,2.83448490293569,3.53617906561277));
#6487=CARTESIAN_POINT('Ctrl Pts',(0.602796041610494,2.84352213619573,3.58264729487335));
#6488=CARTESIAN_POINT('Ctrl Pts',(0.594715821587741,2.86457629037268,3.63816086377746));
#6489=CARTESIAN_POINT('Ctrl Pts',(0.537263361953475,2.90196346281891,3.68944705336424));
#6490=CARTESIAN_POINT('Ctrl Pts',(0.469814947474249,2.91665762066496,3.67882445311066));
#6491=CARTESIAN_POINT('Ctrl Pts',(0.444144976939189,2.91727259617615,3.66115568573732));
#6492=CARTESIAN_POINT('Ctrl Pts',(0.443257756802292,2.90433838209833,3.66281552255941));
#6493=CARTESIAN_POINT('Ctrl Pts',(0.418440227806932,2.90505145817497,3.64532423109564));
#6494=CARTESIAN_POINT('Ctrl Pts',(0.385680958750134,2.89359619321051,3.58837371107904));
#6495=CARTESIAN_POINT('Ctrl Pts',(0.423435709048443,2.85903390326621,3.50078865590173));
#6496=CARTESIAN_POINT('Ctrl Pts',(0.496958893838892,2.83402678403364,3.48344008618359));
#6497=CARTESIAN_POINT('Ctrl Pts',(0.554332107815138,2.82113347058845,3.50438023384143));
#6498=CARTESIAN_POINT('Ctrl Pts',(0.588913484628355,2.81846609861628,3.53782073090371));
#6499=CARTESIAN_POINT('Ctrl Pts',(0.603253252769982,2.82791398364867,3.58668708832814));
#6500=CARTESIAN_POINT('Ctrl Pts',(0.593099927046326,2.85024899398315,3.64434178491444));
#6501=CARTESIAN_POINT('Ctrl Pts',(0.533061076938481,2.88876053453263,3.69254679840793));
#6502=CARTESIAN_POINT('Ctrl Pts',(0.468075285797645,2.90362530602168,3.68030681402317));
#6503=CARTESIAN_POINT('Ctrl Pts',(0.443257756802285,2.90433838209832,3.6628155225594));
#6504=CARTESIAN_POINT('',(0.443257756802292,2.90433838209833,3.66281552255941));
#6505=CARTESIAN_POINT('Ctrl Pts',(0.422803480776987,2.95917044531167,3.69056761953769));
#6506=CARTESIAN_POINT('Ctrl Pts',(0.427588086545675,2.95655268417163,3.68377188300741));
#6507=CARTESIAN_POINT('Ctrl Pts',(0.435158268202113,2.95008490377184,3.67308897568024));
#6508=CARTESIAN_POINT('Ctrl Pts',(0.442897974632306,2.93394637798178,3.66245055612017));
#6509=CARTESIAN_POINT('Ctrl Pts',(0.444144976939196,2.91727259617616,3.66115568573733));
#6510=CARTESIAN_POINT('Ctrl Pts',(0.443257756802292,2.90433838209833,3.66281552255941));
#6511=CARTESIAN_POINT('',(0.399975748268621,2.88886681716421,3.58202010491473));
#6512=CARTESIAN_POINT('Ctrl Pts',(0.443257756802292,2.90433838209833,3.66281552255941));
#6513=CARTESIAN_POINT('Ctrl Pts',(0.418440227806932,2.90505145817497,3.64532423109564));
#6514=CARTESIAN_POINT('Ctrl Pts',(0.400925966121198,2.89892706913811,3.61487647266184));
#6515=CARTESIAN_POINT('Ctrl Pts',(0.399969863999697,2.88949092209312,3.58401725008861));
#6516=CARTESIAN_POINT('Ctrl Pts',(0.399975748268621,2.88886681716421,3.58202010491473));
#6517=CARTESIAN_POINT('Ctrl Pts',(0.399975748268621,2.88886681716421,3.58202010491473));
#6518=CARTESIAN_POINT('Ctrl Pts',(0.400054810119502,2.88048125704427,3.55518618621295));
#6519=CARTESIAN_POINT('Ctrl Pts',(0.425618421332644,2.85829150688476,3.5002736219523));
#6520=CARTESIAN_POINT('Ctrl Pts',(0.496958893838892,2.83402678403364,3.48344008618359));
#6521=CARTESIAN_POINT('Ctrl Pts',(0.554332107815138,2.82113347058845,3.50438023384143));
#6522=CARTESIAN_POINT('Ctrl Pts',(0.588913484628355,2.81846609861628,3.53782073090371));
#6523=CARTESIAN_POINT('Ctrl Pts',(0.603253252769982,2.82791398364867,3.58668708832814));
#6524=CARTESIAN_POINT('Ctrl Pts',(0.593099927046326,2.85024899398315,3.64434178491444));
#6525=CARTESIAN_POINT('Ctrl Pts',(0.533061076938481,2.88876053453263,3.69254679840793));
#6526=CARTESIAN_POINT('Ctrl Pts',(0.468075285797645,2.90362530602168,3.68030681402317));
#6527=CARTESIAN_POINT('Ctrl Pts',(0.443257756802285,2.90433838209832,3.6628155225594));
#6528=CARTESIAN_POINT('Origin',(0.500000014361436,3.20755821950366,3.52573674015091));
#6529=CARTESIAN_POINT('',(0.399970914427889,2.76820795390286,3.603175205681));
#6530=CARTESIAN_POINT('',(0.400000014361436,3.20755821950366,3.52573674015091));
#6531=CARTESIAN_POINT('',(0.424286693426358,2.78342606406975,3.6668564939032));
#6532=CARTESIAN_POINT('Ctrl Pts',(0.424286693426358,2.78342606406975,3.6668564939032));
#6533=CARTESIAN_POINT('Ctrl Pts',(0.434198431043189,2.78476952583083,3.6782845913807));
#6534=CARTESIAN_POINT('Ctrl Pts',(0.458977481509326,2.78448637975077,3.69674227270749));
#6535=CARTESIAN_POINT('Ctrl Pts',(0.519755043600149,2.77096386102326,3.71050402457809));
#6536=CARTESIAN_POINT('Ctrl Pts',(0.576370020756496,2.74127742069379,3.68535313628976));
#6537=CARTESIAN_POINT('Ctrl Pts',(0.601366734004057,2.71367734222419,3.63357475915111));
#6538=CARTESIAN_POINT('Ctrl Pts',(0.600267299414408,2.69964251761469,3.58910718551937));
#6539=CARTESIAN_POINT('Ctrl Pts',(0.578676950739195,2.69519690226994,3.54782002505568));
#6540=CARTESIAN_POINT('Ctrl Pts',(0.532167204606329,2.70144615897596,3.51164803879433));
#6541=CARTESIAN_POINT('Ctrl Pts',(0.48438043533253,2.71569443191988,3.50811409263538));
#6542=CARTESIAN_POINT('Ctrl Pts',(0.429914093004238,2.73746482847386,3.52899522521117));
#6543=CARTESIAN_POINT('Ctrl Pts',(0.40338592880834,2.75399920509811,3.56200736267112));
#6544=CARTESIAN_POINT('Ctrl Pts',(0.399948715875598,2.76617423084445,3.59693686691316));
#6545=CARTESIAN_POINT('Ctrl Pts',(0.399970914427889,2.76820795390286,3.603175205681));
#6546=CARTESIAN_POINT('Ctrl Pts',(0.399970914427889,2.76820795390286,3.603175205681));
#6547=CARTESIAN_POINT('Ctrl Pts',(0.400025840817973,2.77324004178697,3.618610871221));
#6548=CARTESIAN_POINT('Ctrl Pts',(0.405790836400935,2.77947812506879,3.64160232874644));
#6549=CARTESIAN_POINT('Ctrl Pts',(0.419330824617945,2.78275433318921,3.66114244516445));
#6550=CARTESIAN_POINT('Ctrl Pts',(0.424286693426361,2.78342606406975,3.6668564939032));
#6551=CARTESIAN_POINT('Ctrl Pts',(0.378762078835834,2.74148438934519,3.71221997527215));
#6552=CARTESIAN_POINT('Ctrl Pts',(0.393333861398563,2.74387293876951,3.72930480814042));
#6553=CARTESIAN_POINT('Ctrl Pts',(0.42976172500069,2.74528597357481,3.75667589226905));
#6554=CARTESIAN_POINT('Ctrl Pts',(0.519105332480208,2.7330728201731,3.77587738816247));
#6555=CARTESIAN_POINT('Ctrl Pts',(0.602314161146743,2.70117891906004,3.73586060131046));
#6556=CARTESIAN_POINT('Ctrl Pts',(0.639039909691515,2.66892028016057,3.656504742519));
#6557=CARTESIAN_POINT('Ctrl Pts',(0.637415304340289,2.65085016246776,3.58922358092966));
#6558=CARTESIAN_POINT('Ctrl Pts',(0.605678768421128,2.64262659241718,3.5275266719192));
#6559=CARTESIAN_POINT('Ctrl Pts',(0.537320661550813,2.64552927327932,3.47438742891303));
#6560=CARTESIAN_POINT('Ctrl Pts',(0.467083751726879,2.65940254721991,3.47042940595588));
#6561=CARTESIAN_POINT('Ctrl Pts',(0.387024760611611,2.68301581172057,3.50340279417723));
#6562=CARTESIAN_POINT('Ctrl Pts',(0.332495480646932,2.71029830963178,3.57403228441501));
#6563=CARTESIAN_POINT('Ctrl Pts',(0.346089647606739,2.73383729312088,3.6663099627251));
#6564=CARTESIAN_POINT('Ctrl Pts',(0.371476187554494,2.74029011463302,3.703677558838));
#6565=CARTESIAN_POINT('Ctrl Pts',(0.378762078835858,2.74148438934518,3.71221997527213));
#6566=CARTESIAN_POINT('Ctrl Pts',(0.38641948035618,2.73851696516911,3.70596287173625));
#6567=CARTESIAN_POINT('Ctrl Pts',(0.399940755059288,2.74069497895812,3.72186017650853));
#6568=CARTESIAN_POINT('Ctrl Pts',(0.433706685506306,2.74192385165935,3.74735237243821));
#6569=CARTESIAN_POINT('Ctrl Pts',(0.516787576562272,2.73066968464179,3.76578719778695));
#6570=CARTESIAN_POINT('Ctrl Pts',(0.595578048718499,2.70101350308778,3.72899224219952));
#6571=CARTESIAN_POINT('Ctrl Pts',(0.630950662977682,2.67057700936517,3.6542896978222));
#6572=CARTESIAN_POINT('Ctrl Pts',(0.629618463319289,2.65344903251787,3.59074959882882));
#6573=CARTESIAN_POINT('Ctrl Pts',(0.59950959696012,2.64562940984179,3.53256784973878));
#6574=CARTESIAN_POINT('Ctrl Pts',(0.534662853282733,2.64839176913139,3.48284676334222));
#6575=CARTESIAN_POINT('Ctrl Pts',(0.468551987936511,2.66157971922732,3.47966006678559));
#6576=CARTESIAN_POINT('Ctrl Pts',(0.393685488197055,2.68395875006927,3.51105590610526));
#6577=CARTESIAN_POINT('Ctrl Pts',(0.343150644492196,2.70971267697217,3.57736821819794));
#6578=CARTESIAN_POINT('Ctrl Pts',(0.356088292196117,2.73152531505742,3.66326962310198));
#6579=CARTESIAN_POINT('Ctrl Pts',(0.379658843004648,2.7374279582746,3.69801421935009));
#6580=CARTESIAN_POINT('Ctrl Pts',(0.386419480356201,2.7385169651691,3.70596287173623));
#6581=CARTESIAN_POINT('Ctrl Pts',(0.400640983930578,2.73630692669501,3.69388972693583));
#6582=CARTESIAN_POINT('Ctrl Pts',(0.412299193832519,2.73810471646923,3.70765694739306));
#6583=CARTESIAN_POINT('Ctrl Pts',(0.441293085801014,2.73896999239741,3.72981180378785));
#6584=CARTESIAN_POINT('Ctrl Pts',(0.513222569305385,2.72929377749442,3.74746972971719));
#6585=CARTESIAN_POINT('Ctrl Pts',(0.584846359482825,2.7030105314886,3.71700837893086));
#6586=CARTESIAN_POINT('Ctrl Pts',(0.618288255370078,2.6751242098846,3.65019575209326));
#6587=CARTESIAN_POINT('Ctrl Pts',(0.617487907099034,2.65939359037323,3.59274728631159));
#6588=CARTESIAN_POINT('Ctrl Pts',(0.589948299281496,2.65234170011474,3.54025235884862));
#6589=CARTESIAN_POINT('Ctrl Pts',(0.530688363443564,2.65526531250818,3.4962617712673));
#6590=CARTESIAN_POINT('Ctrl Pts',(0.471475577923293,2.6676862058166,3.49464240035115));
#6591=CARTESIAN_POINT('Ctrl Pts',(0.405618118295713,2.68832631437852,3.52359547804749));
#6592=CARTESIAN_POINT('Ctrl Pts',(0.362334826815751,2.71165564549981,3.58255376454928));
#6593=CARTESIAN_POINT('Ctrl Pts',(0.374439094103445,2.73048728767194,3.65699642149564));
#6594=CARTESIAN_POINT('Ctrl Pts',(0.394811878979622,2.7354080318079,3.6870061167072));
#6595=CARTESIAN_POINT('Ctrl Pts',(0.400640983930592,2.73630692669501,3.69388972693582));
#6596=CARTESIAN_POINT('Ctrl Pts',(0.418843574573519,2.74737406226748,3.67653294458383));
#6597=CARTESIAN_POINT('Ctrl Pts',(0.428491276337661,2.7487355844437,3.68790466355769));
#6598=CARTESIAN_POINT('Ctrl Pts',(0.452322253629984,2.7489386747998,3.70635661226693));
#6599=CARTESIAN_POINT('Ctrl Pts',(0.511885216382206,2.73913648033027,3.72314506686347));
#6600=CARTESIAN_POINT('Ctrl Pts',(0.574413596819148,2.71406463121178,3.70012756247066));
#6601=CARTESIAN_POINT('Ctrl Pts',(0.604765852884151,2.68778427290568,3.64318319579536));
#6602=CARTESIAN_POINT('Ctrl Pts',(0.604388312317368,2.67337932269582,3.59336991921922));
#6603=CARTESIAN_POINT('Ctrl Pts',(0.580098742850102,2.66761428473186,3.54777136618267));
#6604=CARTESIAN_POINT('Ctrl Pts',(0.527934516701099,2.67182528738743,3.51019551635256));
#6605=CARTESIAN_POINT('Ctrl Pts',(0.476940273718462,2.68454738460499,3.50969669743244));
#6606=CARTESIAN_POINT('Ctrl Pts',(0.421368821015496,2.70460846696328,3.53500825513713));
#6607=CARTESIAN_POINT('Ctrl Pts',(0.386003420656449,2.72633554483438,3.58492141460173));
#6608=CARTESIAN_POINT('Ctrl Pts',(0.397089632785663,2.7427525615953,3.64618218235046));
#6609=CARTESIAN_POINT('Ctrl Pts',(0.414019723691452,2.74669330117937,3.67084708509689));
#6610=CARTESIAN_POINT('Ctrl Pts',(0.418843574573523,2.74737406226748,3.67653294458382));
#6611=CARTESIAN_POINT('Ctrl Pts',(0.423992807547698,2.76812206422677,3.66920913178846));
#6612=CARTESIAN_POINT('Ctrl Pts',(0.433530925331476,2.76942069951649,3.68031158366596));
#6613=CARTESIAN_POINT('Ctrl Pts',(0.457261336368079,2.76919036428515,3.6983108923078));
#6614=CARTESIAN_POINT('Ctrl Pts',(0.515795144854228,2.75690487128748,3.7134175156503));
#6615=CARTESIAN_POINT('Ctrl Pts',(0.573904916660215,2.7289867073748,3.69053894524366));
#6616=CARTESIAN_POINT('Ctrl Pts',(0.601227642605486,2.70193798790428,3.63762178702161));
#6617=CARTESIAN_POINT('Ctrl Pts',(0.600571294276478,2.68779258208801,3.5914406035264));
#6618=CARTESIAN_POINT('Ctrl Pts',(0.578018148634592,2.6829166816448,3.54885171330174));
#6619=CARTESIAN_POINT('Ctrl Pts',(0.529596800447789,2.68857831927359,3.51283083597477));
#6620=CARTESIAN_POINT('Ctrl Pts',(0.481393796027641,2.70243501109322,3.51092841557457));
#6621=CARTESIAN_POINT('Ctrl Pts',(0.427811880324167,2.72368087570327,3.53340360034055));
#6622=CARTESIAN_POINT('Ctrl Pts',(0.392595818500144,2.74624661831426,3.58007408943254));
#6623=CARTESIAN_POINT('Ctrl Pts',(0.402544257883015,2.76347715832626,3.63951898077199));
#6624=CARTESIAN_POINT('Ctrl Pts',(0.419223748655812,2.76747274658191,3.66365790584972));
#6625=CARTESIAN_POINT('Ctrl Pts',(0.4239928075477,2.76812206422677,3.66920913178847));
#6626=CARTESIAN_POINT('Ctrl Pts',(0.424286693426358,2.78342606406975,3.6668564939032));
#6627=CARTESIAN_POINT('Ctrl Pts',(0.434198431043189,2.78476952583083,3.6782845913807));
#6628=CARTESIAN_POINT('Ctrl Pts',(0.458977481509326,2.78448637975077,3.69674227270749));
#6629=CARTESIAN_POINT('Ctrl Pts',(0.519755043600149,2.77096386102326,3.71050402457809));
#6630=CARTESIAN_POINT('Ctrl Pts',(0.576370020756496,2.74127742069379,3.68535313628976));
#6631=CARTESIAN_POINT('Ctrl Pts',(0.601366734004057,2.71367734222419,3.63357475915111));
#6632=CARTESIAN_POINT('Ctrl Pts',(0.600267299414408,2.69964251761469,3.58910718551937));
#6633=CARTESIAN_POINT('Ctrl Pts',(0.578676950739195,2.69519690226994,3.54782002505568));
#6634=CARTESIAN_POINT('Ctrl Pts',(0.532167204606329,2.70144615897596,3.51164803879433));
#6635=CARTESIAN_POINT('Ctrl Pts',(0.48438043533253,2.71569443191988,3.50811409263538));
#6636=CARTESIAN_POINT('Ctrl Pts',(0.429914093004238,2.73746482847386,3.52899522521117));
#6637=CARTESIAN_POINT('Ctrl Pts',(0.392818527798283,2.76058561593865,3.57515763165175));
#6638=CARTESIAN_POINT('Ctrl Pts',(0.40206330816846,2.77857619235891,3.63622297874653));
#6639=CARTESIAN_POINT('Ctrl Pts',(0.419330824617945,2.78275433318921,3.66114244516445));
#6640=CARTESIAN_POINT('Ctrl Pts',(0.424286693426361,2.78342606406975,3.6668564939032));
#6641=CARTESIAN_POINT('Ctrl Pts',(0.378762078835834,2.74148438934519,3.71221997527215));
#6642=CARTESIAN_POINT('Ctrl Pts',(0.38641948035618,2.73851696516911,3.70596287173625));
#6643=CARTESIAN_POINT('Ctrl Pts',(0.400640983930578,2.73630692669501,3.69388972693583));
#6644=CARTESIAN_POINT('Ctrl Pts',(0.418843574573519,2.74737406226748,3.67653294458383));
#6645=CARTESIAN_POINT('Ctrl Pts',(0.423992807547698,2.76812206422677,3.66920913178846));
#6646=CARTESIAN_POINT('Ctrl Pts',(0.424286693426358,2.78342606406975,3.6668564939032));
#6647=CARTESIAN_POINT('Ctrl Pts',(-0.596421924933353,3.03237544058081,4.09009359821044));
#6648=CARTESIAN_POINT('Ctrl Pts',(-0.596032100091461,3.02655253997479,4.06831661557717));
#6649=CARTESIAN_POINT('Ctrl Pts',(-0.584686622989552,3.01727967781372,4.02427892027355));
#6650=CARTESIAN_POINT('Ctrl Pts',(-0.523876291392945,3.01165147773122,3.95238029884203));
#6651=CARTESIAN_POINT('Ctrl Pts',(-0.400819982571528,3.02755048313337,3.92465177058996));
#6652=CARTESIAN_POINT('Ctrl Pts',(-0.284147962676824,3.0658659242301,4.01433537135833));
#6653=CARTESIAN_POINT('Ctrl Pts',(-0.287140562302695,3.09820167369015,4.13469450523036));
#6654=CARTESIAN_POINT('Ctrl Pts',(-0.348547499539698,3.10979378697587,4.20482043085079));
#6655=CARTESIAN_POINT('Ctrl Pts',(-0.434912875192266,3.10788145660156,4.24385463671763));
#6656=CARTESIAN_POINT('Ctrl Pts',(-0.555034787994895,3.07748356346841,4.21788265464922));
#6657=CARTESIAN_POINT('Ctrl Pts',(-0.597201574617093,3.04402124179285,4.13364756347696));
#6658=CARTESIAN_POINT('Ctrl Pts',(-0.59642192493331,3.03237544058082,4.09009359821043));
#6659=CARTESIAN_POINT('Ctrl Pts',(-0.586162323565461,3.03468668216611,4.08965703198503));
#6660=CARTESIAN_POINT('Ctrl Pts',(-0.585747859593925,3.02929079046993,4.0694351923161));
#6661=CARTESIAN_POINT('Ctrl Pts',(-0.575174365350877,3.02067088258396,4.02865544350882));
#6662=CARTESIAN_POINT('Ctrl Pts',(-0.518863405958562,3.0151522955353,3.96176705571152));
#6663=CARTESIAN_POINT('Ctrl Pts',(-0.40381221498634,3.02970843551222,3.93507891869233));
#6664=CARTESIAN_POINT('Ctrl Pts',(-0.293683329303549,3.06598100428291,4.01866661216674));
#6665=CARTESIAN_POINT('Ctrl Pts',(-0.296103389310122,3.09642659097373,4.13192509764961));
#6666=CARTESIAN_POINT('Ctrl Pts',(-0.353860351067384,3.10718604752871,4.19800629634903));
#6667=CARTESIAN_POINT('Ctrl Pts',(-0.435343500389509,3.10518929797012,4.23463041793077));
#6668=CARTESIAN_POINT('Ctrl Pts',(-0.548308285454988,3.07644469683396,4.20909514312462));
#6669=CARTESIAN_POINT('Ctrl Pts',(-0.586991251508497,3.04547846555847,4.13010071132287));
#6670=CARTESIAN_POINT('Ctrl Pts',(-0.586162323565424,3.03468668216611,4.08965703198503));
#6671=CARTESIAN_POINT('Ctrl Pts',(-0.56678858658502,3.03568333119063,4.08973331109611));
#6672=CARTESIAN_POINT('Ctrl Pts',(-0.56625473693998,3.03104315907778,4.07234206075645));
#6673=CARTESIAN_POINT('Ctrl Pts',(-0.557064295949615,3.0236138915725,4.03755349717449));
#6674=CARTESIAN_POINT('Ctrl Pts',(-0.509370223967724,3.01831792998187,3.97950694217941));
#6675=CARTESIAN_POINT('Ctrl Pts',(-0.408778458918405,3.03068655768653,3.95378887811722));
#6676=CARTESIAN_POINT('Ctrl Pts',(-0.30953978491532,3.06374598751254,4.02653521344095));
#6677=CARTESIAN_POINT('Ctrl Pts',(-0.310773471914627,3.09127682958518,4.12790567491505));
#6678=CARTESIAN_POINT('Ctrl Pts',(-0.362388690077996,3.10072156707911,4.18729428360328));
#6679=CARTESIAN_POINT('Ctrl Pts',(-0.435766934328016,3.09844480890335,4.2198769246509));
#6680=CARTESIAN_POINT('Ctrl Pts',(-0.536298365743694,3.07177886496489,4.19444112033483));
#6681=CARTESIAN_POINT('Ctrl Pts',(-0.567856285875075,3.04496367541633,4.1245158117754));
#6682=CARTESIAN_POINT('Ctrl Pts',(-0.566788586584996,3.03568333119063,4.08973331109611));
#6683=CARTESIAN_POINT('Ctrl Pts',(-0.541811802666308,3.02251403786757,4.09369722752682));
#6684=CARTESIAN_POINT('Ctrl Pts',(-0.541150858301554,3.01846583929622,4.07951994390372));
#6685=CARTESIAN_POINT('Ctrl Pts',(-0.533565541174608,3.0122078417058,4.05136891844339));
#6686=CARTESIAN_POINT('Ctrl Pts',(-0.495798269941116,3.00840821148908,4.00303312043525));
#6687=CARTESIAN_POINT('Ctrl Pts',(-0.412623956941303,3.02073388382048,3.97854113222953));
#6688=CARTESIAN_POINT('Ctrl Pts',(-0.327234784084239,3.0514878412032,4.03857758492198));
#6689=CARTESIAN_POINT('Ctrl Pts',(-0.32742703954988,3.07647814469888,4.12542891891613));
#6690=CARTESIAN_POINT('Ctrl Pts',(-0.371511483508862,3.08453267474698,4.17666455443331));
#6691=CARTESIAN_POINT('Ctrl Pts',(-0.434679890252093,3.08148692699312,4.20459852216856));
#6692=CARTESIAN_POINT('Ctrl Pts',(-0.519735925966264,3.05517918290731,4.18075162584056));
#6693=CARTESIAN_POINT('Ctrl Pts',(-0.543133691395813,3.03061043501026,4.12205179477299));
#6694=CARTESIAN_POINT('Ctrl Pts',(-0.541811802666305,3.02251403786756,4.09369722752682));
#6695=CARTESIAN_POINT('Ctrl Pts',(-0.535265430851211,3.00073839948544,4.0996366680546));
#6696=CARTESIAN_POINT('Ctrl Pts',(-0.534806902563422,2.99643525664937,4.08574827322675));
#6697=CARTESIAN_POINT('Ctrl Pts',(-0.527493145810205,2.99003425217584,4.05778843701289));
#6698=CARTESIAN_POINT('Ctrl Pts',(-0.489861812817309,2.98792633042976,4.01064129253662));
#6699=CARTESIAN_POINT('Ctrl Pts',(-0.410452285532677,3.003334283195,3.98880974928938));
#6700=CARTESIAN_POINT('Ctrl Pts',(-0.33155068926705,3.03506290703023,4.04625714834462));
#6701=CARTESIAN_POINT('Ctrl Pts',(-0.332454880536262,3.06004216297754,4.12750144223334));
#6702=CARTESIAN_POINT('Ctrl Pts',(-0.373593069847463,3.06773519105849,4.17544074707202));
#6703=CARTESIAN_POINT('Ctrl Pts',(-0.432124439416847,3.06402947032877,4.20201774454072));
#6704=CARTESIAN_POINT('Ctrl Pts',(-0.51163425708311,3.03623887360032,4.18249886516665));
#6705=CARTESIAN_POINT('Ctrl Pts',(-0.536182487426788,3.00934468515758,4.12741345771027));
#6706=CARTESIAN_POINT('Ctrl Pts',(-0.535265430851212,3.00073839948545,4.09963666805459));
#6707=CARTESIAN_POINT('Ctrl Pts',(-0.535288906732359,2.98548568912928,4.10371538520466));
#6708=CARTESIAN_POINT('Ctrl Pts',(-0.535031950160299,2.98096057282067,4.08930714112193));
#6709=CARTESIAN_POINT('Ctrl Pts',(-0.527607499446715,2.9742423521624,4.06003737035633));
#6710=CARTESIAN_POINT('Ctrl Pts',(-0.487828984931049,2.97251966757281,4.01174359980566));
#6711=CARTESIAN_POINT('Ctrl Pts',(-0.407337385008018,2.98942277867214,3.99215901658864));
#6712=CARTESIAN_POINT('Ctrl Pts',(-0.331015251637263,3.02199801266306,4.05073872449382));
#6713=CARTESIAN_POINT('Ctrl Pts',(-0.332976913353799,3.0471583781581,4.13036265910283));
#6714=CARTESIAN_POINT('Ctrl Pts',(-0.373153683854058,3.05477006344984,4.17713778601297));
#6715=CARTESIAN_POINT('Ctrl Pts',(-0.429656370144998,3.05087333561161,4.20361811477027));
#6716=CARTESIAN_POINT('Ctrl Pts',(-0.508232034899897,3.02267335521575,4.18768137131751));
#6717=CARTESIAN_POINT('Ctrl Pts',(-0.535802819876479,2.99453592174651,4.13253187337009));
#6718=CARTESIAN_POINT('Ctrl Pts',(-0.535288906732359,2.98548568912929,4.10371538520465));
#6719=CARTESIAN_POINT('Ctrl Pts',(-0.596421924933353,3.03237544058081,4.09009359821044));
#6720=CARTESIAN_POINT('Ctrl Pts',(-0.586162323565461,3.03468668216611,4.08965703198503));
#6721=CARTESIAN_POINT('Ctrl Pts',(-0.56678858658502,3.03568333119063,4.08973331109611));
#6722=CARTESIAN_POINT('Ctrl Pts',(-0.541811802666308,3.02251403786757,4.09369722752682));
#6723=CARTESIAN_POINT('Ctrl Pts',(-0.535265430851211,3.00073839948544,4.0996366680546));
#6724=CARTESIAN_POINT('Ctrl Pts',(-0.535288906732359,2.98548568912928,4.10371538520466));
#6725=CARTESIAN_POINT('Ctrl Pts',(0.444960993407988,3.09827577943104,4.21909689505393));
#6726=CARTESIAN_POINT('Ctrl Pts',(0.424156343736858,3.09922778517531,4.20927178599639));
#6727=CARTESIAN_POINT('Ctrl Pts',(0.386794666593788,3.09740620963619,4.18065774602918));
#6728=CARTESIAN_POINT('Ctrl Pts',(0.35545832894257,3.08511047774935,4.11914359289433));
#6729=CARTESIAN_POINT('Ctrl Pts',(0.35525120593135,3.06696795056097,4.05209394025819));
#6730=CARTESIAN_POINT('Ctrl Pts',(0.385661373051737,3.04648447736047,3.99224311482229));
#6731=CARTESIAN_POINT('Ctrl Pts',(0.440456863409261,3.02690471644162,3.95210030251101));
#6732=CARTESIAN_POINT('Ctrl Pts',(0.516127183628642,3.00895741405486,3.93759904440668));
#6733=CARTESIAN_POINT('Ctrl Pts',(0.576964972822805,3.00078140706883,3.95712383919103));
#6734=CARTESIAN_POINT('Ctrl Pts',(0.613166272335093,2.99980264091423,3.98575151009977));
#6735=CARTESIAN_POINT('Ctrl Pts',(0.639600331711501,3.00078188754111,4.01352291117783));
#6736=CARTESIAN_POINT('Ctrl Pts',(0.663708173861176,3.00758273647071,4.06199058903797));
#6737=CARTESIAN_POINT('Ctrl Pts',(0.663745963188779,3.0320185809087,4.15188706295982));
#6738=CARTESIAN_POINT('Ctrl Pts',(0.601923379402389,3.06750151270477,4.22253828774702));
#6739=CARTESIAN_POINT('Ctrl Pts',(0.511570705468709,3.09165721482434,4.23943070878944));
#6740=CARTESIAN_POINT('Ctrl Pts',(0.465765643079121,3.09732377368678,4.22892200411145));
#6741=CARTESIAN_POINT('Ctrl Pts',(0.444960993407991,3.09827577943104,4.21909689505392));
#6742=CARTESIAN_POINT('Ctrl Pts',(0.448481971111672,3.09560464020428,4.21152836408121));
#6743=CARTESIAN_POINT('Ctrl Pts',(0.428852085065528,3.09655284803552,4.20233364082584));
#6744=CARTESIAN_POINT('Ctrl Pts',(0.393608910860794,3.0949371716038,4.17541320482693));
#6745=CARTESIAN_POINT('Ctrl Pts',(0.364188417355663,3.0834333917814,4.11742814399249));
#6746=CARTESIAN_POINT('Ctrl Pts',(0.364213526803195,3.06633312027498,4.05433580775804));
#6747=CARTESIAN_POINT('Ctrl Pts',(0.393081943439847,3.04696518562225,3.99820133473035));
#6748=CARTESIAN_POINT('Ctrl Pts',(0.444809689579455,3.02847188048082,3.96078521614558));
#6749=CARTESIAN_POINT('Ctrl Pts',(0.515968996352635,3.0116480548471,3.94763601658958));
#6750=CARTESIAN_POINT('Ctrl Pts',(0.572791885490163,3.00418270044131,3.96624241931148));
#6751=CARTESIAN_POINT('Ctrl Pts',(0.606415393945743,3.003416419709,3.99299997778155));
#6752=CARTESIAN_POINT('Ctrl Pts',(0.630933612258684,3.00443592520873,4.01886396952028));
#6753=CARTESIAN_POINT('Ctrl Pts',(0.653209097490463,3.01085241668977,4.0637468439909));
#6754=CARTESIAN_POINT('Ctrl Pts',(0.653551392029894,3.03339582231484,4.14700419498924));
#6755=CARTESIAN_POINT('Ctrl Pts',(0.596336239798058,3.06636778167907,4.21377794970438));
#6756=CARTESIAN_POINT('Ctrl Pts',(0.511314891319341,3.08922264025059,4.23043556702263));
#6757=CARTESIAN_POINT('Ctrl Pts',(0.468111857157819,3.09465643237303,4.22072308733658));
#6758=CARTESIAN_POINT('Ctrl Pts',(0.448481971111674,3.09560464020427,4.2115283640812));
#6759=CARTESIAN_POINT('Ctrl Pts',(0.453950056534227,3.0890159495676,4.19955351930694));
#6760=CARTESIAN_POINT('Ctrl Pts',(0.436280106362575,3.09000676805039,4.19143050070537));
#6761=CARTESIAN_POINT('Ctrl Pts',(0.404549355601802,3.08876790155476,4.16732010324429));
#6762=CARTESIAN_POINT('Ctrl Pts',(0.378372793371229,3.07849309495192,4.11515636509763));
#6763=CARTESIAN_POINT('Ctrl Pts',(0.378900400080607,3.06299216740676,4.05868628168752));
#6764=CARTESIAN_POINT('Ctrl Pts',(0.405294143134263,3.04534833844527,4.00892002518739));
#6765=CARTESIAN_POINT('Ctrl Pts',(0.451870608379952,3.02854705360981,3.97638298967403));
#6766=CARTESIAN_POINT('Ctrl Pts',(0.515194305829232,3.01349266746911,3.96600210055229));
#6767=CARTESIAN_POINT('Ctrl Pts',(0.564669588189744,3.00719676966,3.98342409671323));
#6768=CARTESIAN_POINT('Ctrl Pts',(0.593404937175622,3.0067828420339,4.00701201390559));
#6769=CARTESIAN_POINT('Ctrl Pts',(0.614266686300701,3.0078559153896,4.02954073683566));
#6770=CARTESIAN_POINT('Ctrl Pts',(0.632994756554807,3.01356748443656,4.06787084168271));
#6771=CARTESIAN_POINT('Ctrl Pts',(0.634322267992417,3.03266458539134,4.13887825954716));
#6772=CARTESIAN_POINT('Ctrl Pts',(0.586189197839284,3.06163890824796,4.19929381221861));
#6773=CARTESIAN_POINT('Ctrl Pts',(0.510442048217118,3.0828316880787,4.21597313068109));
#6774=CARTESIAN_POINT('Ctrl Pts',(0.471620006705881,3.08802513108482,4.2076765379085));
#6775=CARTESIAN_POINT('Ctrl Pts',(0.453950056534228,3.0890159495676,4.19955351930693));
#6776=CARTESIAN_POINT('Ctrl Pts',(0.459056273342624,3.07263665274939,4.1874454534858));
#6777=CARTESIAN_POINT('Ctrl Pts',(0.44386175684485,3.07382646112401,4.18052745192134));
#6778=CARTESIAN_POINT('Ctrl Pts',(0.416543576940343,3.0731510379529,4.15975627095571));
#6779=CARTESIAN_POINT('Ctrl Pts',(0.394280971445195,3.06410375067949,4.11473218661236));
#6780=CARTESIAN_POINT('Ctrl Pts',(0.395190479076398,3.05001401802104,4.06634663579525));
#6781=CARTESIAN_POINT('Ctrl Pts',(0.418247687635132,3.03373530442903,4.02425030380103));
#6782=CARTESIAN_POINT('Ctrl Pts',(0.45823529632955,3.01800273107916,3.99748914930249));
#6783=CARTESIAN_POINT('Ctrl Pts',(0.511793037989795,3.00361967623843,3.99030002089623));
#6784=CARTESIAN_POINT('Ctrl Pts',(0.552422173641281,2.99724857929042,4.00636309857497));
#6785=CARTESIAN_POINT('Ctrl Pts',(0.575428419133538,2.99635357441422,4.0264695733418));
#6786=CARTESIAN_POINT('Ctrl Pts',(0.592034100973662,2.99688191394986,4.04534495571957));
#6787=CARTESIAN_POINT('Ctrl Pts',(0.606714611712401,3.00142481328203,4.07653170838349));
#6788=CARTESIAN_POINT('Ctrl Pts',(0.609107057300366,3.0179289185284,4.13375930123778));
#6789=CARTESIAN_POINT('Ctrl Pts',(0.571653023540653,3.04511214315254,4.18561159682081));
#6790=CARTESIAN_POINT('Ctrl Pts',(0.507530625270114,3.06604258054687,4.20124047296828));
#6791=CARTESIAN_POINT('Ctrl Pts',(0.474250789840398,3.07144684437477,4.19436345505027));
#6792=CARTESIAN_POINT('Ctrl Pts',(0.459056273342623,3.07263665274939,4.1874454534858));
#6793=CARTESIAN_POINT('Ctrl Pts',(0.459138152837498,3.05579656296699,4.18575073816563));
#6794=CARTESIAN_POINT('Ctrl Pts',(0.445062216244698,3.05717809753156,4.17910340692357));
#6795=CARTESIAN_POINT('Ctrl Pts',(0.419752167669626,3.05680475299474,4.159534709575));
#6796=CARTESIAN_POINT('Ctrl Pts',(0.398886753101993,3.04800061472537,4.11750670261385));
#6797=CARTESIAN_POINT('Ctrl Pts',(0.399337630354557,3.0339457222226,4.072245363786));
#6798=CARTESIAN_POINT('Ctrl Pts',(0.420360953590092,3.0174124705993,4.03259837229212));
#6799=CARTESIAN_POINT('Ctrl Pts',(0.45735086610125,3.00096248370789,4.00701488875022));
#6800=CARTESIAN_POINT('Ctrl Pts',(0.507468393229893,2.9851148792564,3.99947493911303));
#6801=CARTESIAN_POINT('Ctrl Pts',(0.546463346439665,2.9769615948582,4.01411638775885));
#6802=CARTESIAN_POINT('Ctrl Pts',(0.569100797257936,2.97491487277458,4.03343589360383));
#6803=CARTESIAN_POINT('Ctrl Pts',(0.585542322101214,2.97464142196848,4.05179522001007));
#6804=CARTESIAN_POINT('Ctrl Pts',(0.600347520959759,2.97866780312013,4.08281693392532));
#6805=CARTESIAN_POINT('Ctrl Pts',(0.601541515569775,2.99661287100355,4.13948675127736));
#6806=CARTESIAN_POINT('Ctrl Pts',(0.563992275937302,3.02627405143958,4.18673846841121));
#6807=CARTESIAN_POINT('Ctrl Pts',(0.504114195401996,3.04849171583919,4.19936710561595));
#6808=CARTESIAN_POINT('Ctrl Pts',(0.473214089430297,3.0544150284024,4.19239806940768));
#6809=CARTESIAN_POINT('Ctrl Pts',(0.459138152837497,3.05579656296698,4.18575073816563));
#6810=CARTESIAN_POINT('Ctrl Pts',(0.457782652770058,3.04282406874968,4.18739712982535));
#6811=CARTESIAN_POINT('Ctrl Pts',(0.444171484301034,3.04426256081961,4.18070683261917));
#6812=CARTESIAN_POINT('Ctrl Pts',(0.41972706621861,3.04398489926347,4.16146641350036));
#6813=CARTESIAN_POINT('Ctrl Pts',(0.399222928779069,3.03523971392047,4.12054784346113));
#6814=CARTESIAN_POINT('Ctrl Pts',(0.39908448353101,3.0210981179703,4.07619761424606));
#6815=CARTESIAN_POINT('Ctrl Pts',(0.418976405738571,3.00430463761034,4.0368355953933));
#6816=CARTESIAN_POINT('Ctrl Pts',(0.454820573902047,2.98736170953597,4.01074428744993));
#6817=CARTESIAN_POINT('Ctrl Pts',(0.504319032368853,2.97066874155456,4.00189604862546));
#6818=CARTESIAN_POINT('Ctrl Pts',(0.54411413464319,2.96170173445603,4.01552615280664));
#6819=CARTESIAN_POINT('Ctrl Pts',(0.567794859862021,2.95925729172569,4.03492627924666));
#6820=CARTESIAN_POINT('Ctrl Pts',(0.585086977315924,2.95876102600912,4.05364363863325));
#6821=CARTESIAN_POINT('Ctrl Pts',(0.600859470057321,2.96284499287695,4.08603915891133));
#6822=CARTESIAN_POINT('Ctrl Pts',(0.600894024961208,2.98191178358834,4.14549610534291));
#6823=CARTESIAN_POINT('Ctrl Pts',(0.560464046981161,3.01272244656795,4.1913575309728));
#6824=CARTESIAN_POINT('Ctrl Pts',(0.501360049308957,3.03532732227997,4.20149006282084));
#6825=CARTESIAN_POINT('Ctrl Pts',(0.471393821239082,3.04138557667975,4.19408742703153));
#6826=CARTESIAN_POINT('Ctrl Pts',(0.457782652770057,3.04282406874968,4.18739712982535));
#6827=CARTESIAN_POINT('Ctrl Pts',(0.444960993407988,3.09827577943104,4.21909689505393));
#6828=CARTESIAN_POINT('Ctrl Pts',(0.448481971111672,3.09560464020428,4.21152836408121));
#6829=CARTESIAN_POINT('Ctrl Pts',(0.453950056534227,3.0890159495676,4.19955351930694));
#6830=CARTESIAN_POINT('Ctrl Pts',(0.459056273342624,3.07263665274939,4.1874454534858));
#6831=CARTESIAN_POINT('Ctrl Pts',(0.459138152837498,3.05579656296699,4.18575073816563));
#6832=CARTESIAN_POINT('Ctrl Pts',(0.457782652770058,3.04282406874968,4.18739712982535));
#6833=CARTESIAN_POINT('Ctrl Pts',(-0.057908640430999,2.13637457241277,0.283182559252171));
#6834=CARTESIAN_POINT('Ctrl Pts',(-0.0578559722326611,2.13826220767538,
0.28402183172064));
#6835=CARTESIAN_POINT('Ctrl Pts',(-0.0578033039445562,2.14014984865445,
0.284861105464004));
#6836=CARTESIAN_POINT('Ctrl Pts',(-0.0575258886739209,2.15009251149979,
0.289281738815084));
#6837=CARTESIAN_POINT('Ctrl Pts',(-0.0570659565940342,2.16612075375285,
0.296639165853874));
#6838=CARTESIAN_POINT('Ctrl Pts',(-0.0561043415688325,2.19780532492689,
0.312135604860861));
#6839=CARTESIAN_POINT('Ctrl Pts',(-0.0553361734051643,2.2211139190632,0.324639251628058));
#6840=CARTESIAN_POINT('Ctrl Pts',(-0.0537926346750988,2.26541570077256,
0.349921493356687));
#6841=CARTESIAN_POINT('Ctrl Pts',(-0.0527040216982169,2.29365566011072,
0.367939341903343));
#6842=CARTESIAN_POINT('Ctrl Pts',(-0.0493741499836724,2.37135028790824,
0.423593344665017));
#6843=CARTESIAN_POINT('Ctrl Pts',(-0.0469421108982679,2.41822350669342,
0.464855842176957));
#6844=CARTESIAN_POINT('Ctrl Pts',(-0.0420678502457078,2.49406477602504,
0.548680227795037));
#6845=CARTESIAN_POINT('Ctrl Pts',(-0.0372434946585916,2.55645525692724,
0.632435226190659));
#6846=CARTESIAN_POINT('Ctrl Pts',(-0.0318768757379658,2.59783741950356,
0.72734841901382));
#6847=CARTESIAN_POINT('Ctrl Pts',(-0.0267102346820274,2.61841605908293,
0.819923669428729));
#6848=CARTESIAN_POINT('Ctrl Pts',(-0.0219865748696135,2.62115411550716,
0.905562218088238));
#6849=CARTESIAN_POINT('Ctrl Pts',(-0.0152617429183134,2.58662458670604,
1.02987315464193));
#6850=CARTESIAN_POINT('Ctrl Pts',(-0.00889491489427716,2.53965027581531,
1.1484552339609));
#6851=CARTESIAN_POINT('Ctrl Pts',(-0.00458038004024558,2.51087369683865,
1.22862317985885));
#6852=CARTESIAN_POINT('Ctrl Pts',(0.00204127360652882,2.47582636654926,
1.35109202999395));
#6853=CARTESIAN_POINT('Ctrl Pts',(0.01129800959111,2.45711996732943,1.52041214663726));
#6854=CARTESIAN_POINT('Ctrl Pts',(0.0297839605292957,2.4908124757649,1.85412684383793));
#6855=CARTESIAN_POINT('Ctrl Pts',(0.0439123951542829,2.54286183734728,2.10754132725732));
#6856=CARTESIAN_POINT('Ctrl Pts',(0.0628988538437235,2.61870155652631,2.44772489533049));
#6857=CARTESIAN_POINT('Ctrl Pts',(0.0817369617119871,2.70032436167122,2.78485361567683));
#6858=CARTESIAN_POINT('Ctrl Pts',(0.119468758396019,2.87306205090801,3.45952994053939));
#6859=CARTESIAN_POINT('Ctrl Pts',(0.147684168615889,3.00729232664143,3.96373038358845));
#6860=CARTESIAN_POINT('Ctrl Pts',(0.166496637899242,3.09708108514617,4.29988511001195));
#6861=CARTESIAN_POINT('Ctrl Pts',(-0.0586617235619109,2.14265178995057,
0.269111522625318));
#6862=CARTESIAN_POINT('Ctrl Pts',(-0.0586090588926653,2.14453944124911,
0.269950760726039));
#6863=CARTESIAN_POINT('Ctrl Pts',(-0.0585564030739317,2.14642680704398,
0.270789865216215));
#6864=CARTESIAN_POINT('Ctrl Pts',(-0.0582789351379323,2.15637295927127,
0.275211818572903));
#6865=CARTESIAN_POINT('Ctrl Pts',(-0.057810291930779,2.17269903524217,0.282708708356436));
#6866=CARTESIAN_POINT('Ctrl Pts',(-0.0568354403258095,2.2047983467552,0.298415960956735));
#6867=CARTESIAN_POINT('Ctrl Pts',(-0.056054755002202,2.22848407308537,0.311124449508746));
#6868=CARTESIAN_POINT('Ctrl Pts',(-0.0544870713445742,2.27346148472309,
0.336803067693048));
#6869=CARTESIAN_POINT('Ctrl Pts',(-0.053380737708707,2.30215225027995,0.355114872819012));
#6870=CARTESIAN_POINT('Ctrl Pts',(-0.0499947691837943,2.38112130983958,
0.411708498504939));
#6871=CARTESIAN_POINT('Ctrl Pts',(-0.0475197576194268,2.42882044574394,
0.453709333438352));
#6872=CARTESIAN_POINT('Ctrl Pts',(-0.0425524307680546,2.50607539895039,
0.539145974238052));
#6873=CARTESIAN_POINT('Ctrl Pts',(-0.0376306706163031,2.56967640543992,
0.624593367839818));
#6874=CARTESIAN_POINT('Ctrl Pts',(-0.0321210897562329,2.612211568602,0.722026890881263));
#6875=CARTESIAN_POINT('Ctrl Pts',(-0.0267432598747409,2.63354162367493,
0.818365823945318));
#6876=CARTESIAN_POINT('Ctrl Pts',(-0.0218053198032063,2.63619141428448,
0.907883270202185));
#6877=CARTESIAN_POINT('Ctrl Pts',(-0.0149254533374884,2.60059864341772,
1.03503231274168));
#6878=CARTESIAN_POINT('Ctrl Pts',(-0.00854144648036523,2.55350331687915,
1.15396586208668));
#6879=CARTESIAN_POINT('Ctrl Pts',(-0.00426989882616671,2.52507205557443,
1.23333726959974));
#6880=CARTESIAN_POINT('Ctrl Pts',(0.00224659433171732,2.49067470616832,
1.35389148257005));
#6881=CARTESIAN_POINT('Ctrl Pts',(0.0113203221932184,2.47242103136427,1.51986229575005));
#6882=CARTESIAN_POINT('Ctrl Pts',(0.0296858065032661,2.50585911453706,1.85145570854736));
#6883=CARTESIAN_POINT('Ctrl Pts',(0.0437910125964744,2.55793920587252,2.10440389606869));
#6884=CARTESIAN_POINT('Ctrl Pts',(0.062753650798597,2.6337484627078,2.44416244769944));
#6885=CARTESIAN_POINT('Ctrl Pts',(0.0815825759281222,2.71539964435115,2.78108567036464));
#6886=CARTESIAN_POINT('Ctrl Pts',(0.119298437457423,2.88822773118005,3.4555436030424));
#6887=CARTESIAN_POINT('Ctrl Pts',(0.14751667598779,3.02254237991932,3.95967992355063));
#6888=CARTESIAN_POINT('Ctrl Pts',(0.166324485807617,3.1123931425104,4.29580481035487));
#6889=CARTESIAN_POINT('Ctrl Pts',(-0.0465849304303418,2.15345797590491,
0.244049100839901));
#6890=CARTESIAN_POINT('Ctrl Pts',(-0.0465321981236413,2.15534565222809,
0.244888280944141));
#6891=CARTESIAN_POINT('Ctrl Pts',(-0.04647948073083,2.15723254918873,0.245727100907509));
#6892=CARTESIAN_POINT('Ctrl Pts',(-0.046201529695574,2.16718508603726,0.250151655926787));
#6893=CARTESIAN_POINT('Ctrl Pts',(-0.0457248133947573,2.1840242955908,0.257889519057404));
#6894=CARTESIAN_POINT('Ctrl Pts',(-0.0447379995090795,2.21683528363452,
0.273958389005723));
#6895=CARTESIAN_POINT('Ctrl Pts',(-0.0439456440190176,2.2411722811539,0.287021778422201));
#6896=CARTESIAN_POINT('Ctrl Pts',(-0.0423559432335911,2.28731528419838,
0.313385724253102));
#6897=CARTESIAN_POINT('Ctrl Pts',(-0.0412337232555112,2.31678450523852,
0.332206038731904));
#6898=CARTESIAN_POINT('Ctrl Pts',(-0.0377982503968345,2.39795392941906,
0.390424967526095));
#6899=CARTESIAN_POINT('Ctrl Pts',(-0.035284869397615,2.44708701107441,0.433709943019377));
#6900=CARTESIAN_POINT('Ctrl Pts',(-0.0302362164185199,2.52678917321501,
0.521943699014682));
#6901=CARTESIAN_POINT('Ctrl Pts',(-0.0252310974212341,2.59248977812502,
0.610319775098954));
#6902=CARTESIAN_POINT('Ctrl Pts',(-0.0195920360928263,2.63701444201387,
0.712111444828899));
#6903=CARTESIAN_POINT('Ctrl Pts',(-0.0140380177252474,2.65965418799936,
0.814954864456436));
#6904=CARTESIAN_POINT('Ctrl Pts',(-0.00892670227709441,2.66217074786642,
0.911186661411617));
#6905=CARTESIAN_POINT('Ctrl Pts',(-0.00192322065308194,2.62475912158532,
1.04323624720514));
#6906=CARTESIAN_POINT('Ctrl Pts',(0.00450483413948899,2.57745418964248,
1.16279499246438));
#6907=CARTESIAN_POINT('Ctrl Pts',(0.00877568100916901,2.54961467423233,
1.24078362282124));
#6908=CARTESIAN_POINT('Ctrl Pts',(0.0152736648383562,2.51632762114004,1.35802989280331));
#6909=CARTESIAN_POINT('Ctrl Pts',(0.0242928637715172,2.49884689224025,1.51820040604823));
#6910=CARTESIAN_POINT('Ctrl Pts',(0.0427013582054612,2.53183134500027,1.84612682348881));
#6911=CARTESIAN_POINT('Ctrl Pts',(0.0568813905309118,2.58396282164298,2.09824972871683));
#6912=CARTESIAN_POINT('Ctrl Pts',(0.0759547454063548,2.65971146148721,2.43726639599145));
#6913=CARTESIAN_POINT('Ctrl Pts',(0.0948994772164189,2.74140801347815,2.77382493759603));
#6914=CARTESIAN_POINT('Ctrl Pts',(0.132864887250355,2.91437254329477,3.44789699131206));
#6915=CARTESIAN_POINT('Ctrl Pts',(0.161260891909392,3.04883328447252,3.95191144338813));
#6916=CARTESIAN_POINT('Ctrl Pts',(0.180195749019156,3.13877927138552,4.28798064410109));
#6917=CARTESIAN_POINT('Ctrl Pts',(-0.0195458159666999,2.15678674350506,
0.234865431845507));
#6918=CARTESIAN_POINT('Ctrl Pts',(-0.0194929802641776,2.15867439514219,
0.235704661791794));
#6919=CARTESIAN_POINT('Ctrl Pts',(-0.0194401527534804,2.16056110382505,
0.236543464701824));
#6920=CARTESIAN_POINT('Ctrl Pts',(-0.0191617328764404,2.17051536419916,
0.240968978271561));
#6921=CARTESIAN_POINT('Ctrl Pts',(-0.0186908062150065,2.18752070442713,
0.248775996306814));
#6922=CARTESIAN_POINT('Ctrl Pts',(-0.017712244885342,2.22056427635946,0.264950415799401));
#6923=CARTESIAN_POINT('Ctrl Pts',(-0.0169284506209201,2.24511335947779,
0.278115906166841));
#6924=CARTESIAN_POINT('Ctrl Pts',(-0.0153554278800082,2.29163859032567,
0.304678329445142));
#6925=CARTESIAN_POINT('Ctrl Pts',(-0.0142459155547865,2.32136503414843,
0.323646364126605));
#6926=CARTESIAN_POINT('Ctrl Pts',(-0.0108516202051372,2.40327059003704,
0.382341220198037));
#6927=CARTESIAN_POINT('Ctrl Pts',(-0.00837160396785098,2.45289078938882,
0.42600305269294));
#6928=CARTESIAN_POINT('Ctrl Pts',(-0.00339444984660617,2.53345684070971,
0.515079564720267));
#6929=CARTESIAN_POINT('Ctrl Pts',(0.00153686072875872,2.59992096900361,
0.604357831804996));
#6930=CARTESIAN_POINT('Ctrl Pts',(0.00708075669638503,2.64523771420222,
0.707541200293764));
#6931=CARTESIAN_POINT('Ctrl Pts',(0.0124788232826626,2.66853143374499,0.812558606314405));
#6932=CARTESIAN_POINT('Ctrl Pts',(0.0174243959831106,2.67123126219654,0.911128980143933));
#6933=CARTESIAN_POINT('Ctrl Pts',(0.0243161274466137,2.63331875390576,1.04500297145428));
#6934=CARTESIAN_POINT('Ctrl Pts',(0.030768100922252,2.58592814827639,1.164769560613));
#6935=CARTESIAN_POINT('Ctrl Pts',(0.0351223753231876,2.55822212345838,1.24223131820609));
#6936=CARTESIAN_POINT('Ctrl Pts',(0.0417935726505903,2.52515247843044,1.3582450319161));
#6937=CARTESIAN_POINT('Ctrl Pts',(0.0510963256766682,2.50762672146202,1.51638058043423));
#6938=CARTESIAN_POINT('Ctrl Pts',(0.0698000467009819,2.54017519467503,1.84313355374783));
#6939=CARTESIAN_POINT('Ctrl Pts',(0.0841475730701947,2.59218396525166,2.09501061741843));
#6940=CARTESIAN_POINT('Ctrl Pts',(0.103431001368873,2.66773879022488,2.43382576815368));
#6941=CARTESIAN_POINT('Ctrl Pts',(0.122572079994774,2.7492902731705,2.77030217176474));
#6942=CARTESIAN_POINT('Ctrl Pts',(0.160916355352416,2.92199479035254,3.44431781930361));
#6943=CARTESIAN_POINT('Ctrl Pts',(0.189584121592775,3.05627459818919,3.94834534854458));
#6944=CARTESIAN_POINT('Ctrl Pts',(0.208696786247567,3.14610469261762,4.28442896009516));
#6945=CARTESIAN_POINT('Ctrl Pts',(-0.0079799967950225,2.15651687650324,
0.234746590357223));
#6946=CARTESIAN_POINT('Ctrl Pts',(-0.00792713377232171,2.15840450898699,
0.235585861609462));
#6947=CARTESIAN_POINT('Ctrl Pts',(-0.00787427570762027,2.16029120888014,
0.236424716212934));
#6948=CARTESIAN_POINT('Ctrl Pts',(-0.00759575295603801,2.1702453285787,
0.24085039585354));
#6949=CARTESIAN_POINT('Ctrl Pts',(-0.00712794636526207,2.18724134517172,
0.248648277232922));
#6950=CARTESIAN_POINT('Ctrl Pts',(-0.00615391454845182,2.22027192510854,
0.264808829086037));
#6951=CARTESIAN_POINT('Ctrl Pts',(-0.00537468835556606,2.24481049366039,
0.277961408426951));
#6952=CARTESIAN_POINT('Ctrl Pts',(-0.00381047871952758,2.29131784720399,
0.304499004894349));
#6953=CARTESIAN_POINT('Ctrl Pts',(-0.00270755857419128,2.32103371901269,
0.323448965705009));
#6954=CARTESIAN_POINT('Ctrl Pts',(0.00066564454753772,2.4029141854271,0.382088035314152));
#6955=CARTESIAN_POINT('Ctrl Pts',(0.00312886618121202,2.4525254887949,0.425709206901099));
#6956=CARTESIAN_POINT('Ctrl Pts',(0.00807012681470087,2.53309106287807,
0.514706111056632));
#6957=CARTESIAN_POINT('Ctrl Pts',(0.0129644267375409,2.59956869716136,0.603908537233357));
#6958=CARTESIAN_POINT('Ctrl Pts',(0.0184577889657258,2.64493142726661,0.707004850134387));
#6959=CARTESIAN_POINT('Ctrl Pts',(0.0237779108745184,2.66833390316195,0.811943279561093));
#6960=CARTESIAN_POINT('Ctrl Pts',(0.0286426617217478,2.6711690118541,0.910488560376321));
#6961=CARTESIAN_POINT('Ctrl Pts',(0.0354791792673301,2.6333441133579,1.04440420091492));
#6962=CARTESIAN_POINT('Ctrl Pts',(0.0419342428651875,2.58594709382339,1.16417140927513));
#6963=CARTESIAN_POINT('Ctrl Pts',(0.0463181879369737,2.55819667697294,1.24161266692199));
#6964=CARTESIAN_POINT('Ctrl Pts',(0.0530530355924794,2.52502421114634,1.35759926525471));
#6965=CARTESIAN_POINT('Ctrl Pts',(0.0624627319286737,2.50731897027553,1.51575047103029));
#6966=CARTESIAN_POINT('Ctrl Pts',(0.0812638836948009,2.53971168670767,1.84258136664583));
#6967=CARTESIAN_POINT('Ctrl Pts',(0.0956599325471124,2.59164291439692,2.09447978732299));
#6968=CARTESIAN_POINT('Ctrl Pts',(0.115001368908853,2.66710108994705,2.43333080027558));
#6969=CARTESIAN_POINT('Ctrl Pts',(0.134195022402938,2.74856375741181,2.76983362446173));
#6970=CARTESIAN_POINT('Ctrl Pts',(0.172634519567428,2.92109469139757,3.44389887051048));
#6971=CARTESIAN_POINT('Ctrl Pts',(0.201370736877004,3.05524974614187,3.94795848883461));
#6972=CARTESIAN_POINT('Ctrl Pts',(0.22052477829862,3.14499576030777,4.28406322350985));
#6973=CARTESIAN_POINT('',(-0.00926795810872003,2.15654018384009,0.234774994543077));
#6974=CARTESIAN_POINT('Ctrl Pts',(-0.00782139753420454,2.16218102098573,
0.237264941487849));
#6975=CARTESIAN_POINT('Ctrl Pts',(-0.00789568416470915,2.16189187934245,
0.237136379455239));
#6976=CARTESIAN_POINT('Ctrl Pts',(-0.00796995482531615,2.16160275229877,
0.237007973271865));
#6977=CARTESIAN_POINT('Ctrl Pts',(-0.00804420920956355,2.16131362526487,
0.236879716087957));
#6978=CARTESIAN_POINT('Ctrl Pts',(-0.00845269346183478,2.15972309506991,
0.236174154518787));
#6979=CARTESIAN_POINT('Ctrl Pts',(-0.00886065498647605,2.15813266904699,
0.235473148185358));
#6980=CARTESIAN_POINT('Ctrl Pts',(-0.00926804992718845,2.15653993435644,
0.234775561426958));
#6981=CARTESIAN_POINT('Ctrl Pts',(-0.00926795810872523,2.15654018384001,
0.234774994543044));
#6982=CARTESIAN_POINT('Ctrl Pts',(-0.00926518427766882,2.15970969637507,
0.236186617748781));
#6983=CARTESIAN_POINT('Ctrl Pts',(-0.00926297949808436,2.16223090743676,
0.237308523588516));
#6984=CARTESIAN_POINT('Ctrl Pts',(-0.00924338902477852,2.17999438090531,
0.24525202260626));
#6985=CARTESIAN_POINT('Ctrl Pts',(-0.00922491348151978,2.19612061962568,
0.252924703557507));
#6986=CARTESIAN_POINT('Ctrl Pts',(-0.00917133579160858,2.24134985857065,
0.275826126842228));
#6987=CARTESIAN_POINT('Ctrl Pts',(-0.00913540290922836,2.26996946973679,
0.29198451481362));
#6988=CARTESIAN_POINT('Ctrl Pts',(-0.00903476720464919,2.34573389666641,
0.339789490820818));
#6989=CARTESIAN_POINT('Ctrl Pts',(-0.00896804894821557,2.39110870067324,
0.374092849307939));
#6990=CARTESIAN_POINT('Ctrl Pts',(-0.00877580251733623,2.50848955710751,
0.482022632142307));
#6991=CARTESIAN_POINT('Ctrl Pts',(-0.00866855247862782,2.56206650617824,
0.555658415762495));
#6992=CARTESIAN_POINT('Ctrl Pts',(-0.00849612789779456,2.61997918125093,
0.666618227820384));
#6993=CARTESIAN_POINT('Ctrl Pts',(-0.00841059343699797,2.64188769669126,
0.720470376067732));
#6994=CARTESIAN_POINT('Ctrl Pts',(-0.00820288481922467,2.65894688404434,
0.832532322291309));
#6995=CARTESIAN_POINT('Ctrl Pts',(-0.00809401320152576,2.65560482424223,
0.883954834424821));
#6996=CARTESIAN_POINT('Ctrl Pts',(-0.00783523417332253,2.62686179881114,
1.00302019822099));
#6997=CARTESIAN_POINT('Ctrl Pts',(-0.00769615132302211,2.59659463866269,
1.06754983029647));
#6998=CARTESIAN_POINT('Ctrl Pts',(-0.0075554486512133,2.56215782109522,
1.13255532475197));
#6999=CARTESIAN_POINT('Ctrl Pts',(-0.00750803432366063,2.55003239209255,
1.15425517479435));
#7000=CARTESIAN_POINT('Ctrl Pts',(-0.00747139698691376,2.53883776151086,
1.16880583786206));
#7001=CARTESIAN_POINT('Ctrl Pts',(-0.00746423486678287,2.53653177127385,
1.1715098054088));
#7002=CARTESIAN_POINT('Ctrl Pts',(-0.00745659049947358,2.53362320442273,
1.17389100239127));
#7003=CARTESIAN_POINT('Ctrl Pts',(-0.00745441472914547,2.53274538508269,
1.17451240756578));
#7004=CARTESIAN_POINT('Ctrl Pts',(-0.00745163447092133,2.53142434420552,
1.17508554566717));
#7005=CARTESIAN_POINT('Ctrl Pts',(-0.00745072896465804,2.53095694459357,
1.17523107098378));
#7006=CARTESIAN_POINT('Ctrl Pts',(-0.00744995762546447,2.53048559382702,
1.17527441983888));
#7007=CARTESIAN_POINT('Ctrl Pts',(-0.168890977339787,3.0969824740543,4.29965712526534));
#7008=CARTESIAN_POINT('Ctrl Pts',(-0.151431230518878,3.00709221208958,3.96353925588592));
#7009=CARTESIAN_POINT('Ctrl Pts',(-0.125242121546228,2.87273757955165,3.45934253536023));
#7010=CARTESIAN_POINT('Ctrl Pts',(-0.090227747242298,2.69994815940644,2.78481471766387));
#7011=CARTESIAN_POINT('Ctrl Pts',(-0.0727301205734519,2.61825470169462,
2.44744531537678));
#7012=CARTESIAN_POINT('Ctrl Pts',(-0.0551346436591722,2.5425427314725,2.10778855361673));
#7013=CARTESIAN_POINT('Ctrl Pts',(-0.042087088561992,2.49070984826841,1.85565500207513));
#7014=CARTESIAN_POINT('Ctrl Pts',(-0.0248914913239187,2.45678323304072,
1.52122374623979));
#7015=CARTESIAN_POINT('Ctrl Pts',(-0.0162802409039803,2.47548128265807,
1.35152528374284));
#7016=CARTESIAN_POINT('Ctrl Pts',(-0.0101133429979959,2.51066359061074,
1.2286403748042));
#7017=CARTESIAN_POINT('Ctrl Pts',(-0.00611348020789616,2.53946765791152,
1.14856447677964));
#7018=CARTESIAN_POINT('Ctrl Pts',(-0.000185384934007734,2.58649644119367,
1.02961595793067));
#7019=CARTESIAN_POINT('Ctrl Pts',(0.00601120127786044,2.62090840840727,
0.906197951680744));
#7020=CARTESIAN_POINT('Ctrl Pts',(0.0104286944357001,2.61831303329114,0.819902721565806));
#7021=CARTESIAN_POINT('Ctrl Pts',(0.0152186874750622,2.59782399378919,0.727430828842872));
#7022=CARTESIAN_POINT('Ctrl Pts',(0.0202297226906743,2.55624348064802,0.631945552781029));
#7023=CARTESIAN_POINT('Ctrl Pts',(0.0246875979245398,2.49410894189776,0.548565704908881));
#7024=CARTESIAN_POINT('Ctrl Pts',(0.0292220510347884,2.41811636409827,0.464549641118632));
#7025=CARTESIAN_POINT('Ctrl Pts',(0.0314802837050822,2.3711836665806,0.423273834802774));
#7026=CARTESIAN_POINT('Ctrl Pts',(0.0345667418114596,2.29358715463614,0.367696968209061));
#7027=CARTESIAN_POINT('Ctrl Pts',(0.0355742721187517,2.26542164558642,0.349731156250402));
#7028=CARTESIAN_POINT('Ctrl Pts',(0.0375003195800002,2.20586502559925,0.31574241070977));
#7029=CARTESIAN_POINT('Ctrl Pts',(0.0384134472722303,2.17426572932882,0.299837914190129));
#7030=CARTESIAN_POINT('Ctrl Pts',(0.0392969888901792,2.14014782008609,0.284669218676133));
#7031=CARTESIAN_POINT('Ctrl Pts',(0.0393459878321933,2.13825592016625,0.283827989984553));
#7032=CARTESIAN_POINT('Ctrl Pts',(0.0393949839274964,2.13636406398528,0.282986814284941));
#7033=CARTESIAN_POINT('Ctrl Pts',(-0.168730915595264,3.11228952043085,4.29557177338061));
#7034=CARTESIAN_POINT('Ctrl Pts',(-0.151275471500033,3.02234239078011,3.95948325567757));
#7035=CARTESIAN_POINT('Ctrl Pts',(-0.125083716912855,2.88791082064881,3.45534984976796));
#7036=CARTESIAN_POINT('Ctrl Pts',(-0.0900841425541717,2.71504249153373,
2.78103939491609));
#7037=CARTESIAN_POINT('Ctrl Pts',(-0.0725950196916046,2.63332713668466,
2.44387526806728));
#7038=CARTESIAN_POINT('Ctrl Pts',(-0.0550216283648477,2.55765294171224,
2.10464361780537));
#7039=CARTESIAN_POINT('Ctrl Pts',(-0.0419953215967979,2.50579358575428,
1.85297395093862));
#7040=CARTESIAN_POINT('Ctrl Pts',(-0.0249116864326714,2.47213222734792,
1.52066454862129));
#7041=CARTESIAN_POINT('Ctrl Pts',(-0.0164714265222536,2.49037024133792,
1.35433457977834));
#7042=CARTESIAN_POINT('Ctrl Pts',(-0.0104028035125932,2.52489345599375,
1.23337042440616));
#7043=CARTESIAN_POINT('Ctrl Pts',(-0.00644317181875937,2.55334866221549,
1.1540948809679));
#7044=CARTESIAN_POINT('Ctrl Pts',(-0.000498344324531789,2.60050525835999,
1.03478073624233));
#7045=CARTESIAN_POINT('Ctrl Pts',(0.00584135458979392,2.63598968757341,
0.908551544158813));
#7046=CARTESIAN_POINT('Ctrl Pts',(0.0104596548750666,2.63348736126598,0.818349186609021));
#7047=CARTESIAN_POINT('Ctrl Pts',(0.0154458469594883,2.61223786506253,0.722111458588774));
#7048=CARTESIAN_POINT('Ctrl Pts',(0.0205899143248797,2.56947636534056,0.624091389176378));
#7049=CARTESIAN_POINT('Ctrl Pts',(0.0251367538220258,2.5061237960343,0.539041642253929));
#7050=CARTESIAN_POINT('Ctrl Pts',(0.0297570882760928,2.42870729769911,0.45342144100279));
#7051=CARTESIAN_POINT('Ctrl Pts',(0.0320548582273706,2.38095338971703,0.411415425515477));
#7052=CARTESIAN_POINT('Ctrl Pts',(0.0351929517507155,2.30209294067049,0.354908519984754));
#7053=CARTESIAN_POINT('Ctrl Pts',(0.0362167830138973,2.27348175689375,0.336652074388021));
#7054=CARTESIAN_POINT('Ctrl Pts',(0.0381727265941628,2.21303244133706,0.302137313942522));
#7055=CARTESIAN_POINT('Ctrl Pts',(0.0391002357863695,2.1809372076977,0.285979072865722));
#7056=CARTESIAN_POINT('Ctrl Pts',(0.0399952108251933,2.14639542527812,0.270615604325223));
#7057=CARTESIAN_POINT('Ctrl Pts',(0.0400437584438793,2.14451931817545,0.269781883886694));
#7058=CARTESIAN_POINT('Ctrl Pts',(0.0400927429936448,2.14262740103618,0.268940824310414));
#7059=CARTESIAN_POINT('Ctrl Pts',(-0.182619037407072,3.13867082902288,4.2877950198394));
#7060=CARTESIAN_POINT('Ctrl Pts',(-0.165046111979571,3.04863640291515,3.95176050780096));
#7061=CARTESIAN_POINT('Ctrl Pts',(-0.138689910595914,2.91407158027879,3.44774630149566));
#7062=CARTESIAN_POINT('Ctrl Pts',(-0.103460384262975,2.74108512962036,2.7738179915732));
#7063=CARTESIAN_POINT('Ctrl Pts',(-0.08586514999938,2.65933527939093,2.43701733805694));
#7064=CARTESIAN_POINT('Ctrl Pts',(-0.0681915379583633,2.58373355511339,
2.09852680497013));
#7065=CARTESIAN_POINT('Ctrl Pts',(-0.0550973349318456,2.53182959673411,
1.84767755675771));
#7066=CARTESIAN_POINT('Ctrl Pts',(-0.0379700861054757,2.49863953174671,
1.51903341742273));
#7067=CARTESIAN_POINT('Ctrl Pts',(-0.0295501734852385,2.51609295894298,
1.35853426680518));
#7068=CARTESIAN_POINT('Ctrl Pts',(-0.0234750056347134,2.54949125754891,
1.24088793640128));
#7069=CARTESIAN_POINT('Ctrl Pts',(-0.0195054283994084,2.57734910228342,
1.16300137164101));
#7070=CARTESIAN_POINT('Ctrl Pts',(-0.0135238748228629,2.62472629412206,
1.04303742725483));
#7071=CARTESIAN_POINT('Ctrl Pts',(-0.00710177027929603,2.66204340138654,
0.911954046379151));
#7072=CARTESIAN_POINT('Ctrl Pts',(-0.002334389025805,2.65968180290886,0.814992013940866));
#7073=CARTESIAN_POINT('Ctrl Pts',(0.00282411924317715,2.63710848503938,
0.712249616121384));
#7074=CARTESIAN_POINT('Ctrl Pts',(0.00811967810642103,2.59231195562224,
0.609848962390306));
#7075=CARTESIAN_POINT('Ctrl Pts',(0.0127735918227463,2.52684937158401,0.521910506581972));
#7076=CARTESIAN_POINT('Ctrl Pts',(0.0174918229712137,2.44696972526434,0.433508276736391));
#7077=CARTESIAN_POINT('Ctrl Pts',(0.0198304064336814,2.39779104215395,0.390232980639557));
#7078=CARTESIAN_POINT('Ctrl Pts',(0.0230167624812859,2.31674925111202,0.332118124389149));
#7079=CARTESIAN_POINT('Ctrl Pts',(0.0240548946451501,2.28736867228458,0.313359124982961));
#7080=CARTESIAN_POINT('Ctrl Pts',(0.0260353975409379,2.22538059548361,0.277936203348661));
#7081=CARTESIAN_POINT('Ctrl Pts',(0.0269738662567193,2.19242604553159,0.261335773894636));
#7082=CARTESIAN_POINT('Ctrl Pts',(0.0278770491158395,2.15715510219359,0.245636695929718));
#7083=CARTESIAN_POINT('Ctrl Pts',(0.0279256882660314,2.15530613138197,0.244815865369932));
#7084=CARTESIAN_POINT('Ctrl Pts',(0.0279749066207398,2.15341411811269,0.243975000821852));
#7085=CARTESIAN_POINT('Ctrl Pts',(-0.211122012441898,3.14600898976529,4.2843519303025));
#7086=CARTESIAN_POINT('Ctrl Pts',(-0.193384713544318,3.0560818362786,3.94830427275555));
#7087=CARTESIAN_POINT('Ctrl Pts',(-0.166777320187763,2.92168490814823,3.44427887804162));
#7088=CARTESIAN_POINT('Ctrl Pts',(-0.131199361100086,2.74894050718601,2.7704089392192));
#7089=CARTESIAN_POINT('Ctrl Pts',(-0.113424302440337,2.66732625840549,2.43369111721207));
#7090=CARTESIAN_POINT('Ctrl Pts',(-0.0955598766817939,2.59190668234358,
2.09540159584643));
#7091=CARTESIAN_POINT('Ctrl Pts',(-0.0823128083393982,2.5401160576615,1.84479699987587));
#7092=CARTESIAN_POINT('Ctrl Pts',(-0.0649069835274974,2.50735032899606,
1.51731060329242));
#7093=CARTESIAN_POINT('Ctrl Pts',(-0.0561774456869737,2.52486304627425,
1.35883674575249));
#7094=CARTESIAN_POINT('Ctrl Pts',(-0.0499060665530624,2.55805603731512,
1.24242099579193));
#7095=CARTESIAN_POINT('Ctrl Pts',(-0.0458430227071681,2.58578560509463,
1.16506269062583));
#7096=CARTESIAN_POINT('Ctrl Pts',(-0.0398468588172327,2.63324623613037,
1.04488015043528));
#7097=CARTESIAN_POINT('Ctrl Pts',(-0.0335735923755681,2.67104153061257,
0.911996609700702));
#7098=CARTESIAN_POINT('Ctrl Pts',(-0.0289798773542667,2.66849907515623,
0.812707681323369));
#7099=CARTESIAN_POINT('Ctrl Pts',(-0.0239529697013216,2.64529592839377,
0.707807789034772));
#7100=CARTESIAN_POINT('Ctrl Pts',(-0.0187008633362313,2.59973779695495,
0.604001793664024));
#7101=CARTESIAN_POINT('Ctrl Pts',(-0.0140684719102036,2.53354193242162,
0.515148400158737));
#7102=CARTESIAN_POINT('Ctrl Pts',(-0.00938175115280323,2.45281476052411,
0.425883899261122));
#7103=CARTESIAN_POINT('Ctrl Pts',(-0.00706499528389533,2.40315456483401,
0.38222552943041));
#7104=CARTESIAN_POINT('Ctrl Pts',(-0.00391184700054961,2.32138134606702,
0.323630001163307));
#7105=CARTESIAN_POINT('Ctrl Pts',(-0.0028856482527233,2.29174479877545,
0.304722796978823));
#7106=CARTESIAN_POINT('Ctrl Pts',(-0.000929017892844833,2.229246960054,
0.269034313143588));
#7107=CARTESIAN_POINT('Ctrl Pts',(-4.69291671724272E-6,2.1960116275464,
0.252308982671368));
#7108=CARTESIAN_POINT('Ctrl Pts',(0.000887838318356079,2.16050184404905,
0.236513909103873));
#7109=CARTESIAN_POINT('Ctrl Pts',(0.000937477955604083,2.15866197280477,
0.235696395028756));
#7110=CARTESIAN_POINT('Ctrl Pts',(0.000987052618801086,2.15677004090857,
0.234855357025069));
#7111=CARTESIAN_POINT('Ctrl Pts',(-0.222949286874187,3.14490771482238,4.28403208023248));
#7112=CARTESIAN_POINT('Ctrl Pts',(-0.205173741116677,3.05505823626222,3.94796460005182));
#7113=CARTESIAN_POINT('Ctrl Pts',(-0.178503158571294,2.92077662701649,3.4439090185604));
#7114=CARTESIAN_POINT('Ctrl Pts',(-0.142837952638578,2.74819196902712,2.76999186316659));
#7115=CARTESIAN_POINT('Ctrl Pts',(-0.125014927711855,2.66665911620127,2.43324861210064));
#7116=CARTESIAN_POINT('Ctrl Pts',(-0.107098006996264,2.59132715644994,2.09492357484599));
#7117=CARTESIAN_POINT('Ctrl Pts',(-0.0938067425871799,2.53960736693326,
1.84429827321648));
#7118=CARTESIAN_POINT('Ctrl Pts',(-0.0763098777594352,2.50698685337388,
1.51672571904068));
#7119=CARTESIAN_POINT('Ctrl Pts',(-0.0674689870661083,2.52468923768412,
1.35822395096003));
#7120=CARTESIAN_POINT('Ctrl Pts',(-0.0611291915594426,2.55799491912616,
1.24183190108929));
#7121=CARTESIAN_POINT('Ctrl Pts',(-0.0570343193590301,2.58577303138116,
1.16449344125345));
#7122=CARTESIAN_POINT('Ctrl Pts',(-0.051037488996081,2.63323635076729,1.04430933094844));
#7123=CARTESIAN_POINT('Ctrl Pts',(-0.0448272561523641,2.67092801900855,
0.911388814385959));
#7124=CARTESIAN_POINT('Ctrl Pts',(-0.0403138018474467,2.66825013175461,
0.812141285958862));
#7125=CARTESIAN_POINT('Ctrl Pts',(-0.035355555722781,2.64495503161644,0.707329705681138));
#7126=CARTESIAN_POINT('Ctrl Pts',(-0.0301385555713235,2.59937761535258,
0.603607098147627));
#7127=CARTESIAN_POINT('Ctrl Pts',(-0.0255277946341632,2.53318775736994,
0.514813814679404));
#7128=CARTESIAN_POINT('Ctrl Pts',(-0.0208649986741808,2.45247373664454,
0.425614646115083));
#7129=CARTESIAN_POINT('Ctrl Pts',(-0.018561278457647,2.40282412358649,0.381990656388602));
#7130=CARTESIAN_POINT('Ctrl Pts',(-0.0154262340769739,2.3210752256705,0.323445003784158));
#7131=CARTESIAN_POINT('Ctrl Pts',(-0.014406141174594,2.29144825747296,0.304554492677624));
#7132=CARTESIAN_POINT('Ctrl Pts',(-0.0124612008032256,2.22897176823242,
0.26889805068276));
#7133=CARTESIAN_POINT('Ctrl Pts',(-0.0115432916642945,2.19574855263629,
0.252189013530961));
#7134=CARTESIAN_POINT('Ctrl Pts',(-0.0106556160248605,2.1602509984979,0.236407267176443));
#7135=CARTESIAN_POINT('Ctrl Pts',(-0.0106056356581523,2.1584107721609,0.235589006484971));
#7136=CARTESIAN_POINT('Ctrl Pts',(-0.0105559667390007,2.15651890628571,
0.234747826234452));
#7137=CARTESIAN_POINT('Ctrl Pts',(-0.00926786641734936,2.15653993549019,
0.234775558438108));
#7138=CARTESIAN_POINT('Ctrl Pts',(-0.00967256962877596,2.15813682523526,
0.235475099763266));
#7139=CARTESIAN_POINT('Ctrl Pts',(-0.0100780661722579,2.15969509342791,
0.236161948713865));
#7140=CARTESIAN_POINT('Ctrl Pts',(-0.0104836557901629,2.16132359834516,
0.236884492474785));
#7141=CARTESIAN_POINT('Ctrl Pts',(-0.0105573826727264,2.16161962315815,
0.237015834345131));
#7142=CARTESIAN_POINT('Ctrl Pts',(-0.0106311110649432,2.16191796421829,
0.237148352778126));
#7143=CARTESIAN_POINT('Ctrl Pts',(-0.0107048360405371,2.16221927395073,
0.237282336591968));
#7144=CARTESIAN_POINT('Ctrl Pts',(0.21308262646836,3.12916110371291,4.80849527923385));
#7145=CARTESIAN_POINT('Ctrl Pts',(0.339840469431788,3.11860677278301,4.81038923565205));
#7146=CARTESIAN_POINT('Ctrl Pts',(0.635471655615509,3.07178437300785,4.81879843328499));
#7147=CARTESIAN_POINT('Ctrl Pts',(0.918212195759047,2.97402870716083,4.83638294462834));
#7148=CARTESIAN_POINT('Ctrl Pts',(1.07175662756209,2.90289030398438,4.84919627422771));
#7149=CARTESIAN_POINT('Ctrl Pts',(0.219706534473046,3.18582632009816,4.64042946399779));
#7150=CARTESIAN_POINT('Ctrl Pts',(0.350415791551882,3.17503661694184,4.64237336936849));
#7151=CARTESIAN_POINT('Ctrl Pts',(0.655370265583734,3.1271910018838,4.65099085557117));
#7152=CARTESIAN_POINT('Ctrl Pts',(0.947962614349438,3.02683988431502,4.66912816260186));
#7153=CARTESIAN_POINT('Ctrl Pts',(1.10724299248389,2.95338804693068,4.68246165597217));
#7154=CARTESIAN_POINT('Ctrl Pts',(0.222332815861793,3.19141425553317,4.45536119624725));
#7155=CARTESIAN_POINT('Ctrl Pts',(0.354605373297523,3.18057844914133,4.45729749139349));
#7156=CARTESIAN_POINT('Ctrl Pts',(0.663341497597667,3.13253344620728,4.46586586500308));
#7157=CARTESIAN_POINT('Ctrl Pts',(0.960440824361308,3.03138390974618,4.48406397011051));
#7158=CARTESIAN_POINT('Ctrl Pts',(1.12252300797963,2.95700148202422,4.49761026248395));
#7159=CARTESIAN_POINT('Ctrl Pts',(0.220524778298624,3.14499576031263,4.28406322352767));
#7160=CARTESIAN_POINT('Ctrl Pts',(0.351711695679947,3.13431055677963,4.2859439459551));
#7161=CARTESIAN_POINT('Ctrl Pts',(0.658058371418977,3.08692169908623,4.29425521843654));
#7162=CARTESIAN_POINT('Ctrl Pts',(0.953566565893423,2.98690227814118,4.3120633263427));
#7163=CARTESIAN_POINT('Ctrl Pts',(1.11504761034644,2.9131278038397,4.32547962646688));
#7164=CARTESIAN_POINT('Origin',(0.737240684697961,2.12565147117224,4.5426039052122));
#7165=CARTESIAN_POINT('Ctrl Pts',(1.07178102351955,2.90292501709729,4.8490816311667));
#7166=CARTESIAN_POINT('Ctrl Pts',(1.07409612043632,2.90185241714518,4.84927482713554));
#7167=CARTESIAN_POINT('Ctrl Pts',(1.07640942058803,2.90077635516073,4.84946865132175));
#7168=CARTESIAN_POINT('Ctrl Pts',(1.07872090768584,2.8996968412287,4.84966310104058));
#7169=CARTESIAN_POINT('Ctrl Pts',(1.10725028154696,2.953390336341,4.6823770033706));
#7170=CARTESIAN_POINT('Ctrl Pts',(1.10965182160156,2.9522828733013,4.6825780381492));
#7171=CARTESIAN_POINT('Ctrl Pts',(1.11205025596319,2.95117237271932,4.68277962347198));
#7172=CARTESIAN_POINT('Ctrl Pts',(1.11444737149011,2.95005801372457,4.6829819391105));
#7173=CARTESIAN_POINT('Ctrl Pts',(1.12252129471547,2.95699142674645,4.49757081237559));
#7174=CARTESIAN_POINT('Ctrl Pts',(1.12496505646692,2.95586994169674,4.49777505361373));
#7175=CARTESIAN_POINT('Ctrl Pts',(1.12740532635376,2.95474550665293,4.49797985461841));
#7176=CARTESIAN_POINT('Ctrl Pts',(1.12984393860495,2.95361728946221,4.49818539402117));
#7177=CARTESIAN_POINT('Ctrl Pts',(1.11504761034643,2.9131278038397,4.32547962646688));
#7178=CARTESIAN_POINT('Ctrl Pts',(1.11748231081844,2.91201548289817,4.32568190824154));
#7179=CARTESIAN_POINT('Ctrl Pts',(1.11991418304604,2.91089992744537,4.32588484236754));
#7180=CARTESIAN_POINT('Ctrl Pts',(1.1223432210641,2.90978115680819,4.32608841448989));
#7181=CARTESIAN_POINT('',(1.12234322106411,2.90978115680818,4.3260884144899));
#7182=CARTESIAN_POINT('Origin',(0.742000781911092,2.12345556648556,4.54295633508425));
#7183=CARTESIAN_POINT('Ctrl Pts',(1.1223432210641,2.90978115680819,4.32608841448989));
#7184=CARTESIAN_POINT('Ctrl Pts',(1.11991418304604,2.91089992744537,4.32588484236754));
#7185=CARTESIAN_POINT('Ctrl Pts',(1.11748231081844,2.91201548289817,4.32568190824154));
#7186=CARTESIAN_POINT('Ctrl Pts',(1.11504761034643,2.9131278038397,4.32547962646688));
#7187=CARTESIAN_POINT('Ctrl Pts',(1.07872157986713,2.89969778875499,4.84965996497811));
#7188=CARTESIAN_POINT('Ctrl Pts',(1.07874000712966,2.89968918282988,4.84966151513872));
#7189=CARTESIAN_POINT('Ctrl Pts',(1.07875843422815,2.89968057670819,4.84966306533498));
#7190=CARTESIAN_POINT('Ctrl Pts',(1.07877686116259,2.89967197038993,4.84966461556688));
#7191=CARTESIAN_POINT('Ctrl Pts',(1.11444757249396,2.95005807572986,4.68297962331319));
#7192=CARTESIAN_POINT('Ctrl Pts',(1.11446668238052,2.95004919202257,4.68298123618032));
#7193=CARTESIAN_POINT('Ctrl Pts',(1.11448578493194,2.95004031145793,4.6829828483436));
#7194=CARTESIAN_POINT('Ctrl Pts',(1.11450489446755,2.95003142734536,4.68298446128592));
#7195=CARTESIAN_POINT('Ctrl Pts',(1.12984389156363,2.9536170145406,4.49818431470201));
#7196=CARTESIAN_POINT('Ctrl Pts',(1.12986333225867,2.95360802035724,4.49818595326866));
#7197=CARTESIAN_POINT('Ctrl Pts',(1.12988276544031,2.95359902937143,4.49818759111942));
#7198=CARTESIAN_POINT('Ctrl Pts',(1.12990220577315,2.95359003477726,4.49818922976503));
#7199=CARTESIAN_POINT('Ctrl Pts',(1.1223432210641,2.90978115680818,4.3260884144899));
#7200=CARTESIAN_POINT('Ctrl Pts',(1.12236258543357,2.90977223793256,4.32609003737342));
#7201=CARTESIAN_POINT('Ctrl Pts',(1.1223819496231,2.90976331885252,4.32609166029752));
#7202=CARTESIAN_POINT('Ctrl Pts',(1.12240131363269,2.90975439956806,4.32609328326217));
#7203=CARTESIAN_POINT('',(1.12240131363269,2.90975439956806,4.32609328326217));
#7204=CARTESIAN_POINT('Origin',(0.742038701726144,2.1234380023091,4.54295915624663));
#7205=CARTESIAN_POINT('Ctrl Pts',(1.12240131363269,2.90975439956806,4.32609328326217));
#7206=CARTESIAN_POINT('Ctrl Pts',(1.1223819496231,2.90976331885252,4.32609166029752));
#7207=CARTESIAN_POINT('Ctrl Pts',(1.12236258543357,2.90977223793256,4.32609003737342));
#7208=CARTESIAN_POINT('Ctrl Pts',(1.12234322106411,2.90978115680818,4.3260884144899));
#7209=CARTESIAN_POINT('Ctrl Pts',(1.07877686662248,2.89967197808579,4.84966459009585));
#7210=CARTESIAN_POINT('Ctrl Pts',(1.2233328778365,2.83215694771623,4.8618258826452));
#7211=CARTESIAN_POINT('Ctrl Pts',(1.42493674689984,2.71290215962201,4.8833308839824));
#7212=CARTESIAN_POINT('Ctrl Pts',(1.78339798603589,2.43705299681113,4.93325298507987));
#7213=CARTESIAN_POINT('Ctrl Pts',(2.08968555711905,2.1130027592016,4.99218352622729));
#7214=CARTESIAN_POINT('Ctrl Pts',(2.36675237808747,1.69333572456463,5.06916481384464));
#7215=CARTESIAN_POINT('Ctrl Pts',(2.49203836660638,1.43161383901203,5.11755105036824));
#7216=CARTESIAN_POINT('Ctrl Pts',(2.57444713247799,1.22221905394418,5.15645577762757));
#7217=CARTESIAN_POINT('Ctrl Pts',(2.62721961825711,1.07075111544654,5.18468958895874));
#7218=CARTESIAN_POINT('Ctrl Pts',(2.70766450754059,0.768113905803638,5.24141075855395));
#7219=CARTESIAN_POINT('Ctrl Pts',(2.76724624925299,0.386505734728002,5.31342866803401));
#7220=CARTESIAN_POINT('Ctrl Pts',(2.77980836261823,-0.232466653646059,5.43113486947602));
#7221=CARTESIAN_POINT('Ctrl Pts',(2.69874373171639,-0.691551794902153,5.51926675755178));
#7222=CARTESIAN_POINT('Ctrl Pts',(2.54936228325451,-1.13597342586556,5.60512279082911));
#7223=CARTESIAN_POINT('Ctrl Pts',(2.43200771477566,-1.41407842151684,5.65912509528853));
#7224=CARTESIAN_POINT('Ctrl Pts',(2.19872514762965,-1.80056549723902,5.73469777033682));
#7225=CARTESIAN_POINT('Ctrl Pts',(1.9027343470953,-2.15933354058567,5.80527539092724));
#7226=CARTESIAN_POINT('Ctrl Pts',(1.54579378942899,-2.47525746703717,5.86772711440014));
#7227=CARTESIAN_POINT('Ctrl Pts',(1.2632930450459,-2.64974884500997,5.90236044714485));
#7228=CARTESIAN_POINT('Ctrl Pts',(1.10903393510236,-2.72420769302873,5.91715912241793));
#7229=CARTESIAN_POINT('Ctrl Pts',(1.09664088136137,2.92485170296739,4.76632451628655));
#7230=CARTESIAN_POINT('Ctrl Pts',(1.24386785184145,2.85624784603448,4.77873238690614));
#7231=CARTESIAN_POINT('Ctrl Pts',(1.44902819910652,2.73505861466464,4.80069646025153));
#7232=CARTESIAN_POINT('Ctrl Pts',(1.81345207530036,2.45477212774744,4.85163281379379));
#7233=CARTESIAN_POINT('Ctrl Pts',(2.12443758307475,2.12557084840428,4.911628900801));
#7234=CARTESIAN_POINT('Ctrl Pts',(2.4054032543954,1.69906726575651,4.98972411954599));
#7235=CARTESIAN_POINT('Ctrl Pts',(2.53223527531986,1.43287694115183,5.03869493981112));
#7236=CARTESIAN_POINT('Ctrl Pts',(2.61548395911275,1.21984860244523,5.07801919147389));
#7237=CARTESIAN_POINT('Ctrl Pts',(2.66864732634939,1.06593800109048,5.10651600474985));
#7238=CARTESIAN_POINT('Ctrl Pts',(2.74935251165554,0.758631251190887,5.16368120937872));
#7239=CARTESIAN_POINT('Ctrl Pts',(2.80838408485369,0.371497073819702,5.23611664115267));
#7240=CARTESIAN_POINT('Ctrl Pts',(2.81839175839105,-0.255793719414211,5.35422968286456));
#7241=CARTESIAN_POINT('Ctrl Pts',(2.73358722443649,-0.720670539297499,5.44239352017264));
#7242=CARTESIAN_POINT('Ctrl Pts',(2.57902694286597,-1.17017168247629,5.52807593053766));
#7243=CARTESIAN_POINT('Ctrl Pts',(2.45830751628467,-1.45044918502869,5.58185081341146));
#7244=CARTESIAN_POINT('Ctrl Pts',(2.21982688378131,-1.83927184980006,5.65698721432981));
#7245=CARTESIAN_POINT('Ctrl Pts',(1.918567078016,-2.19928195669353,5.72699021673181));
#7246=CARTESIAN_POINT('Ctrl Pts',(1.5564174272618,-2.51562641567482,5.78877497930759));
#7247=CARTESIAN_POINT('Ctrl Pts',(1.27063335603393,-2.68977070343105,5.82293191492925));
#7248=CARTESIAN_POINT('Ctrl Pts',(1.11484943816746,-2.76393131475553,5.8375112551129));
#7249=CARTESIAN_POINT('Ctrl Pts',(1.12244262795313,2.95233167535781,4.59061678372271));
#7250=CARTESIAN_POINT('Ctrl Pts',(1.27366683341006,2.88219244348698,4.6033732693713));
#7251=CARTESIAN_POINT('Ctrl Pts',(1.48421288282285,2.75821810612497,4.6260484031625));
#7252=CARTESIAN_POINT('Ctrl Pts',(1.85771436108736,2.47138747333104,4.6786015239482));
#7253=CARTESIAN_POINT('Ctrl Pts',(2.17587942482225,2.13438313473708,4.74033354522613));
#7254=CARTESIAN_POINT('Ctrl Pts',(2.46264259400157,1.69719920248791,4.82022225606865));
#7255=CARTESIAN_POINT('Ctrl Pts',(2.59156977151437,1.42397256032992,4.87011342901006));
#7256=CARTESIAN_POINT('Ctrl Pts',(2.67583624888746,1.20512572938508,4.91010457964938));
#7257=CARTESIAN_POINT('Ctrl Pts',(2.72932696918929,1.04745402793398,4.93900149502864));
#7258=CARTESIAN_POINT('Ctrl Pts',(2.80985880087064,0.73285313826883,4.99685246314078));
#7259=CARTESIAN_POINT('Ctrl Pts',(2.86717508725026,0.337227685024551,5.06991952021383));
#7260=CARTESIAN_POINT('Ctrl Pts',(2.87159045884372,-0.302604059659936,5.18863464316822));
#7261=CARTESIAN_POINT('Ctrl Pts',(2.77942882714057,-0.775805428977522,5.2768057190136));
#7262=CARTESIAN_POINT('Ctrl Pts',(2.6152556855772,-1.23180542606765,5.36213285103648));
#7263=CARTESIAN_POINT('Ctrl Pts',(2.48855030881617,-1.51410872222882,5.4154976105627));
#7264=CARTESIAN_POINT('Ctrl Pts',(2.24128017977854,-1.90429495715298,5.48984815374058));
#7265=CARTESIAN_POINT('Ctrl Pts',(1.93168626907124,-2.26362080075414,5.55880526950082));
#7266=CARTESIAN_POINT('Ctrl Pts',(1.56207738939147,-2.57774383940011,5.61934604806829));
#7267=CARTESIAN_POINT('Ctrl Pts',(1.27235236104931,-2.74934859495563,5.6526030272815));
#7268=CARTESIAN_POINT('Ctrl Pts',(1.11510478358216,-2.82208286667907,5.66677753465232));
#7269=CARTESIAN_POINT('Ctrl Pts',(1.12615175951189,2.93167221605625,4.41214125213102));
#7270=CARTESIAN_POINT('Ctrl Pts',(1.27834828226709,2.86140830479188,4.42493329478061));
#7271=CARTESIAN_POINT('Ctrl Pts',(1.49034803657847,2.73706754834833,4.44781487781863));
#7272=CARTESIAN_POINT('Ctrl Pts',(1.86645888568687,2.44893092776876,4.50097069934208));
#7273=CARTESIAN_POINT('Ctrl Pts',(2.18677554721196,2.10978321257741,4.56344270626825));
#7274=CARTESIAN_POINT('Ctrl Pts',(2.47482326149892,1.66885732125859,4.64408206297868));
#7275=CARTESIAN_POINT('Ctrl Pts',(2.60370925270627,1.39291190609958,4.69434340672824));
#7276=CARTESIAN_POINT('Ctrl Pts',(2.68752827230244,1.17175399578309,4.73460413316151));
#7277=CARTESIAN_POINT('Ctrl Pts',(2.74042529056023,1.01281896950865,4.76363614728473));
#7278=CARTESIAN_POINT('Ctrl Pts',(2.81939336718037,0.695718031741648,4.82172754149591));
#7279=CARTESIAN_POINT('Ctrl Pts',(2.87390680425546,0.297413320412378,4.89500546897932));
#7280=CARTESIAN_POINT('Ctrl Pts',(2.87222072336777,-0.345633995028375,5.0139071908119));
#7281=CARTESIAN_POINT('Ctrl Pts',(2.77358849110611,-0.819888903152994,5.10202833216342));
#7282=CARTESIAN_POINT('Ctrl Pts',(2.60210303598266,-1.27452095237215,5.18708106536796));
#7283=CARTESIAN_POINT('Ctrl Pts',(2.47144321732088,-1.55399559088115,5.24014692385667));
#7284=CARTESIAN_POINT('Ctrl Pts',(2.21934737062676,-1.93886422347076,5.31395138506579));
#7285=CARTESIAN_POINT('Ctrl Pts',(1.90658410124848,-2.29118149047493,5.38214801361527));
#7286=CARTESIAN_POINT('Ctrl Pts',(1.53605333726167,-2.59720262665713,5.44173518283272));
#7287=CARTESIAN_POINT('Ctrl Pts',(1.24803143804993,-2.76277764670032,5.47427473550175));
#7288=CARTESIAN_POINT('Ctrl Pts',(1.09259137634747,-2.83255803082999,5.48812958776961));
#7289=CARTESIAN_POINT('Ctrl Pts',(1.1224013136327,2.90975439956813,4.32609328326281));
#7290=CARTESIAN_POINT('Ctrl Pts',(1.27430833057852,2.83978428885632,4.33882513601456));
#7291=CARTESIAN_POINT('Ctrl Pts',(1.48601818032285,2.7158705956946,4.36167268663165));
#7292=CARTESIAN_POINT('Ctrl Pts',(1.86176020083984,2.42842051930113,4.41484992238652));
#7293=CARTESIAN_POINT('Ctrl Pts',(2.18185197600641,2.08965493211324,4.47741277843845));
#7294=CARTESIAN_POINT('Ctrl Pts',(2.46938141365244,1.64868303912418,4.55814533568158));
#7295=CARTESIAN_POINT('Ctrl Pts',(2.59772311836703,1.37249386656602,4.6084528783929));
#7296=CARTESIAN_POINT('Ctrl Pts',(2.6809507519036,1.15113541187958,4.64874477430153));
#7297=CARTESIAN_POINT('Ctrl Pts',(2.73333667944723,0.992202751666967,4.67778039974698));
#7298=CARTESIAN_POINT('Ctrl Pts',(2.81120851534023,0.67512281028716,4.73588062506333));
#7299=CARTESIAN_POINT('Ctrl Pts',(2.86410921301563,0.276979347867389,4.80916467462581));
#7300=CARTESIAN_POINT('Ctrl Pts',(2.85937548226609,-0.365261751060768,4.92806771621728));
#7301=CARTESIAN_POINT('Ctrl Pts',(2.75787716083834,-0.838197659923159,5.01616557440647));
#7302=CARTESIAN_POINT('Ctrl Pts',(2.58346465622188,-1.29021386925637,5.10112466102661));
#7303=CARTESIAN_POINT('Ctrl Pts',(2.45142832656332,-1.56711396079382,5.15407175214051));
#7304=CARTESIAN_POINT('Ctrl Pts',(2.19801025438347,-1.94778115002294,5.22767437589164));
#7305=CARTESIAN_POINT('Ctrl Pts',(1.88502928519999,-2.2951553997787,5.29557544925245));
#7306=CARTESIAN_POINT('Ctrl Pts',(1.51568558867067,-2.59584252198563,5.35477970416985));
#7307=CARTESIAN_POINT('Ctrl Pts',(1.22989747334227,-2.7576602828217,5.38702126153872));
#7308=CARTESIAN_POINT('Ctrl Pts',(1.07613441625432,-2.82564446489281,5.40074000008458));
#7309=CARTESIAN_POINT('',(1.07613441625423,-2.82564446489274,5.40074000008433));
#7310=CARTESIAN_POINT('Origin',(0.72583970342637,-2.00698538665297,5.53147227529009));
#7311=CARTESIAN_POINT('Ctrl Pts',(1.07613441625432,-2.82564446489281,5.40074000008458));
#7312=CARTESIAN_POINT('Ctrl Pts',(1.22989747334227,-2.7576602828217,5.38702126153872));
#7313=CARTESIAN_POINT('Ctrl Pts',(1.51568558867067,-2.59584252198563,5.35477970416985));
#7314=CARTESIAN_POINT('Ctrl Pts',(1.88502928519999,-2.2951553997787,5.29557544925245));
#7315=CARTESIAN_POINT('Ctrl Pts',(2.19801025438347,-1.94778115002294,5.22767437589164));
#7316=CARTESIAN_POINT('Ctrl Pts',(2.45142832656332,-1.56711396079382,5.15407175214051));
#7317=CARTESIAN_POINT('Ctrl Pts',(2.58346465622188,-1.29021386925637,5.10112466102661));
#7318=CARTESIAN_POINT('Ctrl Pts',(2.75787716083834,-0.838197659923159,5.01616557440647));
#7319=CARTESIAN_POINT('Ctrl Pts',(2.85937548226609,-0.365261751060768,4.92806771621728));
#7320=CARTESIAN_POINT('Ctrl Pts',(2.86410921301563,0.276979347867389,4.80916467462581));
#7321=CARTESIAN_POINT('Ctrl Pts',(2.81120851534023,0.67512281028716,4.73588062506333));
#7322=CARTESIAN_POINT('Ctrl Pts',(2.73333667944723,0.992202751666967,4.67778039974698));
#7323=CARTESIAN_POINT('Ctrl Pts',(2.6809507519036,1.15113541187958,4.64874477430153));
#7324=CARTESIAN_POINT('Ctrl Pts',(2.59772311836703,1.37249386656602,4.6084528783929));
#7325=CARTESIAN_POINT('Ctrl Pts',(2.46938141365244,1.64868303912418,4.55814533568158));
#7326=CARTESIAN_POINT('Ctrl Pts',(2.18185197600641,2.08965493211324,4.47741277843845));
#7327=CARTESIAN_POINT('Ctrl Pts',(1.86176020083984,2.42842051930113,4.41484992238652));
#7328=CARTESIAN_POINT('Ctrl Pts',(1.48601818032285,2.7158705956946,4.36167268663165));
#7329=CARTESIAN_POINT('Ctrl Pts',(1.27430833057852,2.83978428885632,4.33882513601456));
#7330=CARTESIAN_POINT('Ctrl Pts',(1.1224013136327,2.90975439956813,4.32609328326281));
#7331=CARTESIAN_POINT('Ctrl Pts',(1.10913039676375,-2.72486918351649,5.91583030968153));
#7332=CARTESIAN_POINT('Ctrl Pts',(1.0844470669059,-2.73678074363859,5.91819730744577));
#7333=CARTESIAN_POINT('Ctrl Pts',(1.05944559707732,-2.74835075613106,5.92049878054269));
#7334=CARTESIAN_POINT('Ctrl Pts',(1.03413031288713,-2.75955546882572,5.92272820536422));
#7335=CARTESIAN_POINT('Ctrl Pts',(1.12060387613743,-2.8038611918751,5.7568515573754));
#7336=CARTESIAN_POINT('Ctrl Pts',(1.09543571503497,-2.81567665168303,5.75914882905485));
#7337=CARTESIAN_POINT('Ctrl Pts',(1.07000583779709,-2.82711915339144,5.76138222233476));
#7338=CARTESIAN_POINT('Ctrl Pts',(1.0443039865234,-2.83818161298506,5.76354237239029));
#7339=CARTESIAN_POINT('Ctrl Pts',(1.10895685226261,-2.83943316428069,5.57503337707209));
#7340=CARTESIAN_POINT('Ctrl Pts',(1.08381822475768,-2.85088293244353,5.57727125912065));
#7341=CARTESIAN_POINT('Ctrl Pts',(1.0584776692861,-2.86194264078436,5.57944857099342));
#7342=CARTESIAN_POINT('Ctrl Pts',(1.03292925953192,-2.87261155042717,5.58155175028832));
#7343=CARTESIAN_POINT('Ctrl Pts',(1.07613441625419,-2.82564446489278,5.40074000008392));
#7344=CARTESIAN_POINT('Ctrl Pts',(1.05153448600452,-2.83652097950366,5.40293480563561));
#7345=CARTESIAN_POINT('Ctrl Pts',(1.02678573736108,-2.84700741406503,5.40507081534906));
#7346=CARTESIAN_POINT('Ctrl Pts',(1.00190461274494,-2.85709880685535,5.40713119622761));
#7347=CARTESIAN_POINT('',(1.00190461274494,-2.85709880685529,5.40713119622775));
#7348=CARTESIAN_POINT('Origin',(0.676653001866827,-2.02830333263295,5.53869658502649));
#7349=CARTESIAN_POINT('Ctrl Pts',(1.00190461274494,-2.85709880685535,5.40713119622761));
#7350=CARTESIAN_POINT('Ctrl Pts',(1.02678573736108,-2.84700741406503,5.40507081534906));
#7351=CARTESIAN_POINT('Ctrl Pts',(1.05153448600452,-2.83652097950366,5.40293480563561));
#7352=CARTESIAN_POINT('Ctrl Pts',(1.07613441625419,-2.82564446489278,5.40074000008392));
#7353=CARTESIAN_POINT('Ctrl Pts',(-1.07741788185682,-2.73988418776894,5.9188764930775));
#7354=CARTESIAN_POINT('Ctrl Pts',(-1.0778545930737,-2.73968141478098,5.91883616091975));
#7355=CARTESIAN_POINT('Ctrl Pts',(-1.07829123638777,-2.73947852014944,5.91879580475103));
#7356=CARTESIAN_POINT('Ctrl Pts',(-1.07872781172236,-2.73927550392175,5.91875542460027));
#7357=CARTESIAN_POINT('Ctrl Pts',(-1.08828388663419,-2.8187432681028,5.75978735771886));
#7358=CARTESIAN_POINT('Ctrl Pts',(-1.08872755481971,-2.81854294297847,5.75974826349513));
#7359=CARTESIAN_POINT('Ctrl Pts',(-1.08917098589059,-2.81834256763095,5.75970914042076));
#7360=CARTESIAN_POINT('Ctrl Pts',(-1.08961453186604,-2.81814199585996,5.7596699993277));
#7361=CARTESIAN_POINT('Ctrl Pts',(-1.07673087790011,-2.85381222665085,5.5778636914044));
#7362=CARTESIAN_POINT('Ctrl Pts',(-1.07717223402922,-2.85361888463941,5.57782561507316));
#7363=CARTESIAN_POINT('Ctrl Pts',(-1.07761336295301,-2.85342548985983,5.57778751078883));
#7364=CARTESIAN_POINT('Ctrl Pts',(-1.07805461416966,-2.85323190374657,5.57774938872708));
#7365=CARTESIAN_POINT('Ctrl Pts',(-1.04468827812284,-2.83923433482237,5.40348784884175));
#7366=CARTESIAN_POINT('Ctrl Pts',(-1.04511844897847,-2.83905131558318,5.40345053429893));
#7367=CARTESIAN_POINT('Ctrl Pts',(-1.04554857642564,-2.83886817832883,5.40341319723832));
#7368=CARTESIAN_POINT('Ctrl Pts',(-1.0459786603895,-2.83868492307306,5.40337583768605));
#7369=CARTESIAN_POINT('',(-1.04468827812284,-2.83923433482237,5.40348784884175));
#7370=CARTESIAN_POINT('Ctrl Pts',(-1.0459786603895,-2.83868492307306,5.40337583768605));
#7371=CARTESIAN_POINT('Ctrl Pts',(-1.04554857642564,-2.83886817832883,5.40341319723832));
#7372=CARTESIAN_POINT('Ctrl Pts',(-1.04511844897847,-2.83905131558318,5.40345053429893));
#7373=CARTESIAN_POINT('Ctrl Pts',(-1.04468827812284,-2.83923433482237,5.40348784884175));
#7374=CARTESIAN_POINT('Origin',(-0.705754446842377,-2.01586762440168,5.53460275335133));
#7375=CARTESIAN_POINT('Ctrl Pts',(1.03413032089503,-2.75955553071409,5.92272808006553));
#7376=CARTESIAN_POINT('Ctrl Pts',(1.03370592756545,-2.75974337001256,5.92276545483808));
#7377=CARTESIAN_POINT('Ctrl Pts',(1.03328147353424,-2.75993109447279,5.92280280692683));
#7378=CARTESIAN_POINT('Ctrl Pts',(1.032856958873,-2.76011870405333,5.92284013630608));
#7379=CARTESIAN_POINT('Ctrl Pts',(1.04430398087582,-2.83818163177076,5.76354227705563));
#7380=CARTESIAN_POINT('Ctrl Pts',(1.04387310702135,-2.83836708629231,5.7635784904848));
#7381=CARTESIAN_POINT('Ctrl Pts',(1.04344235017689,-2.83855235716372,5.76361468684485));
#7382=CARTESIAN_POINT('Ctrl Pts',(1.04301136772692,-2.83873757930301,5.76365085600284));
#7383=CARTESIAN_POINT('Ctrl Pts',(1.03292925139183,-2.87261154635697,5.58155170452499));
#7384=CARTESIAN_POINT('Ctrl Pts',(1.0325009498806,-2.8727904032852,5.58158696287886));
#7385=CARTESIAN_POINT('Ctrl Pts',(1.03207277194996,-2.87296908165158,5.58162220440055));
#7386=CARTESIAN_POINT('Ctrl Pts',(1.03164437778501,-2.87314770917427,5.58165741960741));
#7387=CARTESIAN_POINT('Ctrl Pts',(1.00190461274492,-2.85709880685529,5.40713119622776));
#7388=CARTESIAN_POINT('Ctrl Pts',(1.00148749780701,-2.85726798211333,5.4071657370958));
#7389=CARTESIAN_POINT('Ctrl Pts',(1.00107034474666,-2.85743704673884,5.40720025676801));
#7390=CARTESIAN_POINT('Ctrl Pts',(1.0006531536321,-2.85760600072125,5.40723475521993));
#7391=CARTESIAN_POINT('',(1.0006531536321,-2.85760600072125,5.40723475521993));
#7392=CARTESIAN_POINT('Origin',(0.675822301480157,-2.02864766502518,5.53881361055108));
#7393=CARTESIAN_POINT('Ctrl Pts',(1.0006531536321,-2.85760600072125,5.40723475521993));
#7394=CARTESIAN_POINT('Ctrl Pts',(1.00107034474666,-2.85743704673884,5.40720025676801));
#7395=CARTESIAN_POINT('Ctrl Pts',(1.00148749780701,-2.85726798211333,5.4071657370958));
#7396=CARTESIAN_POINT('Ctrl Pts',(1.00190461274492,-2.85709880685529,5.40713119622776));
#7397=CARTESIAN_POINT('Ctrl Pts',(1.03285233264687,-2.7600828962605,5.92291263339941));
#7398=CARTESIAN_POINT('Ctrl Pts',(0.938236302576427,-2.80189794139044,5.93123279769874));
#7399=CARTESIAN_POINT('Ctrl Pts',(0.646879156176726,-2.90990553132972,5.95274583361046));
#7400=CARTESIAN_POINT('Ctrl Pts',(0.128971990840456,-2.99815336489589,5.97035879754288));
#7401=CARTESIAN_POINT('Ctrl Pts',(-0.386210878696613,-2.96201144265699,
5.9631369678933));
#7402=CARTESIAN_POINT('Ctrl Pts',(-0.790677590740168,-2.85908533929958,
5.94261265091228));
#7403=CARTESIAN_POINT('Ctrl Pts',(-0.983897267413627,-2.78330252715013,
5.92752308515409));
#7404=CARTESIAN_POINT('Ctrl Pts',(-1.07741722626096,-2.73987942998599,5.91888609122964));
#7405=CARTESIAN_POINT('Ctrl Pts',(1.04301463250518,-2.83872671469605,5.76370601708384));
#7406=CARTESIAN_POINT('Ctrl Pts',(0.946955875323844,-2.88000999834345,5.77176756685262));
#7407=CARTESIAN_POINT('Ctrl Pts',(0.651904786452362,-2.98638986739119,5.79262649840726));
#7408=CARTESIAN_POINT('Ctrl Pts',(0.129815476036821,-3.07295101301781,5.80974399496523));
#7409=CARTESIAN_POINT('Ctrl Pts',(-0.388980005237198,-3.03752485678254,
5.80272662962659));
#7410=CARTESIAN_POINT('Ctrl Pts',(-0.797490284837771,-2.93633428761412,
5.78280129983218));
#7411=CARTESIAN_POINT('Ctrl Pts',(-0.993274089932866,-2.8616408950191,5.76816658268722));
#7412=CARTESIAN_POINT('Ctrl Pts',(-1.08828432563906,-2.81874180286426,5.75979466229311));
#7413=CARTESIAN_POINT('Ctrl Pts',(1.03164908228112,-2.87315006862219,5.58168389838525));
#7414=CARTESIAN_POINT('Ctrl Pts',(0.93616657866009,-2.91296358403654,5.58953282020684));
#7415=CARTESIAN_POINT('Ctrl Pts',(0.643570969413243,-3.01535102376419,5.6098757581468));
#7416=CARTESIAN_POINT('Ctrl Pts',(0.128051172017536,-3.09840248823649,5.62664479548005));
#7417=CARTESIAN_POINT('Ctrl Pts',(-0.383819264877016,-3.06442990051785,
5.61977256843885));
#7418=CARTESIAN_POINT('Ctrl Pts',(-0.787917671353167,-2.9671651019759,5.60029534932425));
#7419=CARTESIAN_POINT('Ctrl Pts',(-0.982215961204181,-2.89521636619749,
5.58602116853264));
#7420=CARTESIAN_POINT('Ctrl Pts',(-1.07673152229818,-2.85381251982292,5.57786719822487));
#7421=CARTESIAN_POINT('Ctrl Pts',(1.00065315341752,-2.85760600080819,5.40723475523785));
#7422=CARTESIAN_POINT('Ctrl Pts',(0.907667601836903,-2.89526327272453,5.41492393525125));
#7423=CARTESIAN_POINT('Ctrl Pts',(0.623262769710879,-2.99197571855521,5.43488191252579));
#7424=CARTESIAN_POINT('Ctrl Pts',(0.123970427317446,-3.07029185472254,5.4514005537547));
#7425=CARTESIAN_POINT('Ctrl Pts',(-0.371583398997717,-3.03826447343212,
5.44463352412926));
#7426=CARTESIAN_POINT('Ctrl Pts',(-0.763553906152083,-2.94644527199391,
5.42548439202969));
#7427=CARTESIAN_POINT('Ctrl Pts',(-0.952567653899049,-2.87842770726798,
5.41147871789413));
#7428=CARTESIAN_POINT('Ctrl Pts',(-1.04468827812209,-2.83923433482292,5.40348784884334));
#7429=CARTESIAN_POINT('Ctrl Pts',(-1.04468827812209,-2.83923433482292,5.40348784884334));
#7430=CARTESIAN_POINT('Ctrl Pts',(-0.952567653899049,-2.87842770726798,
5.41147871789413));
#7431=CARTESIAN_POINT('Ctrl Pts',(-0.763553906152083,-2.94644527199391,
5.42548439202969));
#7432=CARTESIAN_POINT('Ctrl Pts',(-0.371583398997717,-3.03826447343212,
5.44463352412926));
#7433=CARTESIAN_POINT('Ctrl Pts',(0.123970427317446,-3.07029185472254,5.4514005537547));
#7434=CARTESIAN_POINT('Ctrl Pts',(0.623262769710879,-2.99197571855521,5.43488191252579));
#7435=CARTESIAN_POINT('Ctrl Pts',(0.907667601836903,-2.89526327272453,5.41492393525125));
#7436=CARTESIAN_POINT('Ctrl Pts',(1.00065315341752,-2.85760600080819,5.40723475523785));
#7437=CARTESIAN_POINT('Ctrl Pts',(-0.764675898409464,2.11709608653305,0.26782162372116));
#7438=CARTESIAN_POINT('Ctrl Pts',(-0.780701710376895,2.13267528953162,0.278133689772794));
#7439=CARTESIAN_POINT('Ctrl Pts',(-0.79484845876244,2.14713701661022,0.288008339533451));
#7440=CARTESIAN_POINT('Ctrl Pts',(-0.822970420221822,2.17898463989477,0.312660279652615));
#7441=CARTESIAN_POINT('Ctrl Pts',(-0.836945633295658,2.19637053610072,0.327437570011121));
#7442=CARTESIAN_POINT('Ctrl Pts',(-0.878613969549604,2.25291447840958,0.379123401983413));
#7443=CARTESIAN_POINT('Ctrl Pts',(-0.944795762850807,2.36731850137622,0.502757996396407));
#7444=CARTESIAN_POINT('Ctrl Pts',(-0.950034247230693,2.53932362221473,0.87253812490652));
#7445=CARTESIAN_POINT('Ctrl Pts',(-0.942313971130427,2.31795971039302,1.2613620095346));
#7446=CARTESIAN_POINT('Ctrl Pts',(-0.936516513428046,2.31795971039302,1.87500005983931));
#7447=CARTESIAN_POINT('Ctrl Pts',(-1.04428080679565,2.81875489045383,3.86564728417772));
#7448=CARTESIAN_POINT('Ctrl Pts',(-1.09816295347945,3.06915248048424,4.86097089634692));
#7449=CARTESIAN_POINT('Ctrl Pts',(-0.79460947150891,2.09517102999326,0.261465385526267));
#7450=CARTESIAN_POINT('Ctrl Pts',(-0.822884179104801,2.10911621241602,0.272748842374276));
#7451=CARTESIAN_POINT('Ctrl Pts',(-0.840471064062247,2.12425401973644,0.283297673321166));
#7452=CARTESIAN_POINT('Ctrl Pts',(-0.881215432159181,2.15546496743014,0.309888771517847));
#7453=CARTESIAN_POINT('Ctrl Pts',(-0.898973033016376,2.17256984757931,0.325558660333062));
#7454=CARTESIAN_POINT('Ctrl Pts',(-0.947901231680942,2.22570641484909,0.377126276304127));
#7455=CARTESIAN_POINT('Ctrl Pts',(-1.02151317632421,2.33560370077572,0.500826133667552));
#7456=CARTESIAN_POINT('Ctrl Pts',(-1.02740647125158,2.50329426362073,0.871683080436691));
#7457=CARTESIAN_POINT('Ctrl Pts',(-1.01872116063879,2.28738199260866,1.26278225573982));
#7458=CARTESIAN_POINT('Ctrl Pts',(-1.01219902072361,2.28738199260866,1.87500005983931));
#7459=CARTESIAN_POINT('Ctrl Pts',(-1.12867204672118,2.78229028279782,3.87046824629303));
#7460=CARTESIAN_POINT('Ctrl Pts',(-1.18690855971996,3.0297444278924,4.86820233951989));
#7461=CARTESIAN_POINT('Ctrl Pts',(-0.822199678806562,2.07441062604779,0.255651143091762));
#7462=CARTESIAN_POINT('Ctrl Pts',(-0.855142324364423,2.08698056363961,0.266668460648191));
#7463=CARTESIAN_POINT('Ctrl Pts',(-0.884699000616464,2.09950527052313,0.278646159873624));
#7464=CARTESIAN_POINT('Ctrl Pts',(-0.936061387315406,2.1286300556021,0.30647972965242));
#7465=CARTESIAN_POINT('Ctrl Pts',(-0.957844983390892,2.1447860008521,0.322221878728261));
#7466=CARTESIAN_POINT('Ctrl Pts',(-1.01503568473492,2.19462646366311,0.374423064670199));
#7467=CARTESIAN_POINT('Ctrl Pts',(-1.09677673989326,2.29979789752915,0.49872439141173));
#7468=CARTESIAN_POINT('Ctrl Pts',(-1.10340669668656,2.4626390919979,0.87078209439889));
#7469=CARTESIAN_POINT('Ctrl Pts',(-1.09363572224716,2.25288568470476,1.26438003272069));
#7470=CARTESIAN_POINT('Ctrl Pts',(-1.08629831484258,2.25288568470476,1.87500005983931));
#7471=CARTESIAN_POINT('Ctrl Pts',(-1.21129789424874,2.74115266938379,3.87590702346717));
#7472=CARTESIAN_POINT('Ctrl Pts',(-1.27379768395182,2.9852861617233,4.8763605052811));
#7473=CARTESIAN_POINT('Ctrl Pts',(-0.883843163200837,2.02215150533311,0.24320567204467));
#7474=CARTESIAN_POINT('Ctrl Pts',(-0.932403333844147,2.03093432481603,0.254755448690279));
#7475=CARTESIAN_POINT('Ctrl Pts',(-0.973354037084142,2.04108679864357,0.267830472051134));
#7476=CARTESIAN_POINT('Ctrl Pts',(-1.04284245331021,2.06634490894593,0.297615821349038));
#7477=CARTESIAN_POINT('Ctrl Pts',(-1.07142410434664,2.08063155131032,0.314090700514168));
#7478=CARTESIAN_POINT('Ctrl Pts',(-1.14503983072966,2.12512607584379,0.368074379274111));
#7479=CARTESIAN_POINT('Ctrl Pts',(-1.24375437659068,2.220653514672,0.494277901852208));
#7480=CARTESIAN_POINT('Ctrl Pts',(-1.25198213275805,2.37299432048486,0.868923918595493));
#7481=CARTESIAN_POINT('Ctrl Pts',(-1.23987141510668,2.17662269596955,1.26784697409622));
#7482=CARTESIAN_POINT('Ctrl Pts',(-1.23075368941664,2.17662269596955,1.87500005983931));
#7483=CARTESIAN_POINT('Ctrl Pts',(-1.37237564668898,2.65020736134886,3.88793084362555));
#7484=CARTESIAN_POINT('Ctrl Pts',(-1.44318662532516,2.88699969403851,4.89439623551868));
#7485=CARTESIAN_POINT('Ctrl Pts',(-0.917896440297459,1.99065278856389,0.236574443432083));
#7486=CARTESIAN_POINT('Ctrl Pts',(-0.972138898069915,1.99753723407811,0.248326984723512));
#7487=CARTESIAN_POINT('Ctrl Pts',(-1.01735205586502,2.00772638957512,0.261833926351289));
#7488=CARTESIAN_POINT('Ctrl Pts',(-1.09421119823336,2.03144895011382,0.292494848499222));
#7489=CARTESIAN_POINT('Ctrl Pts',(-1.12606546122832,2.04475155059243,0.309428026843491));
#7490=CARTESIAN_POINT('Ctrl Pts',(-1.20790952367043,2.08670563921045,0.364428905511952));
#7491=CARTESIAN_POINT('Ctrl Pts',(-1.31546844971904,2.17731493506141,0.491933154548507));
#7492=CARTESIAN_POINT('Ctrl Pts',(-1.32455734339458,2.32400472059465,0.867966728829897));
#7493=CARTESIAN_POINT('Ctrl Pts',(-1.31119254635783,2.13485601513824,1.26971613849088));
#7494=CARTESIAN_POINT('Ctrl Pts',(-1.30110976987173,2.13485601513824,1.87500005983931));
#7495=CARTESIAN_POINT('Ctrl Pts',(-1.45082755160167,2.60039966672796,3.8945158866098));
#7496=CARTESIAN_POINT('Ctrl Pts',(-1.52568644246664,2.83317149252281,4.90427379999504));
#7497=CARTESIAN_POINT('Ctrl Pts',(-1.02975087628578,1.8800491690206,0.215455278327197));
#7498=CARTESIAN_POINT('Ctrl Pts',(-1.09391635102938,1.88706626063968,0.228669475738276));
#7499=CARTESIAN_POINT('Ctrl Pts',(-1.14942249559812,1.89578023192952,0.243643460581154));
#7500=CARTESIAN_POINT('Ctrl Pts',(-1.24565295921686,1.91546631390777,0.276663423812119));
#7501=CARTESIAN_POINT('Ctrl Pts',(-1.28637727826685,1.92643842459617,0.294709402200206));
#7502=CARTESIAN_POINT('Ctrl Pts',(-1.39018274938518,1.96103853584481,0.352783955704708));
#7503=CARTESIAN_POINT('Ctrl Pts',(-1.52432374749516,2.03697387507573,0.484679536074669));
#7504=CARTESIAN_POINT('Ctrl Pts',(-1.53612392666659,2.16591007520836,0.865064373053639));
#7505=CARTESIAN_POINT('Ctrl Pts',(-1.51885353273959,1.99950062422063,1.2756052015893));
#7506=CARTESIAN_POINT('Ctrl Pts',(-1.50569800977508,1.99950062422063,1.87500005983931));
#7507=CARTESIAN_POINT('Ctrl Pts',(-1.67895761568899,2.43898535651869,3.91585636781637));
#7508=CARTESIAN_POINT('Ctrl Pts',(-1.76558741864595,2.65872772266772,4.93628452180491));
#7509=CARTESIAN_POINT('Ctrl Pts',(-1.2629055780742,1.61183315780876,0.174854373909966));
#7510=CARTESIAN_POINT('Ctrl Pts',(-1.34327825042565,1.61784803156063,0.189712184488021));
#7511=CARTESIAN_POINT('Ctrl Pts',(-1.41386890862617,1.62442819487732,0.206459214358482));
#7512=CARTESIAN_POINT('Ctrl Pts',(-1.53787858604,1.6383220026567,0.243126549887294));
#7513=CARTESIAN_POINT('Ctrl Pts',(-1.59129760525331,1.6456356471194,0.263046855545646));
#7514=CARTESIAN_POINT('Ctrl Pts',(-1.72938578838444,1.66808115525106,0.326659942007164));
#7515=CARTESIAN_POINT('Ctrl Pts',(-1.91688665661149,1.71499047048872,0.469294792876043));
#7516=CARTESIAN_POINT('Ctrl Pts',(-1.93462089866032,1.80521740157314,0.859136515583238));
#7517=CARTESIAN_POINT('Ctrl Pts',(-1.90896587601634,1.68856844869071,1.28850960744385));
#7518=CARTESIAN_POINT('Ctrl Pts',(-1.88895448373419,1.68856844869071,1.87500005983931));
#7519=CARTESIAN_POINT('Ctrl Pts',(-2.10631514126072,2.06819183071389,3.9648787392449));
#7520=CARTESIAN_POINT('Ctrl Pts',(-2.21499547002399,2.25800352172548,5.00981807894769));
#7521=CARTESIAN_POINT('Ctrl Pts',(-1.71517723230598,0.721676632179103,0.12550547214148));
#7522=CARTESIAN_POINT('Ctrl Pts',(-1.82369966285022,0.722607315336165,0.141193656159165));
#7523=CARTESIAN_POINT('Ctrl Pts',(-1.91912596554603,0.723421663098595,0.158842863179061));
#7524=CARTESIAN_POINT('Ctrl Pts',(-2.08696801709495,0.724846771682846,0.197451589316553));
#7525=CARTESIAN_POINT('Ctrl Pts',(-2.15938376594805,0.725457532504669,0.218411108434149));
#7526=CARTESIAN_POINT('Ctrl Pts',(-2.34688773452451,0.727028060332211,0.285337533073411));
#7527=CARTESIAN_POINT('Ctrl Pts',(-2.60292255974607,0.729122097435602,0.435381851497818));
#7528=CARTESIAN_POINT('Ctrl Pts',(-2.63478832415917,0.729122097435602,0.847439897011465));
#7529=CARTESIAN_POINT('Ctrl Pts',(-2.59167394111294,0.729122097435601,1.3194752178244));
#7530=CARTESIAN_POINT('Ctrl Pts',(-2.5533294146057,0.729122097435602,1.87500005983931));
#7531=CARTESIAN_POINT('Ctrl Pts',(-2.84713922591645,0.924030745435004,4.11614753385199));
#7532=CARTESIAN_POINT('Ctrl Pts',(-2.99404413157183,1.02148506943471,5.23672127085833));
#7533=CARTESIAN_POINT('Ctrl Pts',(-1.72732065107332,-0.691894771153107,
0.126374378862242));
#7534=CARTESIAN_POINT('Ctrl Pts',(-1.83581900261978,-0.690964087996045,
0.142171176220022));
#7535=CARTESIAN_POINT('Ctrl Pts',(-1.93121821644308,-0.690149740233616,
0.159942573247525));
#7536=CARTESIAN_POINT('Ctrl Pts',(-2.09901159816474,-0.688724631649363,
0.1988160444015));
#7537=CARTESIAN_POINT('Ctrl Pts',(-2.17140576606309,-0.688113870827541,
0.219918118527971));
#7538=CARTESIAN_POINT('Ctrl Pts',(-2.35887054515283,-0.686543342999999,
0.287292573195126));
#7539=CARTESIAN_POINT('Ctrl Pts',(-2.61492920491093,-0.684449305896608,
0.43831441168039));
#7540=CARTESIAN_POINT('Ctrl Pts',(-2.64853440185918,-0.684449305896608,
0.852653337336039));
#7541=CARTESIAN_POINT('Ctrl Pts',(-2.61824911303442,-0.684449305896608,
1.32468865814897));
#7542=CARTESIAN_POINT('Ctrl Pts',(-2.56566546535538,-0.684449305896608,
1.87500005983931));
#7543=CARTESIAN_POINT('Ctrl Pts',(-2.86089477730806,-0.761684551558955,
4.33901485936049));
#7544=CARTESIAN_POINT('Ctrl Pts',(-3.00850943328439,-0.800302174390129,
5.57102225912108));
#7545=CARTESIAN_POINT('Ctrl Pts',(-1.2919369702845,-1.71400161576589,-0.551509712930449));
#7546=CARTESIAN_POINT('Ctrl Pts',(-1.37229083091893,-1.71446810583397,-0.539005667775491));
#7547=CARTESIAN_POINT('Ctrl Pts',(-1.44286032593779,-1.71512714744849,-0.524934017830101));
#7548=CARTESIAN_POINT('Ctrl Pts',(-1.56683198004908,-1.71682442353155,-0.493568081320516));
#7549=CARTESIAN_POINT('Ctrl Pts',(-1.6202341391415,-1.7178626580001,-0.476273794756321));
#7550=CARTESIAN_POINT('Ctrl Pts',(-1.75829170548613,-1.72153728532855,-0.419425839578619));
#7551=CARTESIAN_POINT('Ctrl Pts',(-1.94581119444484,-1.7311262356767,-0.285869547282749));
#7552=CARTESIAN_POINT('Ctrl Pts',(-1.96490436816176,-1.76868186293277,0.172128346177808));
#7553=CARTESIAN_POINT('Ctrl Pts',(-1.94927207537831,-1.86287130088087,1.28656615724731));
#7554=CARTESIAN_POINT('Ctrl Pts',(-1.91813636968068,-1.65534447014555,1.87500005983931));
#7555=CARTESIAN_POINT('Ctrl Pts',(-2.13885496620036,-1.91949860063623,4.49208870345158));
#7556=CARTESIAN_POINT('Ctrl Pts',(-2.24921426446019,-2.05157566588157,5.80063302525771));
#7557=CARTESIAN_POINT('Ctrl Pts',(-1.06367099068896,-2.01674169441605,-0.791948322059732));
#7558=CARTESIAN_POINT('Ctrl Pts',(-1.12782329723064,-2.01759483029264,-0.781635907665131));
#7559=CARTESIAN_POINT('Ctrl Pts',(-1.18333466858619,-2.01987918428633,-0.771205529331898));
#7560=CARTESIAN_POINT('Ctrl Pts',(-1.27960364918856,-2.02642449793531,-0.748714640808358));
#7561=CARTESIAN_POINT('Ctrl Pts',(-1.32036125843536,-2.03068545759059,-0.736654130618052));
#7562=CARTESIAN_POINT('Ctrl Pts',(-1.42429560540792,-2.04510449918991,-0.695936096291812));
#7563=CARTESIAN_POINT('Ctrl Pts',(-1.55881037628156,-2.08048723292238,-0.596354012618046));
#7564=CARTESIAN_POINT('Ctrl Pts',(-1.57156180762065,-2.13444973060182,-0.11986057792638));
#7565=CARTESIAN_POINT('Ctrl Pts',(-1.56130732459602,-2.27047058157572,1.26958019521862));
#7566=CARTESIAN_POINT('Ctrl Pts',(-1.54036478224068,-1.97291803695235,1.87500005983931));
#7567=CARTESIAN_POINT('Ctrl Pts',(-1.71761346916334,-2.29821213305858,4.5421581738155));
#7568=CARTESIAN_POINT('Ctrl Pts',(-1.80623781262467,-2.46085918111169,5.87573723080359));
#7569=CARTESIAN_POINT('Ctrl Pts',(-0.953785551792266,-2.13970050307672,
-0.891286964497155));
#7570=CARTESIAN_POINT('Ctrl Pts',(-1.00801780420824,-2.14062841573834,-0.882427797365046));
#7571=CARTESIAN_POINT('Ctrl Pts',(-1.05326942571705,-2.14482132291211,-0.875243406399969));
#7572=CARTESIAN_POINT('Ctrl Pts',(-1.13024464491204,-2.15604245224958,-0.859931453942803));
#7573=CARTESIAN_POINT('Ctrl Pts',(-1.1621744124726,-2.16289957423221,-0.851613731696234));
#7574=CARTESIAN_POINT('Ctrl Pts',(-1.24426857141154,-2.18506350100565,-0.821575124263683));
#7575=CARTESIAN_POINT('Ctrl Pts',(-1.35238711779807,-2.2337604178112,-0.738648545496273));
#7576=CARTESIAN_POINT('Ctrl Pts',(-1.36222342389105,-2.29533361490116,-0.25370518710467));
#7577=CARTESIAN_POINT('Ctrl Pts',(-1.35437112827759,-2.45095434590089,1.26168749631489));
#7578=CARTESIAN_POINT('Ctrl Pts',(-1.33816997941298,-2.1118233697034,1.87500005983931));
#7579=CARTESIAN_POINT('Ctrl Pts',(-1.49215225326453,-2.46385982775621,4.56405834803812));
#7580=CARTESIAN_POINT('Ctrl Pts',(-1.56914339019031,-2.63987805678262,5.90858749213753));
#7581=CARTESIAN_POINT('Ctrl Pts',(-0.92028604816369,-2.17442472682606,-0.919423140955489));
#7582=CARTESIAN_POINT('Ctrl Pts',(-0.968873487489409,-2.17763482237136,
-0.91294756604751));
#7583=CARTESIAN_POINT('Ctrl Pts',(-1.00986394239511,-2.18189638915518,-0.906739718975522));
#7584=CARTESIAN_POINT('Ctrl Pts',(-1.07950083701216,-2.1950514232064,-0.894277647219371));
#7585=CARTESIAN_POINT('Ctrl Pts',(-1.1081778292601,-2.20310483092411,-0.887604137674425));
#7586=CARTESIAN_POINT('Ctrl Pts',(-1.18208806275321,-2.22807906742508,-0.861352116856853));
#7587=CARTESIAN_POINT('Ctrl Pts',(-1.2814255567366,-2.28128359381847,-0.783922106490779));
#7588=CARTESIAN_POINT('Ctrl Pts',(-1.29033277873801,-2.34529490141173,-0.2962950813518));
#7589=CARTESIAN_POINT('Ctrl Pts',(-1.2832334260169,-2.5072296213389,1.25915664369875));
#7590=CARTESIAN_POINT('Ctrl Pts',(-1.26855354361913,-2.15481157217836,1.87500005983931));
#7591=CARTESIAN_POINT('Ctrl Pts',(-1.41452510340155,-2.51512421406983,4.57083597928577));
#7592=CARTESIAN_POINT('Ctrl Pts',(-1.48751088329275,-2.69528053501557,5.91875393900901));
#7593=CARTESIAN_POINT('Ctrl Pts',(-0.859544992913846,-2.23134908271633,
-0.965742085163871));
#7594=CARTESIAN_POINT('Ctrl Pts',(-0.892594596570061,-2.23941222660584,
-0.964800492208727));
#7595=CARTESIAN_POINT('Ctrl Pts',(-0.92224654945864,-2.24695479455767,-0.963049593772136));
#7596=CARTESIAN_POINT('Ctrl Pts',(-0.973844639669159,-2.2652926128364,-0.957681942247936));
#7597=CARTESIAN_POINT('Ctrl Pts',(-0.995760758760218,-2.27560266830977,
-0.953972496668638));
#7598=CARTESIAN_POINT('Ctrl Pts',(-1.05334047481324,-2.30653127599994,-0.935330525824356));
#7599=CARTESIAN_POINT('Ctrl Pts',(-1.13582534203869,-2.36838225646052,-0.867992047710248));
#7600=CARTESIAN_POINT('Ctrl Pts',(-1.14300566615756,-2.43696476155984,-0.375390627951798));
#7601=CARTESIAN_POINT('Ctrl Pts',(-1.13729389731167,-2.6108288652359,1.2544130725039));
#7602=CARTESIAN_POINT('Ctrl Pts',(-1.12545114297383,-2.23358403960011,1.87500005983931));
#7603=CARTESIAN_POINT('Ctrl Pts',(-1.2549560106439,-2.60906213117949,4.58325545034794));
#7604=CARTESIAN_POINT('Ctrl Pts',(-1.31970844447894,-2.79680117696919,5.93738314560226));
#7605=CARTESIAN_POINT('Ctrl Pts',(-0.832303441292578,-2.25354921485726,
-0.98392485291392));
#7606=CARTESIAN_POINT('Ctrl Pts',(-0.8607083176584,-2.26309901420773,-0.984498453925877));
#7607=CARTESIAN_POINT('Ctrl Pts',(-0.878458731808707,-2.27461870521615,
-0.987965590317306));
#7608=CARTESIAN_POINT('Ctrl Pts',(-0.919490639191531,-2.29599456021474,
-0.986684209677385));
#7609=CARTESIAN_POINT('Ctrl Pts',(-0.937398988880376,-2.30743610501788,
-0.983823641485302));
#7610=CARTESIAN_POINT('Ctrl Pts',(-0.986773395531616,-2.34196791815538,
-0.969531942198691));
#7611=CARTESIAN_POINT('Ctrl Pts',(-1.06118668840226,-2.4079577430953,-0.906788427935211));
#7612=CARTESIAN_POINT('Ctrl Pts',(-1.06756919873014,-2.47867333519737,-0.411896280304666));
#7613=CARTESIAN_POINT('Ctrl Pts',(-1.06249207086713,-2.65815283369489,1.25220035392519));
#7614=CARTESIAN_POINT('Ctrl Pts',(-1.05196517812239,-2.26936830454691,1.87500005983931));
#7615=CARTESIAN_POINT('Ctrl Pts',(-1.17301406774924,-2.65173566197553,4.58889729016246));
#7616=CARTESIAN_POINT('Ctrl Pts',(-1.23353851256267,-2.84291934068985,5.94584590532403));
#7617=CARTESIAN_POINT('Ctrl Pts',(-0.802734274101464,-2.27679128793485,
-1.00251225832994));
#7618=CARTESIAN_POINT('Ctrl Pts',(-0.81893677165649,-2.28906530628056,-1.00665699533311));
#7619=CARTESIAN_POINT('Ctrl Pts',(-0.833241728807678,-2.30016870144947,
-1.01013596066338));
#7620=CARTESIAN_POINT('Ctrl Pts',(-0.861685454069763,-2.32340226067494,
-1.01236323180186));
#7621=CARTESIAN_POINT('Ctrl Pts',(-0.87582422218066,-2.3355324247315,-1.01111153761007));
#7622=CARTESIAN_POINT('Ctrl Pts',(-0.917991242952911,-2.37346307023265,
-1.00026046575164));
#7623=CARTESIAN_POINT('Ctrl Pts',(-0.985024750424515,-2.44315342597993,
-0.941265577355535));
#7624=CARTESIAN_POINT('Ctrl Pts',(-0.990698092938186,-2.51579587088438,
-0.44434266624224));
#7625=CARTESIAN_POINT('Ctrl Pts',(-0.98618509039329,-2.70041147451188,1.25020572236547));
#7626=CARTESIAN_POINT('Ctrl Pts',(-0.97682785239796,-2.30126220707427,1.87500005983931));
#7627=CARTESIAN_POINT('Ctrl Pts',(-1.08923074305296,-2.68976984917291,4.59392576537039));
#7628=CARTESIAN_POINT('Ctrl Pts',(-1.14543218838046,-2.88402367022224,5.95338861813593));
#7629=CARTESIAN_POINT('',(-0.802734274101464,-2.27679128793485,-1.00251225832994));
#7630=CARTESIAN_POINT('Ctrl Pts',(-0.764675898409464,2.11709608653305,0.26782162372116));
#7631=CARTESIAN_POINT('Ctrl Pts',(-0.79460947150891,2.09517102999326,0.261465385526267));
#7632=CARTESIAN_POINT('Ctrl Pts',(-0.822199678806562,2.07441062604779,0.255651143091762));
#7633=CARTESIAN_POINT('Ctrl Pts',(-0.883843163200837,2.02215150533311,0.24320567204467));
#7634=CARTESIAN_POINT('Ctrl Pts',(-0.917896440297459,1.99065278856389,0.236574443432083));
#7635=CARTESIAN_POINT('Ctrl Pts',(-1.02975087628578,1.8800491690206,0.215455278327197));
#7636=CARTESIAN_POINT('Ctrl Pts',(-1.2629055780742,1.61183315780876,0.174854373909966));
#7637=CARTESIAN_POINT('Ctrl Pts',(-1.71517723230598,0.721676632179103,0.12550547214148));
#7638=CARTESIAN_POINT('Ctrl Pts',(-1.72732065107332,-0.691894771153107,
0.126374378862242));
#7639=CARTESIAN_POINT('Ctrl Pts',(-1.2919369702845,-1.71400161576589,-0.551509712930449));
#7640=CARTESIAN_POINT('Ctrl Pts',(-1.06367099068896,-2.01674169441605,-0.791948322059732));
#7641=CARTESIAN_POINT('Ctrl Pts',(-0.953785551792266,-2.13970050307672,
-0.891286964497155));
#7642=CARTESIAN_POINT('Ctrl Pts',(-0.92028604816369,-2.17442472682606,-0.919423140955489));
#7643=CARTESIAN_POINT('Ctrl Pts',(-0.859544992913846,-2.23134908271633,
-0.965742085163871));
#7644=CARTESIAN_POINT('Ctrl Pts',(-0.832303441292578,-2.25354921485726,
-0.98392485291392));
#7645=CARTESIAN_POINT('Ctrl Pts',(-0.802734274101464,-2.27679128793485,
-1.00251225832994));
#7646=CARTESIAN_POINT('Ctrl Pts',(-0.802734274101464,-2.27679128793485,
-1.00251225832994));
#7647=CARTESIAN_POINT('Ctrl Pts',(-0.81893677165649,-2.28906530628056,-1.00665699533311));
#7648=CARTESIAN_POINT('Ctrl Pts',(-0.833241728807678,-2.30016870144947,
-1.01013596066338));
#7649=CARTESIAN_POINT('Ctrl Pts',(-0.861685454069763,-2.32340226067494,
-1.01236323180186));
#7650=CARTESIAN_POINT('Ctrl Pts',(-0.87582422218066,-2.3355324247315,-1.01111153761007));
#7651=CARTESIAN_POINT('Ctrl Pts',(-0.917991242952911,-2.37346307023265,
-1.00026046575164));
#7652=CARTESIAN_POINT('Ctrl Pts',(-0.985024750424515,-2.44315342597993,
-0.941265577355535));
#7653=CARTESIAN_POINT('Ctrl Pts',(-0.990698092938186,-2.51579587088438,
-0.44434266624224));
#7654=CARTESIAN_POINT('Ctrl Pts',(-0.98618509039329,-2.70041147451188,1.25020572236547));
#7655=CARTESIAN_POINT('Ctrl Pts',(-0.977254901635494,-2.31947873532831,
1.84648545482795));
#7656=CARTESIAN_POINT('Ctrl Pts',(-1.07439708775952,-2.63964504141978,4.2324536661239));
#7657=CARTESIAN_POINT('Ctrl Pts',(-1.12242382458574,-2.8046548179891,5.39647272713471));
#7658=CARTESIAN_POINT('Ctrl Pts',(-0.802734274101464,-2.27679128793485,
-1.00251225832994));
#7659=CARTESIAN_POINT('Ctrl Pts',(-0.81893677165649,-2.28906530628056,-1.00665699533311));
#7660=CARTESIAN_POINT('Ctrl Pts',(-0.833241728807678,-2.30016870144947,
-1.01013596066338));
#7661=CARTESIAN_POINT('Ctrl Pts',(-0.861685454069763,-2.32340226067494,
-1.01236323180186));
#7662=CARTESIAN_POINT('Ctrl Pts',(-0.87582422218066,-2.3355324247315,-1.01111153761007));
#7663=CARTESIAN_POINT('Ctrl Pts',(-0.917991242952911,-2.37346307023265,
-1.00026046575164));
#7664=CARTESIAN_POINT('Ctrl Pts',(-0.985024750424515,-2.44315342597993,
-0.941265577355535));
#7665=CARTESIAN_POINT('Ctrl Pts',(-0.990698092938186,-2.51579587088438,
-0.44434266624224));
#7666=CARTESIAN_POINT('Ctrl Pts',(-0.98618509039329,-2.70041147451188,1.25020572236547));
#7667=CARTESIAN_POINT('Ctrl Pts',(-0.97682785239796,-2.30126220707427,1.87500005983931));
#7668=CARTESIAN_POINT('Ctrl Pts',(-1.08923074305296,-2.68976984917291,4.59392576537039));
#7669=CARTESIAN_POINT('Ctrl Pts',(-1.14543218838046,-2.88402367022224,5.95338861813593));
#7670=CARTESIAN_POINT('Ctrl Pts',(-0.756962609355324,-2.28775934266674,
-1.01695492674279));
#7671=CARTESIAN_POINT('Ctrl Pts',(-0.765828310047673,-2.30626555509127,
-1.02603570018648));
#7672=CARTESIAN_POINT('Ctrl Pts',(-0.780105225562705,-2.31937901666323,
-1.03116201574631));
#7673=CARTESIAN_POINT('Ctrl Pts',(-0.802318527437913,-2.34940512241288,
-1.03844414547664));
#7674=CARTESIAN_POINT('Ctrl Pts',(-0.814249455480943,-2.36362874444511,
-1.03839943373485));
#7675=CARTESIAN_POINT('Ctrl Pts',(-0.849209090374207,-2.40495822230991,
-1.0309889893046));
#7676=CARTESIAN_POINT('Ctrl Pts',(-0.908862812446769,-2.47834910886456,
-0.975742726775859));
#7677=CARTESIAN_POINT('Ctrl Pts',(-0.913826987146231,-2.55291840657139,
-0.476789052179815));
#7678=CARTESIAN_POINT('Ctrl Pts',(-0.909878109919447,-2.74267011532888,
1.24821109080575));
#7679=CARTESIAN_POINT('Ctrl Pts',(-0.901690526673534,-2.33315610960162,
1.87500005983931));
#7680=CARTESIAN_POINT('Ctrl Pts',(-1.00544741835668,-2.72780403637029,4.59895424057832));
#7681=CARTESIAN_POINT('Ctrl Pts',(-1.05732586419826,-2.92512799975463,5.96093133094783));
#7682=CARTESIAN_POINT('Ctrl Pts',(-0.713058481903796,-2.29773809466073,
-1.03005149878364));
#7683=CARTESIAN_POINT('Ctrl Pts',(-0.718654291990278,-2.3182596549451,-1.04128043046564));
#7684=CARTESIAN_POINT('Ctrl Pts',(-0.724459113647527,-2.33686352997252,
-1.05003205312741));
#7685=CARTESIAN_POINT('Ctrl Pts',(-0.740252814663815,-2.3717335262236,-1.060917828349));
#7686=CARTESIAN_POINT('Ctrl Pts',(-0.749963290962613,-2.38773447315818,
-1.06293475750276));
#7687=CARTESIAN_POINT('Ctrl Pts',(-0.778211864498424,-2.43251188430901,
-1.05824462003617));
#7688=CARTESIAN_POINT('Ctrl Pts',(-0.831177590127708,-2.50916498799904,
-1.00590064539154));
#7689=CARTESIAN_POINT('Ctrl Pts',(-0.835521242989738,-2.58545490430788,
-0.505176171702095));
#7690=CARTESIAN_POINT('Ctrl Pts',(-0.832065975416302,-2.77986342850389,
1.24643454626503));
#7691=CARTESIAN_POINT('Ctrl Pts',(-0.824901840076128,-2.36115964970954,
1.87500005983931));
#7692=CARTESIAN_POINT('Ctrl Pts',(-0.919822711858777,-2.76119887996901,
4.60336935117968));
#7693=CARTESIAN_POINT('Ctrl Pts',(-0.967283147750102,-2.96121849509875,
5.96755399684986));
#7694=CARTESIAN_POINT('Ctrl Pts',(-0.607984927944818,-2.31696943186804,
-1.05515902511574));
#7695=CARTESIAN_POINT('Ctrl Pts',(-0.603857629240653,-2.34406413246208,
-1.07208080485314));
#7696=CARTESIAN_POINT('Ctrl Pts',(-0.603181741824262,-2.36748997276769,
-1.08442630709437));
#7697=CARTESIAN_POINT('Ctrl Pts',(-0.609083994504233,-2.40993532379066,
-1.10105155911667));
#7698=CARTESIAN_POINT('Ctrl Pts',(-0.614766137079388,-2.42864658007155,
-1.10518303568741));
#7699=CARTESIAN_POINT('Ctrl Pts',(-0.632902819223519,-2.4797819153125,-1.10547228978012));
#7700=CARTESIAN_POINT('Ctrl Pts',(-0.673537201186434,-2.56205885138746,
-1.05763009548757));
#7701=CARTESIAN_POINT('Ctrl Pts',(-0.676794940832956,-2.64136455309959,
-0.553914421975432));
#7702=CARTESIAN_POINT('Ctrl Pts',(-0.674203490152879,-2.84406710749605,
1.24327987299959));
#7703=CARTESIAN_POINT('Ctrl Pts',(-0.668830388647748,-2.40937894816148,
1.87500005983931));
#7704=CARTESIAN_POINT('Ctrl Pts',(-0.74579222880962,-2.8187014644293,4.61097173055616));
#7705=CARTESIAN_POINT('Ctrl Pts',(-0.784273148890556,-3.02336272256321,
5.97895756591459));
#7706=CARTESIAN_POINT('Ctrl Pts',(-0.546815501437367,-2.32622201708136,
-1.06716997940698));
#7707=CARTESIAN_POINT('Ctrl Pts',(-0.539390005551066,-2.35514664973112,
-1.0855869292499));
#7708=CARTESIAN_POINT('Ctrl Pts',(-0.537795780878701,-2.38058182034728,
-1.09962936014951));
#7709=CARTESIAN_POINT('Ctrl Pts',(-0.540798243143876,-2.42569311202055,
-1.11818891217909));
#7710=CARTESIAN_POINT('Ctrl Pts',(-0.544670576296318,-2.44551969944228,
-1.12303359281303));
#7711=CARTESIAN_POINT('Ctrl Pts',(-0.558590999824395,-2.49949828431688,
-1.1254443287925));
#7712=CARTESIAN_POINT('Ctrl Pts',(-0.59358203456422,-2.58413683564139,-1.07920162696792));
#7713=CARTESIAN_POINT('Ctrl Pts',(-0.596374382832667,-2.66473770415482,
-0.574265552726488));
#7714=CARTESIAN_POINT('Ctrl Pts',(-0.594153139392601,-2.8710774733132,1.24190174427487));
#7715=CARTESIAN_POINT('Ctrl Pts',(-0.589547623816775,-2.4295947065055,1.87500005983931));
#7716=CARTESIAN_POINT('Ctrl Pts',(-0.657386452258367,-2.84280920529086,
4.61415899933129));
#7717=CARTESIAN_POINT('Ctrl Pts',(-0.691305866479163,-3.04941645468354,
5.98373846907728));
#7718=CARTESIAN_POINT('Ctrl Pts',(-0.337409273331135,-2.35289052255034,
-1.10157441565627));
#7719=CARTESIAN_POINT('Ctrl Pts',(-0.332447500883896,-2.3848404116023,-1.12194340821568));
#7720=CARTESIAN_POINT('Ctrl Pts',(-0.32977887231323,-2.41332254418439,-1.13786379790383));
#7721=CARTESIAN_POINT('Ctrl Pts',(-0.327625279132989,-2.46432948103531,
-1.16060412784135));
#7722=CARTESIAN_POINT('Ctrl Pts',(-0.328140314523414,-2.48685428530414,
-1.16742406809071));
#7723=CARTESIAN_POINT('Ctrl Pts',(-0.332356980948234,-2.54695998258038,
-1.17392834913621));
#7724=CARTESIAN_POINT('Ctrl Pts',(-0.35147655481206,-2.63729651501198,-1.13111475241684));
#7725=CARTESIAN_POINT('Ctrl Pts',(-0.35307218239403,-2.72112523112826,-0.623388777911868));
#7726=CARTESIAN_POINT('Ctrl Pts',(-0.351802900428278,-2.93675571161699,
1.23830834449173));
#7727=CARTESIAN_POINT('Ctrl Pts',(-0.349171177242092,-2.47854972350419,
1.87500005983931));
#7728=CARTESIAN_POINT('Ctrl Pts',(-0.389350057849432,-2.90118915046006,
4.62187737399776));
#7729=CARTESIAN_POINT('Ctrl Pts',(-0.409439498153102,-3.112508863938,5.99531603107698));
#7730=CARTESIAN_POINT('Ctrl Pts',(-0.0203115107224235,-2.37644540191189,
-1.13117670634556));
#7731=CARTESIAN_POINT('Ctrl Pts',(-0.0205670645838929,-2.40980774982596,
-1.15248946244509));
#7732=CARTESIAN_POINT('Ctrl Pts',(-0.0207989256158397,-2.43955065889609,
-1.16917712448003));
#7733=CARTESIAN_POINT('Ctrl Pts',(-0.0212194339722943,-2.49281265125519,
-1.193166165991));
#7734=CARTESIAN_POINT('Ctrl Pts',(-0.021408081296802,-2.51633173454415,
-1.20046754546701));
#7735=CARTESIAN_POINT('Ctrl Pts',(-0.0219154606365774,-2.57907582359933,
-1.20808811841201));
#7736=CARTESIAN_POINT('Ctrl Pts',(-0.0226959687811355,-2.67331135846287,
-1.16619500236978));
#7737=CARTESIAN_POINT('Ctrl Pts',(-0.023227844641792,-2.75969013058022,
-0.657072632644937));
#7738=CARTESIAN_POINT('Ctrl Pts',(-0.0228047506532077,-2.983385738295,1.2349597751569));
#7739=CARTESIAN_POINT('Ctrl Pts',(-0.0219275095911456,-2.51264372474675,
1.87500005983931));
#7740=CARTESIAN_POINT('Ctrl Pts',(-0.0244506926237134,-2.94184700424434,
4.62725272246258));
#7741=CARTESIAN_POINT('Ctrl Pts',(-0.0257122841399974,-3.15644864399313,
6.00337905377421));
#7742=CARTESIAN_POINT('Ctrl Pts',(0.296578463569667,-2.35613495214291,-1.1030537965489));
#7743=CARTESIAN_POINT('Ctrl Pts',(0.291128299298285,-2.38794421688229,-1.1234158489797));
#7744=CARTESIAN_POINT('Ctrl Pts',(0.288004823204293,-2.4163136267332,-1.13936019125985));
#7745=CARTESIAN_POINT('Ctrl Pts',(0.285006075023071,-2.46714496668942,-1.16219792990855));
#7746=CARTESIAN_POINT('Ctrl Pts',(0.285130802935841,-2.48960689679474,-1.1690913262771));
#7747=CARTESIAN_POINT('Ctrl Pts',(0.288269534162269,-2.54958981253936,-1.17587180809996));
#7748=CARTESIAN_POINT('Ctrl Pts',(0.305605186567605,-2.63994414574329,-1.13383394261445));
#7749=CARTESIAN_POINT('Ctrl Pts',(0.305427894614052,-2.72515775785665,-0.628449634632963));
#7750=CARTESIAN_POINT('Ctrl Pts',(0.305568925943582,-2.94729717633664,1.23389233502226));
#7751=CARTESIAN_POINT('Ctrl Pts',(0.305861339630936,-2.48426610567759,1.87500005983931));
#7752=CARTESIAN_POINT('Ctrl Pts',(0.341056587831253,-2.90800606317522,4.62277863360415));
#7753=CARTESIAN_POINT('Ctrl Pts',(0.358654211931411,-3.11987604192404,5.99666792048657));
#7754=CARTESIAN_POINT('Ctrl Pts',(0.505670794026467,-2.33167346755472,-1.0699335376953));
#7755=CARTESIAN_POINT('Ctrl Pts',(0.497803757857293,-2.36039155824539,-1.08834029422434));
#7756=CARTESIAN_POINT('Ctrl Pts',(0.495782509694569,-2.38568893185335,-1.10244093051891));
#7757=CARTESIAN_POINT('Ctrl Pts',(0.497945377894924,-2.43061566138449,-1.12123063852541));
#7758=CARTESIAN_POINT('Ctrl Pts',(0.501412628855352,-2.45038864171987,-1.12623957498886));
#7759=CARTESIAN_POINT('Ctrl Pts',(0.514164998647247,-2.50427972032674,-1.12923677994655));
#7760=CARTESIAN_POINT('Ctrl Pts',(0.546991520296487,-2.58903074085815,-1.08458510350098));
#7761=CARTESIAN_POINT('Ctrl Pts',(0.546947197308099,-2.67189937656679,-0.584112580700776));
#7762=CARTESIAN_POINT('Ctrl Pts',(0.546982455140482,-2.88889753168586,1.23372062903941));
#7763=CARTESIAN_POINT('Ctrl Pts',(0.547055558562321,-2.43951369220868,1.87500005983931));
#7764=CARTESIAN_POINT('Ctrl Pts',(0.61000485508406,-2.85463781606432,4.61572285228574));
#7765=CARTESIAN_POINT('Ctrl Pts',(0.641479503344929,-3.06219987799214,5.98608424850896));
#7766=CARTESIAN_POINT('Ctrl Pts',(0.56672352521617,-2.32307599158885,-1.05834724434131));
#7767=CARTESIAN_POINT('Ctrl Pts',(0.562169459592984,-2.34998964019665,-1.07528185275114));
#7768=CARTESIAN_POINT('Ctrl Pts',(0.561070884337191,-2.37328121343378,-1.08770841680097));
#7769=CARTESIAN_POINT('Ctrl Pts',(0.566136840706429,-2.41555946930274,-1.10461802234415));
#7770=CARTESIAN_POINT('Ctrl Pts',(0.571409571750776,-2.43423009282488,-1.108946365796));
#7771=CARTESIAN_POINT('Ctrl Pts',(0.588339606539879,-2.48531042560292,-1.10994630465885));
#7772=CARTESIAN_POINT('Ctrl Pts',(0.626647042742335,-2.56774494000553,-1.06400581641366));
#7773=CARTESIAN_POINT('Ctrl Pts',(0.626624881248141,-2.64958673251231,-0.56552192848618));
#7774=CARTESIAN_POINT('Ctrl Pts',(0.626642510164334,-2.86420877960527,1.23376820606482));
#7775=CARTESIAN_POINT('Ctrl Pts',(0.626679061875254,-2.42068468785788,1.87500005983931));
#7776=CARTESIAN_POINT('Ctrl Pts',(0.698790578653592,-2.83218381014251,4.61275422273384));
#7777=CARTESIAN_POINT('Ctrl Pts',(0.734846337042762,-3.03793337128483,5.98163130418111));
#7778=CARTESIAN_POINT('Ctrl Pts',(0.671539563003782,-2.30499374411748,-1.03408224349443));
#7779=CARTESIAN_POINT('Ctrl Pts',(0.676744040600935,-2.3254440258575,-1.04541686263728));
#7780=CARTESIAN_POINT('Ctrl Pts',(0.682150342807834,-2.34398417140582,-1.05432093642));
#7781=CARTESIAN_POINT('Ctrl Pts',(0.697117616136439,-2.37879434247629,-1.0656464962725));
#7782=CARTESIAN_POINT('Ctrl Pts',(0.706398644917513,-2.39479641723538,-1.06795149348659));
#7783=CARTESIAN_POINT('Ctrl Pts',(0.733333214362616,-2.43962415995138,-1.064277461348));
#7784=CARTESIAN_POINT('Ctrl Pts',(0.783568285660333,-2.51656571913822,-1.01457330194729));
#7785=CARTESIAN_POINT('Ctrl Pts',(0.783568285660333,-2.59585047304073,-0.52079989964195));
#7786=CARTESIAN_POINT('Ctrl Pts',(0.783568285660335,-2.80433457564286,1.23403522659967));
#7787=CARTESIAN_POINT('Ctrl Pts',(0.783568285660335,-2.37519655584223,1.87500005983931));
#7788=CARTESIAN_POINT('Ctrl Pts',(0.873732934546621,-2.77793820232271,4.60558244612545));
#7789=CARTESIAN_POINT('Ctrl Pts',(0.918815258989764,-2.97930902556294,5.97087363926853));
#7790=CARTESIAN_POINT('Ctrl Pts',(0.715302869601691,-2.29550897261198,-1.02140353600153));
#7791=CARTESIAN_POINT('Ctrl Pts',(0.723770489619473,-2.31397997478109,-1.03063933498174));
#7792=CARTESIAN_POINT('Ctrl Pts',(0.737695368682236,-2.32714006048776,-1.03598164165656));
#7793=CARTESIAN_POINT('Ctrl Pts',(0.759094489330841,-2.35719025773617,-1.04379789035231));
#7794=CARTESIAN_POINT('Ctrl Pts',(0.770582956247024,-2.37144942363135,-1.0441040126087));
#7795=CARTESIAN_POINT('Ctrl Pts',(0.80415221429272,-2.41290718902366,-1.03789909332485));
#7796=CARTESIAN_POINT('Ctrl Pts',(0.860834006132482,-2.48667229912353,-0.985720074568239));
#7797=CARTESIAN_POINT('Ctrl Pts',(0.860834006132482,-2.56442685762363,-0.494668523012316));
#7798=CARTESIAN_POINT('Ctrl Pts',(0.860834006132484,-2.76914912376103,1.23425467010913));
#7799=CARTESIAN_POINT('Ctrl Pts',(0.860834006132484,-2.34853742817739,1.87500005983931));
#7800=CARTESIAN_POINT('Ctrl Pts',(0.959889566870118,-2.74614660042471,4.60137929906897));
#7801=CARTESIAN_POINT('Ctrl Pts',(1.00941734723893,-2.94495118654836,5.96456891868379));
#7802=CARTESIAN_POINT('Ctrl Pts',(0.760910451153787,-2.28506584832873,-1.0074481542336));
#7803=CARTESIAN_POINT('Ctrl Pts',(0.776760168053721,-2.29741773874467,-1.01182754040207));
#7804=CARTESIAN_POINT('Ctrl Pts',(0.790725812050383,-2.30858329872322,-1.01555167529141));
#7805=CARTESIAN_POINT('Ctrl Pts',(0.818383224735856,-2.33195008236501,-1.01842791643041));
#7806=CARTESIAN_POINT('Ctrl Pts',(0.832074993424668,-2.34415130602824,-1.01758002268006));
#7807=CARTESIAN_POINT('Ctrl Pts',(0.872739486529323,-2.38230847254499,-1.00817829846949));
#7808=CARTESIAN_POINT('Ctrl Pts',(0.936516513428043,-2.45248592583768,-0.952755914280298));
#7809=CARTESIAN_POINT('Ctrl Pts',(0.936516513428043,-2.52845212113511,-0.464808056204846));
#7810=CARTESIAN_POINT('Ctrl Pts',(0.936516513428045,-2.72868917594165,1.23454116774961));
#7811=CARTESIAN_POINT('Ctrl Pts',(0.936516513428045,-2.31795971039302,1.87500005983931));
#7812=CARTESIAN_POINT('Ctrl Pts',(1.04428080679565,-2.70968199276869,4.59655833695365));
#7813=CARTESIAN_POINT('Ctrl Pts',(1.09816295347945,-2.90554313395653,5.95733747551082));
#7814=CARTESIAN_POINT('',(0.760910451153787,-2.28506584832873,-1.0074481542336));
#7815=CARTESIAN_POINT('Ctrl Pts',(-0.802734274101464,-2.27679128793485,
-1.00251225832994));
#7816=CARTESIAN_POINT('Ctrl Pts',(-0.756962609355324,-2.28775934266674,
-1.01695492674279));
#7817=CARTESIAN_POINT('Ctrl Pts',(-0.713058481903796,-2.29773809466073,
-1.03005149878364));
#7818=CARTESIAN_POINT('Ctrl Pts',(-0.607984927944818,-2.31696943186804,
-1.05515902511574));
#7819=CARTESIAN_POINT('Ctrl Pts',(-0.546815501437367,-2.32622201708136,
-1.06716997940698));
#7820=CARTESIAN_POINT('Ctrl Pts',(-0.337409273331135,-2.35289052255034,
-1.10157441565627));
#7821=CARTESIAN_POINT('Ctrl Pts',(-0.0203115107224235,-2.37644540191189,
-1.13117670634556));
#7822=CARTESIAN_POINT('Ctrl Pts',(0.296578463569667,-2.35613495214291,-1.1030537965489));
#7823=CARTESIAN_POINT('Ctrl Pts',(0.505670794026467,-2.33167346755472,-1.0699335376953));
#7824=CARTESIAN_POINT('Ctrl Pts',(0.56672352521617,-2.32307599158885,-1.05834724434131));
#7825=CARTESIAN_POINT('Ctrl Pts',(0.671539563003782,-2.30499374411748,-1.03408224349443));
#7826=CARTESIAN_POINT('Ctrl Pts',(0.715302869601691,-2.29550897261198,-1.02140353600153));
#7827=CARTESIAN_POINT('Ctrl Pts',(0.760910451153787,-2.28506584832873,-1.0074481542336));
#7828=CARTESIAN_POINT('Ctrl Pts',(1.07613441625415,-2.82564446489273,5.40074000008406));
#7829=CARTESIAN_POINT('Ctrl Pts',(1.03005269108366,-2.65924215741195,4.23523634687455));
#7830=CARTESIAN_POINT('Ctrl Pts',(0.936516513428045,-2.33667553079383,1.8458160966619));
#7831=CARTESIAN_POINT('Ctrl Pts',(0.936516513428045,-2.72868917594165,1.23454116774961));
#7832=CARTESIAN_POINT('Ctrl Pts',(0.936516513428043,-2.52845212113511,-0.464808056204846));
#7833=CARTESIAN_POINT('Ctrl Pts',(0.936516513428043,-2.45248592583768,-0.952755914280298));
#7834=CARTESIAN_POINT('Ctrl Pts',(0.872739486529323,-2.38230847254499,-1.00817829846949));
#7835=CARTESIAN_POINT('Ctrl Pts',(0.832074993424668,-2.34415130602824,-1.01758002268006));
#7836=CARTESIAN_POINT('Ctrl Pts',(0.818383224735856,-2.33195008236501,-1.01842791643041));
#7837=CARTESIAN_POINT('Ctrl Pts',(0.790725812050383,-2.30858329872322,-1.01555167529141));
#7838=CARTESIAN_POINT('Ctrl Pts',(0.776760168053721,-2.29741773874467,-1.01182754040207));
#7839=CARTESIAN_POINT('Ctrl Pts',(0.760910451153787,-2.28506584832873,-1.0074481542336));
#7840=CARTESIAN_POINT('Ctrl Pts',(0.760910451153787,-2.28506584832873,-1.0074481542336));
#7841=CARTESIAN_POINT('Ctrl Pts',(0.79066831580595,-2.26227083362954,-0.9891133862972));
#7842=CARTESIAN_POINT('Ctrl Pts',(0.818078668297347,-2.24049179450859,-0.971192752617581));
#7843=CARTESIAN_POINT('Ctrl Pts',(0.87925150608499,-2.18457674638731,-0.925569672149138));
#7844=CARTESIAN_POINT('Ctrl Pts',(0.913013991381235,-2.15044073738699,-0.897867225360314));
#7845=CARTESIAN_POINT('Ctrl Pts',(1.02382964647724,-2.02949725556697,-0.800087165330034));
#7846=CARTESIAN_POINT('Ctrl Pts',(1.25443934149838,-1.73138103809878,-0.563509325120275));
#7847=CARTESIAN_POINT('Ctrl Pts',(1.70016360127886,-0.721676632179103,0.104166669991073));
#7848=CARTESIAN_POINT('Ctrl Pts',(1.71249965202853,0.691894771153108,0.104166669991073));
#7849=CARTESIAN_POINT('Ctrl Pts',(1.28362122744487,1.58795224207454,0.16704143455187));
#7850=CARTESIAN_POINT('Ctrl Pts',(1.05786037377652,1.85989841420904,0.211835172760952));
#7851=CARTESIAN_POINT('Ctrl Pts',(0.948995994664924,1.97237415253727,0.234524408290122));
#7852=CARTESIAN_POINT('Ctrl Pts',(0.915782162347451,2.00445323819425,0.24157471832917));
#7853=CARTESIAN_POINT('Ctrl Pts',(0.855503085818617,2.05778575527,0.254649801465916));
#7854=CARTESIAN_POINT('Ctrl Pts',(0.828437841607257,2.07903918668878,0.260674574563613));
#7855=CARTESIAN_POINT('Ctrl Pts',(0.799041063839163,2.10150362823987,0.267221344343806));
#7856=CARTESIAN_POINT('Ctrl Pts',(0.715302869601691,-2.29550897261198,-1.02140353600153));
#7857=CARTESIAN_POINT('Ctrl Pts',(0.741078296377193,-2.26955444229662,-1.00216466738518));
#7858=CARTESIAN_POINT('Ctrl Pts',(0.769154198178409,-2.24630488740119,-0.983303855578376));
#7859=CARTESIAN_POINT('Ctrl Pts',(0.827049504212484,-2.18534620101847,-0.935021811886203));
#7860=CARTESIAN_POINT('Ctrl Pts',(0.859308356988987,-2.14891998434063,-0.905971411766716));
#7861=CARTESIAN_POINT('Ctrl Pts',(0.960370004976909,-2.02788358747107,-0.809393719781767));
#7862=CARTESIAN_POINT('Ctrl Pts',(1.1751249487189,-1.72981604254246,-0.574476625583001));
#7863=CARTESIAN_POINT('Ctrl Pts',(1.593517874613,-0.72074594902204,0.0911458362421886));
#7864=CARTESIAN_POINT('Ctrl Pts',(1.60585392536268,0.69282545431017,0.0911458362421886));
#7865=CARTESIAN_POINT('Ctrl Pts',(1.20430683466539,1.58342992555605,0.153416185154759));
#7866=CARTESIAN_POINT('Ctrl Pts',(0.994400732276187,1.85412034621411,0.199301108888894));
#7867=CARTESIAN_POINT('Ctrl Pts',(0.895290360272677,1.96655752049346,0.223216444150309));
#7868=CARTESIAN_POINT('Ctrl Pts',(0.863616295215397,2.00080485412549,0.23120904295671));
#7869=CARTESIAN_POINT('Ctrl Pts',(0.806691441169028,2.05950800318132,0.247318160804119));
#7870=CARTESIAN_POINT('Ctrl Pts',(0.778982812873561,2.08235297604183,0.254261017912306));
#7871=CARTESIAN_POINT('Ctrl Pts',(0.753614423666141,2.10874435479017,0.263519045396233));
#7872=CARTESIAN_POINT('Ctrl Pts',(0.671539563003782,-2.30499374411748,-1.03408224349443));
#7873=CARTESIAN_POINT('Ctrl Pts',(0.693529604281878,-2.27942202746433,-1.01588596698978));
#7874=CARTESIAN_POINT('Ctrl Pts',(0.715837817229937,-2.25165181621972,-0.994764591812135));
#7875=CARTESIAN_POINT('Ctrl Pts',(0.767759554491813,-2.18714105806568,-0.944701961916619));
#7876=CARTESIAN_POINT('Ctrl Pts',(0.796912115940493,-2.15058301923141,-0.915737895156345));
#7877=CARTESIAN_POINT('Ctrl Pts',(0.888171384267016,-2.02758772578855,-0.818705168921247));
#7878=CARTESIAN_POINT('Ctrl Pts',(1.08589625684199,-1.72831243114276,-0.584077612633949));
#7879=CARTESIAN_POINT('Ctrl Pts',(1.47354143211391,-0.719698930470345,0.079752606711915));
#7880=CARTESIAN_POINT('Ctrl Pts',(1.48587748286359,0.693872472861865,0.079752606711915));
#7881=CARTESIAN_POINT('Ctrl Pts',(1.11507814278848,1.57965946825654,0.14146209896214));
#7882=CARTESIAN_POINT('Ctrl Pts',(0.922221987977741,1.85020423511874,0.188384910670445));
#7883=CARTESIAN_POINT('Ctrl Pts',(0.832944072810985,1.96428316096332,0.213675754594537));
#7884=CARTESIAN_POINT('Ctrl Pts',(0.804376461461835,1.99877722664709,0.222410942247558));
#7885=CARTESIAN_POINT('Ctrl Pts',(0.753478966064462,2.06119083015145,0.240669077040982));
#7886=CARTESIAN_POINT('Ctrl Pts',(0.731607102101108,2.08889208366832,0.250084369766885));
#7887=CARTESIAN_POINT('Ctrl Pts',(0.710015900925104,2.11532831083208,0.260133825236601));
#7888=CARTESIAN_POINT('Ctrl Pts',(0.56672352521617,-2.32307599158885,-1.05834724434131));
#7889=CARTESIAN_POINT('Ctrl Pts',(0.579021751226645,-2.29525636207036,-1.04018595967765));
#7890=CARTESIAN_POINT('Ctrl Pts',(0.594588323526125,-2.26424767052532,-1.01767940666079));
#7891=CARTESIAN_POINT('Ctrl Pts',(0.634408387159244,-2.19438533442669,-0.96506362335189));
#7892=CARTESIAN_POINT('Ctrl Pts',(0.657494108841943,-2.15590225904061,-0.935179404449812));
#7893=CARTESIAN_POINT('Ctrl Pts',(0.730646893473655,-2.02843963115925,-0.836137490991651));
#7894=CARTESIAN_POINT('Ctrl Pts',(0.892534941071547,-1.72546076850405,-0.600496637067625));
#7895=CARTESIAN_POINT('Ctrl Pts',(1.21353457883837,-0.717430390275006,0.0603081049513669));
#7896=CARTESIAN_POINT('Ctrl Pts',(1.22586987711937,0.696141013057204,0.060304710784489));
#7897=CARTESIAN_POINT('Ctrl Pts',(0.921716239151886,1.57357562968196,0.12095076700786));
#7898=CARTESIAN_POINT('Ctrl Pts',(0.764756673761782,1.84507493661066,0.169744165772806));
#7899=CARTESIAN_POINT('Ctrl Pts',(0.693653535983457,1.96294772201895,0.197684070641657));
#7900=CARTESIAN_POINT('Ctrl Pts',(0.671181930876803,1.99925917247904,0.207587906512337));
#7901=CARTESIAN_POINT('Ctrl Pts',(0.632466605198726,2.06722523149857,0.229188375436934));
#7902=CARTESIAN_POINT('Ctrl Pts',(0.617384796581525,2.09848391560505,0.240736799122191));
#7903=CARTESIAN_POINT('Ctrl Pts',(0.605515519990999,2.12808845347757,0.253597820911292));
#7904=CARTESIAN_POINT('Ctrl Pts',(0.505670794026467,-2.33167346755472,-1.0699335376953));
#7905=CARTESIAN_POINT('Ctrl Pts',(0.51353783019564,-2.30295537686405,-1.05152678116627));
#7906=CARTESIAN_POINT('Ctrl Pts',(0.527125891652338,-2.27110524465343,-1.02892242174063));
#7907=CARTESIAN_POINT('Ctrl Pts',(0.561492938459571,-2.19906027618172,-0.97514071863927));
#7908=CARTESIAN_POINT('Ctrl Pts',(0.581403852056127,-2.1594070170473,-0.94455443180866));
#7909=CARTESIAN_POINT('Ctrl Pts',(0.645321023390189,-2.02958739821247,-0.844258363922574));
#7910=CARTESIAN_POINT('Ctrl Pts',(0.788402317178017,-1.72411271726504,-0.607314674450354));
#7911=CARTESIAN_POINT('Ctrl Pts',(1.07350416806191,-0.716208868631361,0.0522568327210924));
#7912=CARTESIAN_POINT('Ctrl Pts',(1.08583871387423,0.697362534700849,0.0522500443873364));
#7913=CARTESIAN_POINT('Ctrl Pts',(0.817583027392198,1.57126224840689,0.112393521246201));
#7914=CARTESIAN_POINT('Ctrl Pts',(0.67947010384427,1.84386174919794,0.162019619093616));
#7915=CARTESIAN_POINT('Ctrl Pts',(0.617638628628056,1.96374107038232,0.191174614616031));
#7916=CARTESIAN_POINT('Ctrl Pts',(0.598359934257458,2.00110873520469,0.201579535348707));
#7917=CARTESIAN_POINT('Ctrl Pts',(0.565130656402565,2.07123897350886,0.224371303220913));
#7918=CARTESIAN_POINT('Ctrl Pts',(0.552039157684231,2.10356689863082,0.236784835115339));
#7919=CARTESIAN_POINT('Ctrl Pts',(0.54461366179793,2.13426464008116,0.250447036745615));
#7920=CARTESIAN_POINT('Ctrl Pts',(0.296578463569667,-2.35613495214291,-1.1030537965489));
#7921=CARTESIAN_POINT('Ctrl Pts',(0.302028627841048,-2.32432568740353,-1.0826917441181));
#7922=CARTESIAN_POINT('Ctrl Pts',(0.309805480289818,-2.28907656777567,-1.05791198153665));
#7923=CARTESIAN_POINT('Ctrl Pts',(0.328695694212045,-2.2117666724781,-1.00117096056455));
#7924=CARTESIAN_POINT('Ctrl Pts',(0.339809055685503,-2.16970589680839,-0.969209702173918));
#7925=CARTESIAN_POINT('Ctrl Pts',(0.376178602647768,-2.03340816633915,-0.865034570026443));
#7926=CARTESIAN_POINT('Ctrl Pts',(0.461035546739873,-1.72035109156023,-0.623518877829215));
#7927=CARTESIAN_POINT('Ctrl Pts',(0.633243178400147,-0.712369800608479,
0.0332460752744343));
#7928=CARTESIAN_POINT('Ctrl Pts',(0.645573209400377,0.701201602723731,0.0332189219394105));
#7929=CARTESIAN_POINT('Ctrl Pts',(0.490212729757112,1.56643775499798,0.0918988156406312));
#7930=CARTESIAN_POINT('Ctrl Pts',(0.410444225628889,1.84274508730902,0.143567336712993));
#7931=CARTESIAN_POINT('Ctrl Pts',(0.376260313852711,1.96787233630986,0.175370529667316));
#7932=CARTESIAN_POINT('Ctrl Pts',(0.36581573330864,2.00741034978436,0.186966416055114));
#7933=CARTESIAN_POINT('Ctrl Pts',(0.348143004626242,2.08259839486492,0.212405988506435));
#7934=CARTESIAN_POINT('Ctrl Pts',(0.340914856487915,2.11824842647098,0.226249674569959));
#7935=CARTESIAN_POINT('Ctrl Pts',(0.335953084040675,2.1521815457344,0.241346338239519));
#7936=CARTESIAN_POINT('Ctrl Pts',(-0.0203115107224232,-2.37644540191189,
-1.13117670634556));
#7937=CARTESIAN_POINT('Ctrl Pts',(-0.0200559568609538,-2.34308305399781,
-1.10986395024603));
#7938=CARTESIAN_POINT('Ctrl Pts',(-0.0197767101699617,-2.3061012672398,
-1.08392610008192));
#7939=CARTESIAN_POINT('Ctrl Pts',(-0.0191696931806778,-2.22519272362335,
-1.02467516596665));
#7940=CARTESIAN_POINT('Ctrl Pts',(-0.0188419228823865,-2.18126596676492,
-0.991362082015477));
#7941=CARTESIAN_POINT('Ctrl Pts',(-0.0177841196541839,-2.0395091024202,
-0.883172410994523));
#7942=CARTESIAN_POINT('Ctrl Pts',(-0.0153705438644627,-1.71608899865304,
-0.633791392282832));
#7943=CARTESIAN_POINT('Ctrl Pts',(-0.00755749403528799,-0.706785701666105,
0.0216132233299983));
#7944=CARTESIAN_POINT('Ctrl Pts',(0.00476049746604585,0.706785701666105,
0.0215317633249268));
#7945=CARTESIAN_POINT('Ctrl Pts',(0.0137972332942635,1.56564683156296,0.0783779593116272));
#7946=CARTESIAN_POINT('Ctrl Pts',(0.0166332721074643,1.8479839390551,0.131554580624024));
#7947=CARTESIAN_POINT('Ctrl Pts',(0.0178452500597528,1.97689357874427,0.164526389074106));
#7948=CARTESIAN_POINT('Ctrl Pts',(0.0182149024681303,2.01782030629784,0.176580908189781));
#7949=CARTESIAN_POINT('Ctrl Pts',(0.0188799878902392,2.09592614420689,0.203081307376697));
#7950=CARTESIAN_POINT('Ctrl Pts',(0.0191754209039702,2.13310525456236,0.217527187447938));
#7951=CARTESIAN_POINT('Ctrl Pts',(0.0194309747654396,2.16857990006253,0.233300512175764));
#7952=CARTESIAN_POINT('Ctrl Pts',(-0.337409273331135,-2.35289052255034,
-1.10157441565627));
#7953=CARTESIAN_POINT('Ctrl Pts',(-0.342371045778375,-2.32094063349838,
-1.08120542309686));
#7954=CARTESIAN_POINT('Ctrl Pts',(-0.349625962102188,-2.28552298797655,
-1.0563878276662));
#7955=CARTESIAN_POINT('Ctrl Pts',(-0.367394768679311,-2.2078290801763,-0.999521237377504));
#7956=CARTESIAN_POINT('Ctrl Pts',(-0.37790865893262,-2.16555281789786,-0.967472242519471));
#7957=CARTESIAN_POINT('Ctrl Pts',(-0.412347819851312,-2.02855145020232,
-0.862976868277026));
#7958=CARTESIAN_POINT('Ctrl Pts',(-0.492816102323751,-1.71385839137025,
-0.620592561118766));
#7959=CARTESIAN_POINT('Ctrl Pts',(-0.650210791351322,-0.701201602723731,
0.0387980024922266));
#7960=CARTESIAN_POINT('Ctrl Pts',(-0.637928918346674,0.712369800608479,
0.0385536224770123));
#7961=CARTESIAN_POINT('Ctrl Pts',(-0.463676542740561,1.57539309839831,0.0933401629577893));
#7962=CARTESIAN_POINT('Ctrl Pts',(-0.378111166914409,1.85034241746653,0.144017122418074));
#7963=CARTESIAN_POINT('Ctrl Pts',(-0.341482953347705,1.9748906558633,0.175440125470893));
#7964=CARTESIAN_POINT('Ctrl Pts',(-0.330299294549865,2.014252331806,0.186928547042279));
#7965=CARTESIAN_POINT('Ctrl Pts',(-0.311311597079613,2.08914907891596,0.212192179248058));
#7966=CARTESIAN_POINT('Ctrl Pts',(-0.3035075584072,2.12468415008322,0.225967389882451));
#7967=CARTESIAN_POINT('Ctrl Pts',(-0.298057394135819,2.15854701999792,0.241015302359404));
#7968=CARTESIAN_POINT('Ctrl Pts',(-0.546815501437367,-2.32622201708136,
-1.06716997940698));
#7969=CARTESIAN_POINT('Ctrl Pts',(-0.554240997323668,-2.2972973844316,-1.04875302956405));
#7970=CARTESIAN_POINT('Ctrl Pts',(-0.56737734419203,-2.26517486886417,-1.02607033806169));
#7971=CARTESIAN_POINT('Ctrl Pts',(-0.600787011084041,-2.19247713827938,
-0.972015865681885));
#7972=CARTESIAN_POINT('Ctrl Pts',(-0.620190919857058,-2.15245442748553,
-0.941243014052838));
#7973=CARTESIAN_POINT('Ctrl Pts',(-0.68246047279613,-2.02142838008418,-0.840288809981961));
#7974=CARTESIAN_POINT('Ctrl Pts',(-0.821742074544326,-1.71314399410203,
-0.601589746071103));
#7975=CARTESIAN_POINT('Ctrl Pts',(-1.09325071833399,-0.697362534700848,
0.063013691705565));
#7976=CARTESIAN_POINT('Ctrl Pts',(-1.08100947863811,0.716208868631362,0.0625860266789399));
#7977=CARTESIAN_POINT('Ctrl Pts',(-0.792634259733614,1.58637439039495,0.115570047314969));
#7978=CARTESIAN_POINT('Ctrl Pts',(-0.648366534187578,1.85666184528714,0.163232509412069));
#7979=CARTESIAN_POINT('Ctrl Pts',(-0.584004072012912,1.97549113167032,0.191665584084653));
#7980=CARTESIAN_POINT('Ctrl Pts',(-0.563965779049855,2.01252957572244,0.201867639520014));
#7981=CARTESIAN_POINT('Ctrl Pts',(-0.529415121234216,2.08209890287855,0.224342154205932));
#7982=CARTESIAN_POINT('Ctrl Pts',(-0.515781264937811,2.11421177889879,0.236645578803308));
#7983=CARTESIAN_POINT('Ctrl Pts',(-0.507914228768638,2.14480634161821,0.250236177119444));
#7984=CARTESIAN_POINT('Ctrl Pts',(-0.607984927944818,-2.31696943186804,
-1.05515902511574));
#7985=CARTESIAN_POINT('Ctrl Pts',(-0.619868012875139,-2.28888700884922,
-1.03696300699873));
#7986=CARTESIAN_POINT('Ctrl Pts',(-0.635021878745423,-2.25757309421588,
-1.01435387731139));
#7987=CARTESIAN_POINT('Ctrl Pts',(-0.673954997849077,-2.18697162276181,
-0.961407420907718));
#7988=CARTESIAN_POINT('Ctrl Pts',(-0.696572775863834,-2.14806942847943,
-0.931301968009369));
#7989=CARTESIAN_POINT('Ctrl Pts',(-0.768196336743898,-2.01923655155234,
-0.831469223674115));
#7990=CARTESIAN_POINT('Ctrl Pts',(-0.926524365847202,-1.71306562137827,
-0.593738192442779));
#7991=CARTESIAN_POINT('Ctrl Pts',(-1.23443901966082,-0.696141013057204,
0.0729734389169557));
#7992=CARTESIAN_POINT('Ctrl Pts',(-1.22221358180724,0.717430390275005,0.0724744963858931));
#7993=CARTESIAN_POINT('Ctrl Pts',(-0.897428896225788,1.59064675303885,0.124814714037789));
#7994=CARTESIAN_POINT('Ctrl Pts',(-0.734151162946428,1.85952674939602,0.171282385184811));
#7995=CARTESIAN_POINT('Ctrl Pts',(-0.66046923358169,1.97618949036883,0.198371486282428));
#7996=CARTESIAN_POINT('Ctrl Pts',(-0.637234746672601,2.01211419449214,0.208043730902319));
#7997=CARTESIAN_POINT('Ctrl Pts',(-0.597192935190286,2.07942094802121,0.229278282700949));
#7998=CARTESIAN_POINT('Ctrl Pts',(-0.581553036941068,2.11042934028494,0.240694831095488));
#7999=CARTESIAN_POINT('Ctrl Pts',(-0.569240653445852,2.13984567836193,0.253476691922572));
#8000=CARTESIAN_POINT('Ctrl Pts',(-0.713058481903796,-2.29773809466073,
-1.03005149878364));
#8001=CARTESIAN_POINT('Ctrl Pts',(-0.734731403577482,-2.27179381106536,
-1.01172763003722));
#8002=CARTESIAN_POINT('Ctrl Pts',(-0.756724818590409,-2.24363876479879,
-0.99043213561315));
#8003=CARTESIAN_POINT('Ctrl Pts',(-0.807946291105823,-2.17822122453963,
-0.939879616994137));
#8004=CARTESIAN_POINT('Ctrl Pts',(-0.836721594822561,-2.14114777737551,
-0.910599528547323));
#8005=CARTESIAN_POINT('Ctrl Pts',(-0.926725442419471,-2.01646664077999,
-0.812455186910301));
#8006=CARTESIAN_POINT('Ctrl Pts',(-1.12144488340007,-1.71326118717616,-0.574950198449931));
#8007=CARTESIAN_POINT('Ctrl Pts',(-1.49722481025726,-0.693872472861865,
0.0967553838164041));
#8008=CARTESIAN_POINT('Ctrl Pts',(-1.48503624336905,0.719698930470345,0.0960901271083205));
#8009=CARTESIAN_POINT('Ctrl Pts',(-1.09237821922035,1.60036869986981,0.147027972046259));
#8010=CARTESIAN_POINT('Ctrl Pts',(-0.892760596623732,1.86771186545321,0.190786670936835));
#8011=CARTESIAN_POINT('Ctrl Pts',(-0.800762982106928,1.9802645448835,0.214921794561139));
#8012=CARTESIAN_POINT('Ctrl Pts',(-0.771398976731579,2.0142622874667,0.22334279813241));
#8013=CARTESIAN_POINT('Ctrl Pts',(-0.719147248904224,2.07578846049527,0.241117918362285));
#8014=CARTESIAN_POINT('Ctrl Pts',(-0.696715196942742,2.10310709878314,0.250363223322855));
#8015=CARTESIAN_POINT('Ctrl Pts',(-0.674641795732827,2.12916347758997,0.260291501295061));
#8016=CARTESIAN_POINT('Ctrl Pts',(-0.756962609355324,-2.28775934266674,
-1.01695492674279));
#8017=CARTESIAN_POINT('Ctrl Pts',(-0.782452067491342,-2.26138195616491,
-0.99753836433711));
#8018=CARTESIAN_POINT('Ctrl Pts',(-0.810318201911263,-2.23770669417318,
-0.978444117209312));
#8019=CARTESIAN_POINT('Ctrl Pts',(-0.867628777767723,-2.17576866123116,
-0.929577924842631));
#8020=CARTESIAN_POINT('Ctrl Pts',(-0.899553299376297,-2.1387725904151,-0.900146131629265));
#8021=CARTESIAN_POINT('Ctrl Pts',(-0.999518684147276,-2.01588855853947,
-0.802260736454333));
#8022=CARTESIAN_POINT('Ctrl Pts',(-1.21158310965007,-1.71353512569781,-0.564013758085406));
#8023=CARTESIAN_POINT('Ctrl Pts',(-1.61882229952687,-0.69282545431017,0.110577581504462));
#8024=CARTESIAN_POINT('Ctrl Pts',(-1.60665480176173,0.72074594902204,0.109817288123795));
#8025=CARTESIAN_POINT('Ctrl Pts',(-1.18253290572274,1.60581828405688,0.15999656333191));
#8026=CARTESIAN_POINT('Ctrl Pts',(-0.965585401542186,1.87303207740153,0.202241080916117));
#8027=CARTESIAN_POINT('Ctrl Pts',(-0.863653982525005,1.98376834304967,0.224821902140654));
#8028=CARTESIAN_POINT('Ctrl Pts',(-0.83114023566907,2.01746511620364,0.232438086699243));
#8029=CARTESIAN_POINT('Ctrl Pts',(-0.772851962005734,2.07516396500741,0.248000124584183));
#8030=CARTESIAN_POINT('Ctrl Pts',(-0.744615339814647,2.09750223426079,0.254764338989583));
#8031=CARTESIAN_POINT('Ctrl Pts',(-0.718716513342587,2.12344194007429,0.26386579586442));
#8032=CARTESIAN_POINT('Ctrl Pts',(-0.802734274101464,-2.27679128793485,
-1.00251225832994));
#8033=CARTESIAN_POINT('Ctrl Pts',(-0.832303441292578,-2.25354921485726,
-0.98392485291392));
#8034=CARTESIAN_POINT('Ctrl Pts',(-0.859544992913846,-2.23134908271633,
-0.965742085163871));
#8035=CARTESIAN_POINT('Ctrl Pts',(-0.92028604816369,-2.17442472682606,-0.919423140955489));
#8036=CARTESIAN_POINT('Ctrl Pts',(-0.953785551792266,-2.13970050307672,
-0.891286964497155));
#8037=CARTESIAN_POINT('Ctrl Pts',(-1.06367099068896,-2.01674169441605,-0.791948322059732));
#8038=CARTESIAN_POINT('Ctrl Pts',(-1.2919369702845,-1.71400161576589,-0.551509712930449));
#8039=CARTESIAN_POINT('Ctrl Pts',(-1.72732065107333,-0.691894771153107,
0.126374378862242));
#8040=CARTESIAN_POINT('Ctrl Pts',(-1.71517723230597,0.721676632179103,0.12550547214148));
#8041=CARTESIAN_POINT('Ctrl Pts',(-1.2629055780742,1.61183315780876,0.174854373909966));
#8042=CARTESIAN_POINT('Ctrl Pts',(-1.02975087628578,1.8800491690206,0.215455278327197));
#8043=CARTESIAN_POINT('Ctrl Pts',(-0.917896440297459,1.99065278856389,0.236574443432083));
#8044=CARTESIAN_POINT('Ctrl Pts',(-0.883843163200837,2.02215150533311,0.24320567204467));
#8045=CARTESIAN_POINT('Ctrl Pts',(-0.822199678806562,2.07441062604779,0.255651143091762));
#8046=CARTESIAN_POINT('Ctrl Pts',(-0.79460947150891,2.09517102999326,0.261465385526267));
#8047=CARTESIAN_POINT('Ctrl Pts',(-0.764675898409464,2.11709608653305,0.26782162372116));
#8048=CARTESIAN_POINT('Ctrl Pts',(0.760910451153787,-2.28506584832873,-1.0074481542336));
#8049=CARTESIAN_POINT('Ctrl Pts',(0.79066831580595,-2.26227083362954,-0.9891133862972));
#8050=CARTESIAN_POINT('Ctrl Pts',(0.818078668297347,-2.24049179450859,-0.971192752617581));
#8051=CARTESIAN_POINT('Ctrl Pts',(0.87925150608499,-2.18457674638731,-0.925569672149138));
#8052=CARTESIAN_POINT('Ctrl Pts',(0.913013991381235,-2.15044073738699,-0.897867225360314));
#8053=CARTESIAN_POINT('Ctrl Pts',(1.02382964647724,-2.02949725556697,-0.800087165330034));
#8054=CARTESIAN_POINT('Ctrl Pts',(1.25443934149838,-1.73138103809878,-0.563509325120275));
#8055=CARTESIAN_POINT('Ctrl Pts',(1.70016360127886,-0.721676632179103,0.104166669991073));
#8056=CARTESIAN_POINT('Ctrl Pts',(1.71249965202853,0.691894771153108,0.104166669991073));
#8057=CARTESIAN_POINT('Ctrl Pts',(1.28362122744487,1.58795224207454,0.16704143455187));
#8058=CARTESIAN_POINT('Ctrl Pts',(1.05786037377652,1.85989841420904,0.211835172760952));
#8059=CARTESIAN_POINT('Ctrl Pts',(0.948995994664924,1.97237415253727,0.234524408290122));
#8060=CARTESIAN_POINT('Ctrl Pts',(0.915782162347451,2.00445323819425,0.24157471832917));
#8061=CARTESIAN_POINT('Ctrl Pts',(0.855503085818617,2.05778575527,0.254649801465916));
#8062=CARTESIAN_POINT('Ctrl Pts',(0.828437841607257,2.07903918668878,0.260674574563613));
#8063=CARTESIAN_POINT('Ctrl Pts',(0.799041063839163,2.10150362823987,0.267221344343806));
#8064=CARTESIAN_POINT('Ctrl Pts',(0.760910451153787,-2.28506584832873,-1.0074481542336));
#8065=CARTESIAN_POINT('Ctrl Pts',(0.776760168053721,-2.29741773874467,-1.01182754040207));
#8066=CARTESIAN_POINT('Ctrl Pts',(0.790725812050383,-2.30858329872322,-1.01555167529141));
#8067=CARTESIAN_POINT('Ctrl Pts',(0.818383224735856,-2.33195008236501,-1.01842791643041));
#8068=CARTESIAN_POINT('Ctrl Pts',(0.832074993424668,-2.34415130602824,-1.01758002268006));
#8069=CARTESIAN_POINT('Ctrl Pts',(0.872739486529323,-2.38230847254499,-1.00817829846949));
#8070=CARTESIAN_POINT('Ctrl Pts',(0.936516513428043,-2.45248592583768,-0.952755914280298));
#8071=CARTESIAN_POINT('Ctrl Pts',(0.936516513428043,-2.52845212113511,-0.464808056204846));
#8072=CARTESIAN_POINT('Ctrl Pts',(0.936516513428045,-2.72868917594165,1.23454116774961));
#8073=CARTESIAN_POINT('Ctrl Pts',(0.936516513428045,-2.31795971039302,1.87500005983931));
#8074=CARTESIAN_POINT('Ctrl Pts',(1.04428080679565,-2.70968199276869,4.59655833695365));
#8075=CARTESIAN_POINT('Ctrl Pts',(1.09816295347945,-2.90554313395653,5.95733747551082));
#8076=CARTESIAN_POINT('Ctrl Pts',(0.79066831580595,-2.26227083362954,-0.9891133862972));
#8077=CARTESIAN_POINT('Ctrl Pts',(0.818678337501313,-2.27203936378745,-0.990046390766346));
#8078=CARTESIAN_POINT('Ctrl Pts',(0.836043210193915,-2.2836508374676,-0.993814749872132));
#8079=CARTESIAN_POINT('Ctrl Pts',(0.876165867803662,-2.30529667860433,-0.993406154516306));
#8080=CARTESIAN_POINT('Ctrl Pts',(0.893567030602311,-2.31685318842514,-0.991056032751413));
#8081=CARTESIAN_POINT('Ctrl Pts',(0.941326758765925,-2.35170975606631,-0.97845750361412));
#8082=CARTESIAN_POINT('Ctrl Pts',(1.0121990207236,-2.41829955255183,-0.919791753992356));
#8083=CARTESIAN_POINT('Ctrl Pts',(1.0121990207236,-2.49247738464659,-0.434947589397375));
#8084=CARTESIAN_POINT('Ctrl Pts',(1.01219902072361,-2.68822922812227,1.23482766539009));
#8085=CARTESIAN_POINT('Ctrl Pts',(1.01219902072361,-2.28738199260866,1.87500005983931));
#8086=CARTESIAN_POINT('Ctrl Pts',(1.12867204672118,-2.67321738511268,4.59173737483834));
#8087=CARTESIAN_POINT('Ctrl Pts',(1.18690855971996,-2.86613508136469,5.95010603233785));
#8088=CARTESIAN_POINT('Ctrl Pts',(0.818078668297347,-2.24049179450859,-0.971192752617581));
#8089=CARTESIAN_POINT('Ctrl Pts',(0.850716476009145,-2.24883766277419,-0.970667859441443));
#8090=CARTESIAN_POINT('Ctrl Pts',(0.879920482281143,-2.25662928057155,-0.969407503722582));
#8091=CARTESIAN_POINT('Ctrl Pts',(0.930504835942533,-2.27537683332795,-0.965140111267376));
#8092=CARTESIAN_POINT('Ctrl Pts',(0.951863102201722,-2.28585037956652,-0.962040258216597));
#8093=CARTESIAN_POINT('Ctrl Pts',(1.00768230330903,-2.31722929403669,-0.945394281926536));
#8094=CARTESIAN_POINT('Ctrl Pts',(1.08629831484258,-2.37982022599482,-0.882716660795521));
#8095=CARTESIAN_POINT('Ctrl Pts',(1.08629831484258,-2.45195152708665,-0.401358032412069));
#8096=CARTESIAN_POINT('Ctrl Pts',(1.08629831484258,-2.64249478436533,1.2351812171616));
#8097=CARTESIAN_POINT('Ctrl Pts',(1.08629831484258,-2.25288568470476,1.87500005983931));
#8098=CARTESIAN_POINT('Ctrl Pts',(1.21129789424874,-2.63207977169864,4.5862985976642));
#8099=CARTESIAN_POINT('Ctrl Pts',(1.27379768395182,-2.82167681519559,5.94194786657664));
#8100=CARTESIAN_POINT('Ctrl Pts',(0.87925150608499,-2.18457674638731,-0.925569672149138));
#8101=CARTESIAN_POINT('Ctrl Pts',(0.927349224435421,-2.18828667997171,-0.919739016116898));
#8102=CARTESIAN_POINT('Ctrl Pts',(0.967790601876526,-2.1929586517434,-0.914250681038095));
#8103=CARTESIAN_POINT('Ctrl Pts',(1.03619531189932,-2.20678289355648,-0.90333778008071));
#8104=CARTESIAN_POINT('Ctrl Pts',(1.06420273518867,-2.21510171609802,-0.89749418072727));
#8105=CARTESIAN_POINT('Ctrl Pts',(1.13600845428868,-2.24078220173726,-0.873891880793106));
#8106=CARTESIAN_POINT('Ctrl Pts',(1.23075368941664,-2.29503924507418,-0.802401273429396));
#8107=CARTESIAN_POINT('Ctrl Pts',(1.23075368941664,-2.36268590465977,-0.328585716696338));
#8108=CARTESIAN_POINT('Ctrl Pts',(1.23075368941664,-2.54170658681401,1.23599280714191));
#8109=CARTESIAN_POINT('Ctrl Pts',(1.23075368941664,-2.17662269596955,1.87500005983931));
#8110=CARTESIAN_POINT('Ctrl Pts',(1.37237564668898,-2.54113446366371,4.57427477750582));
#8111=CARTESIAN_POINT('Ctrl Pts',(1.44318662532516,-2.72339034751079,5.92391213633907));
#8112=CARTESIAN_POINT('Ctrl Pts',(0.913013991381235,-2.15044073738699,-0.897867225360314));
#8113=CARTESIAN_POINT('Ctrl Pts',(0.966719625773481,-2.15196149043335,-0.889763038953912));
#8114=CARTESIAN_POINT('Ctrl Pts',(1.01135572480204,-2.15662378859765,-0.88339735663746));
#8115=CARTESIAN_POINT('Ctrl Pts',(1.08698161186652,-2.16863160739291,-0.869856280246843));
#8116=CARTESIAN_POINT('Ctrl Pts',(1.11818015966954,-2.17580895399021,-0.862490063163581));
#8117=CARTESIAN_POINT('Ctrl Pts',(1.19797906072524,-2.19881557146745,-0.83545270134726));
#8118=CARTESIAN_POINT('Ctrl Pts',(1.30110976987172,-2.24873759071056,-0.759160979260106));
#8119=CARTESIAN_POINT('Ctrl Pts',(1.30110976987172,-2.31394613979284,-0.289402957965914));
#8120=CARTESIAN_POINT('Ctrl Pts',(1.30110976987172,-2.48665283301964,1.23645084535071));
#8121=CARTESIAN_POINT('Ctrl Pts',(1.30110976987172,-2.13485601513824,1.87500005983931));
#8122=CARTESIAN_POINT('Ctrl Pts',(1.45082755160167,-2.49132676904281,4.56768973452157));
#8123=CARTESIAN_POINT('Ctrl Pts',(1.52568644246664,-2.6695621459951,5.9140345718627));
#8124=CARTESIAN_POINT('Ctrl Pts',(1.02382964647724,-2.02949725556697,-0.800087165330034));
#8125=CARTESIAN_POINT('Ctrl Pts',(1.08728928797757,-2.03111092366286,-0.7907806108783));
#8126=CARTESIAN_POINT('Ctrl Pts',(1.14200995026833,-2.03404239817214,-0.781478951114312));
#8127=CARTESIAN_POINT('Ctrl Pts',(1.23656132324413,-2.04170842051604,-0.761423164306891));
#8128=CARTESIAN_POINT('Ctrl Pts',(1.27639203392916,-2.04644296835065,-0.750669037263458));
#8129=CARTESIAN_POINT('Ctrl Pts',(1.37743124879578,-2.06210241259038,-0.714034570231588));
#8130=CARTESIAN_POINT('Ctrl Pts',(1.50569800977508,-2.09924450401334,-0.623277292561558));
#8131=CARTESIAN_POINT('Ctrl Pts',(1.50569800977508,-2.15673848648532,-0.166262347072798));
#8132=CARTESIAN_POINT('Ctrl Pts',(1.50569800977508,-2.30935712933694,1.23793725689589));
#8133=CARTESIAN_POINT('Ctrl Pts',(1.50569800977508,-1.99950062422063,1.87500005983931));
#8134=CARTESIAN_POINT('Ctrl Pts',(1.67895761568899,-2.32991245883354,4.54634925331499));
#8135=CARTESIAN_POINT('Ctrl Pts',(1.76558741864595,-2.49511837614,5.88202385005284));
#8136=CARTESIAN_POINT('Ctrl Pts',(1.25443934149838,-1.73138103809878,-0.563509325120275));
#8137=CARTESIAN_POINT('Ctrl Pts',(1.33375373427785,-1.7329460336551,-0.55254202465755));
#8138=CARTESIAN_POINT('Ctrl Pts',(1.40315382795989,-1.73457241336803,-0.540208410783047));
#8139=CARTESIAN_POINT('Ctrl Pts',(1.52460399190347,-1.73798473321762,-0.512602466673584));
#8140=CARTESIAN_POINT('Ctrl Pts',(1.576654062165,-1.73977067335428,-0.497330136438624));
#8141=CARTESIAN_POINT('Ctrl Pts',(1.71049709998036,-1.74542302256559,-0.446795936887711));
#8142=CARTESIAN_POINT('Ctrl Pts',(1.88895448373419,-1.75790583619348,-0.326858702401744));
#8143=CARTESIAN_POINT('Ctrl Pts',(1.88895448373419,-1.79836974504341,0.102388213520807));
#8144=CARTESIAN_POINT('Ctrl Pts',(1.88895448373419,-1.90622795277317,1.24135926766138));
#8145=CARTESIAN_POINT('Ctrl Pts',(1.88895448373419,-1.68856844869071,1.87500005983931));
#8146=CARTESIAN_POINT('Ctrl Pts',(2.10631514126072,-1.95911893302874,4.49732688188647));
#8147=CARTESIAN_POINT('Ctrl Pts',(2.21499547002399,-2.09439417519776,5.80849029291005));
#8148=CARTESIAN_POINT('Ctrl Pts',(1.70016360127886,-0.721676632179103,0.104166669991073));
#8149=CARTESIAN_POINT('Ctrl Pts',(1.80680932794471,-0.722607315336165,0.117187503739957));
#8150=CARTESIAN_POINT('Ctrl Pts',(1.90012433877734,-0.723421663098595,0.131835941707451));
#8151=CARTESIAN_POINT('Ctrl Pts',(2.06342560773443,-0.724846771682846,0.163981125025009));
#8152=CARTESIAN_POINT('Ctrl Pts',(2.1334118658589,-0.725457532504669,0.181477870375072));
#8153=CARTESIAN_POINT('Ctrl Pts',(2.31337652960753,-0.727028060332211,0.237630215917135));
#8154=CARTESIAN_POINT('Ctrl Pts',(2.5533294146057,-0.729122097435602,0.364583344968754));
#8155=CARTESIAN_POINT('Ctrl Pts',(2.5533294146057,-0.729122097435601,0.729166689937509));
#8156=CARTESIAN_POINT('Ctrl Pts',(2.5533294146057,-0.729122097435602,1.25000003989287));
#8157=CARTESIAN_POINT('Ctrl Pts',(2.5533294146057,-0.729122097435602,1.87500005983931));
#8158=CARTESIAN_POINT('Ctrl Pts',(2.84713922591645,-0.814957847749856,4.34605808727938));
#8159=CARTESIAN_POINT('Ctrl Pts',(2.99404413157183,-0.857875722906984,5.58158710099941));
#8160=CARTESIAN_POINT('Ctrl Pts',(1.71249965202853,0.691894771153108,0.104166669991073));
#8161=CARTESIAN_POINT('Ctrl Pts',(1.81914537869439,0.690964087996045,0.117187503739957));
#8162=CARTESIAN_POINT('Ctrl Pts',(1.91246038952701,0.690149740233615,0.131835941707451));
#8163=CARTESIAN_POINT('Ctrl Pts',(2.0757616584841,0.688724631649363,0.163981125025009));
#8164=CARTESIAN_POINT('Ctrl Pts',(2.14574791660857,0.688113870827541,0.181477870375072));
#8165=CARTESIAN_POINT('Ctrl Pts',(2.3257125803572,0.686543342999999,0.237630215917135));
#8166=CARTESIAN_POINT('Ctrl Pts',(2.56566546535538,0.684449305896607,0.364583344968754));
#8167=CARTESIAN_POINT('Ctrl Pts',(2.56566546535538,0.684449305896608,0.729166689937509));
#8168=CARTESIAN_POINT('Ctrl Pts',(2.56566546535538,0.684449305896608,1.25000003989287));
#8169=CARTESIAN_POINT('Ctrl Pts',(2.56566546535538,0.684449305896608,1.87500005983931));
#8170=CARTESIAN_POINT('Ctrl Pts',(2.86089477730806,0.870757449244103,4.12319076177088));
#8171=CARTESIAN_POINT('Ctrl Pts',(3.00850943328439,0.96391152091785,5.24728611273667));
#8172=CARTESIAN_POINT('Ctrl Pts',(1.28362122744487,1.58795224207454,0.16704143455187));
#8173=CARTESIAN_POINT('Ctrl Pts',(1.36293562022435,1.59247455859303,0.180666683948981));
#8174=CARTESIAN_POINT('Ctrl Pts',(1.43233571390639,1.5977487343305,0.195963096550583));
#8175=CARTESIAN_POINT('Ctrl Pts',(1.55378587784996,1.60935875485866,0.229411560492403));
#8176=CARTESIAN_POINT('Ctrl Pts',(1.60583594811149,1.61569459964935,0.247563611832621));
#8177=CARTESIAN_POINT('Ctrl Pts',(1.73967898592686,1.63563156352411,0.30557319245565));
#8178=CARTESIAN_POINT('Ctrl Pts',(1.91813636968068,1.6792232092844,0.43580606011121));
#8179=CARTESIAN_POINT('Ctrl Pts',(1.91813636968068,1.76982892714783,0.798296931863294));
#8180=CARTESIAN_POINT('Ctrl Pts',(1.91813636968068,1.65534447014555,1.25000003989287));
#8181=CARTESIAN_POINT('Ctrl Pts',(1.91813636968068,1.65534447014555,1.87500005983931));
#8182=CARTESIAN_POINT('Ctrl Pts',(2.13885496620036,2.02857149832137,3.97011691767979));
#8183=CARTESIAN_POINT('Ctrl Pts',(2.24921426446019,2.21518501240928,5.01767534660003));
#8184=CARTESIAN_POINT('Ctrl Pts',(1.05786037377652,1.85989841420904,0.211835172760952));
#8185=CARTESIAN_POINT('Ctrl Pts',(1.12132001527684,1.86567648220398,0.224369236633011));
#8186=CARTESIAN_POINT('Ctrl Pts',(1.17606055397905,1.87331650709849,0.238521166158679));
#8187=CARTESIAN_POINT('Ctrl Pts',(1.27067652529206,1.89114053517081,0.269678666126216));
#8188=CARTESIAN_POINT('Ctrl Pts',(1.31055195790285,1.90132453834861,0.286684236568084));
#8189=CARTESIAN_POINT('Ctrl Pts',(1.41174024585533,1.93392261203319,0.341408273681458));
#8190=CARTESIAN_POINT('Ctrl Pts',(1.54036478224068,2.00730301600704,0.465685651059284));
#8191=CARTESIAN_POINT('Ctrl Pts',(1.54036478224068,2.1366991715142,0.827375727486096));
#8192=CARTESIAN_POINT('Ctrl Pts',(1.54036478224068,1.97291803695235,1.25000003989287));
#8193=CARTESIAN_POINT('Ctrl Pts',(1.54036478224068,1.97291803695235,1.87500005983931));
#8194=CARTESIAN_POINT('Ctrl Pts',(1.71761346916334,2.40728503074372,3.92004744731587));
#8195=CARTESIAN_POINT('Ctrl Pts',(1.80623781262467,2.62446852763941,4.94257114105415));
#8196=CARTESIAN_POINT('Ctrl Pts',(0.948995994664924,1.97237415253727,0.234524408290122));
#8197=CARTESIAN_POINT('Ctrl Pts',(1.00270162905717,1.97819078458108,0.245832372429935));
#8198=CARTESIAN_POINT('Ctrl Pts',(1.04738728127909,1.98748140556753,0.258811448093627));
#8199=CARTESIAN_POINT('Ctrl Pts',(1.12314856871855,2.00967054385209,0.288240488598062));
#8200=CARTESIAN_POINT('Ctrl Pts',(1.1544308786922,2.02233447139007,0.304470830400741));
#8201=CARTESIAN_POINT('Ctrl Pts',(1.23449408869536,2.06264677128943,0.357164253450642));
#8202=CARTESIAN_POINT('Ctrl Pts',(1.33816997941298,2.15110318630262,0.479192504877533));
#8203=CARTESIAN_POINT('Ctrl Pts',(1.33816997941298,2.29826645530964,0.840543543962475));
#8204=CARTESIAN_POINT('Ctrl Pts',(1.33816997941298,2.1118233697034,1.25000003989287));
#8205=CARTESIAN_POINT('Ctrl Pts',(1.33816997941298,2.1118233697034,1.87500005983931));
#8206=CARTESIAN_POINT('Ctrl Pts',(1.49215225326453,2.57293272544136,3.89814727309324));
#8207=CARTESIAN_POINT('Ctrl Pts',(1.56914339019031,2.80348740331033,4.90972087972021));
#8208=CARTESIAN_POINT('Ctrl Pts',(0.915782162347451,2.00445323819425,0.24157471832917));
#8209=CARTESIAN_POINT('Ctrl Pts',(0.963916015438334,2.01226739034924,0.252780735758266));
#8210=CARTESIAN_POINT('Ctrl Pts',(1.00440690825639,2.02159987373805,0.265410083260426));
#8211=CARTESIAN_POINT('Ctrl Pts',(1.07297703647829,2.04545373316672,0.294165807697833));
#8212=CARTESIAN_POINT('Ctrl Pts',(1.10108697573906,2.05915779751313,0.310051424025811));
#8213=CARTESIAN_POINT('Ctrl Pts',(1.17319923845467,2.1021512635418,0.362055986566416));
#8214=CARTESIAN_POINT('Ctrl Pts',(1.26855354361913,2.19566328755685,0.483455965874318));
#8215=CARTESIAN_POINT('Ctrl Pts',(1.26855354361913,2.34847757684349,0.844704219232097));
#8216=CARTESIAN_POINT('Ctrl Pts',(1.26855354361913,2.15481157217836,1.25000003989287));
#8217=CARTESIAN_POINT('Ctrl Pts',(1.26855354361913,2.15481157217836,1.87500005983931));
#8218=CARTESIAN_POINT('Ctrl Pts',(1.41452510340154,2.62419711175498,3.89136964184559));
#8219=CARTESIAN_POINT('Ctrl Pts',(1.48751088329275,2.85888988154329,4.89955443284873));
#8220=CARTESIAN_POINT('Ctrl Pts',(0.855503085818617,2.05778575527,0.254649801465916));
#8221=CARTESIAN_POINT('Ctrl Pts',(0.888253718999764,2.06967524496438,0.265499461116659));
#8222=CARTESIAN_POINT('Ctrl Pts',(0.917560019405356,2.08158891598116,0.277220015416927));
#8223=CARTESIAN_POINT('Ctrl Pts',(0.968391980740385,2.10963958477482,0.304406557601252));
#8224=CARTESIAN_POINT('Ctrl Pts',(0.989887798335832,2.12533437677368,0.319755503457233));
#8225=CARTESIAN_POINT('Ctrl Pts',(1.04610396344774,2.17396237238074,0.370572098411958));
#8226=CARTESIAN_POINT('Ctrl Pts',(1.12545114297383,2.27739284203683,0.491284317868528));
#8227=CARTESIAN_POINT('Ctrl Pts',(1.12545114297383,2.44069624656332,0.852355013851519));
#8228=CARTESIAN_POINT('Ctrl Pts',(1.12545114297383,2.23358403960011,1.25000003989287));
#8229=CARTESIAN_POINT('Ctrl Pts',(1.12545114297383,2.23358403960011,1.87500005983931));
#8230=CARTESIAN_POINT('Ctrl Pts',(1.2549560106439,2.71813502886464,3.87895017078343));
#8231=CARTESIAN_POINT('Ctrl Pts',(1.31970844447894,2.9604105234969,4.88092522625548));
#8232=CARTESIAN_POINT('Ctrl Pts',(0.828437841607257,2.07903918668878,0.260674574563613));
#8233=CARTESIAN_POINT('Ctrl Pts',(0.856583065559147,2.09239040067616,0.27183206547785));
#8234=CARTESIAN_POINT('Ctrl Pts',(0.874116579579588,2.10714242160916,0.282262667692131));
#8235=CARTESIAN_POINT('Ctrl Pts',(0.914536055873666,2.13747787591872,0.308387348328867));
#8236=CARTESIAN_POINT('Ctrl Pts',(0.932091247766965,2.15419743373015,0.323743919790196));
#8237=CARTESIAN_POINT('Ctrl Pts',(0.9803035386815,2.20626898896731,0.374196477141725));
#8238=CARTESIAN_POINT('Ctrl Pts',(1.05196517812238,2.31456229526258,0.494849208865954));
#8239=CARTESIAN_POINT('Ctrl Pts',(1.05196517812238,2.48270379474929,0.85584513320132));
#8240=CARTESIAN_POINT('Ctrl Pts',(1.05196517812239,2.26936830454691,1.25000003989287));
#8241=CARTESIAN_POINT('Ctrl Pts',(1.05196517812239,2.26936830454691,1.87500005983931));
#8242=CARTESIAN_POINT('Ctrl Pts',(1.17301406774924,2.76080855966068,3.87330833096891));
#8243=CARTESIAN_POINT('Ctrl Pts',(1.23353851256267,3.00652868721756,4.87246246653371));
#8244=CARTESIAN_POINT('Ctrl Pts',(0.799041063839163,2.10150362823987,0.267221344343806));
#8245=CARTESIAN_POINT('Ctrl Pts',(0.81507092624409,2.11672734324066,0.277470413071573));
#8246=CARTESIAN_POINT('Ctrl Pts',(0.829198781778862,2.13087362960748,0.287257496643754));
#8247=CARTESIAN_POINT('Ctrl Pts',(0.857184403964752,2.16209388586615,0.311590704334157));
#8248=CARTESIAN_POINT('Ctrl Pts',(0.871042170615869,2.17916785575801,0.326136828452379));
#8249=CARTESIAN_POINT('Ctrl Pts',(0.912210337243739,2.23478129072116,0.376913761626105));
#8250=CARTESIAN_POINT('Ctrl Pts',(0.976827852397959,2.34771438930413,0.497954353473319));
#8251=CARTESIAN_POINT('Ctrl Pts',(0.976827852397959,2.52015240931867,0.858893293520469));
#8252=CARTESIAN_POINT('Ctrl Pts',(0.976827852397959,2.30126220707427,1.25000003989287));
#8253=CARTESIAN_POINT('Ctrl Pts',(0.976827852397959,2.30126220707427,1.87500005983931));
#8254=CARTESIAN_POINT('Ctrl Pts',(1.08923074305296,2.79884274685806,3.86827985576098));
#8255=CARTESIAN_POINT('Ctrl Pts',(1.14543218838046,3.04763301674995,4.86491975372181));
#8256=CARTESIAN_POINT('Ctrl Pts',(-0.707742266984046,2.02669409817661,0.446927705321796));
#8257=CARTESIAN_POINT('Ctrl Pts',(-0.71489076957526,2.04139943243221,0.453672516514025));
#8258=CARTESIAN_POINT('Ctrl Pts',(-0.72625212940465,2.05331559402583,0.459996050642569));
#8259=CARTESIAN_POINT('Ctrl Pts',(-0.744693684510498,2.08047640241758,0.475540635840023));
#8260=CARTESIAN_POINT('Ctrl Pts',(-0.755459661573731,2.09491728393851,0.484831561001945));
#8261=CARTESIAN_POINT('Ctrl Pts',(-0.789896758870807,2.14236463184872,0.518488509384987));
#8262=CARTESIAN_POINT('Ctrl Pts',(-0.844821560984337,2.23232200953396,0.59749741681564));
#8263=CARTESIAN_POINT('Ctrl Pts',(-0.804913062017874,2.32823035895487,0.834594377176864));
#8264=CARTESIAN_POINT('Ctrl Pts',(-0.820750531964468,2.18573596179929,1.16794969853966));
#8265=CARTESIAN_POINT('Ctrl Pts',(-0.801523466174203,2.10696422740739,1.88251638173539));
#8266=CARTESIAN_POINT('Ctrl Pts',(-0.904197954565352,2.6446658066523,3.90255503054507));
#8267=CARTESIAN_POINT('Ctrl Pts',(-0.955535198760927,2.91351659627476,4.91257435494991));
#8268=CARTESIAN_POINT('Ctrl Pts',(-0.714492943692279,2.02174630029661,0.445600784289333));
#8269=CARTESIAN_POINT('Ctrl Pts',(-0.724423739354906,2.0360126129666,0.452437840907318));
#8270=CARTESIAN_POINT('Ctrl Pts',(-0.736571585530282,2.04807045890073,0.458868630449899));
#8271=CARTESIAN_POINT('Ctrl Pts',(-0.757866788423853,2.07501690719556,0.474670735676244));
#8272=CARTESIAN_POINT('Ctrl Pts',(-0.769471332999899,2.08936966603814,0.484088634088684));
#8273=CARTESIAN_POINT('Ctrl Pts',(-0.805491507833449,2.13609539423289,0.517711716862263));
#8274=CARTESIAN_POINT('Ctrl Pts',(-0.861941902607081,2.22519559183292,0.596783370379515));
#8275=CARTESIAN_POINT('Ctrl Pts',(-0.82177998693296,2.32057148844221,0.83444890262737));
#8276=CARTESIAN_POINT('Ctrl Pts',(-0.837654202758871,2.17874546311544,1.16901629084978));
#8277=CARTESIAN_POINT('Ctrl Pts',(-0.818041808892511,2.10035813254454,1.88205589096418));
#8278=CARTESIAN_POINT('Ctrl Pts',(-0.922855849882346,2.63660390785135,3.90345124779267));
#8279=CARTESIAN_POINT('Ctrl Pts',(-0.975262870377263,2.90472679550475,4.91414892620691));
#8280=CARTESIAN_POINT('Ctrl Pts',(-0.721243620400511,2.01679850241662,0.44427386325687));
#8281=CARTESIAN_POINT('Ctrl Pts',(-0.733956709134553,2.030625793501,0.451203165300611));
#8282=CARTESIAN_POINT('Ctrl Pts',(-0.746891041655915,2.04282532377562,0.457741210257228));
#8283=CARTESIAN_POINT('Ctrl Pts',(-0.771039892337209,2.06955741197354,0.473800835512465));
#8284=CARTESIAN_POINT('Ctrl Pts',(-0.783483004426067,2.08382204813777,0.483345707175422));
#8285=CARTESIAN_POINT('Ctrl Pts',(-0.82108625679609,2.12982615661706,0.516934924339539));
#8286=CARTESIAN_POINT('Ctrl Pts',(-0.879062244229825,2.21806917413188,0.59606932394339));
#8287=CARTESIAN_POINT('Ctrl Pts',(-0.838646911848046,2.31291261792954,0.834303428077875));
#8288=CARTESIAN_POINT('Ctrl Pts',(-0.854557873553274,2.17175496443159,1.1700828831599));
#8289=CARTESIAN_POINT('Ctrl Pts',(-0.834560151610819,2.0937520376817,1.88159540019296));
#8290=CARTESIAN_POINT('Ctrl Pts',(-0.94151374519934,2.6285420090504,3.90434746504026));
#8291=CARTESIAN_POINT('Ctrl Pts',(-0.9949905419936,2.89593699473474,4.91572349746392));
#8292=CARTESIAN_POINT('Ctrl Pts',(-0.727994297108744,2.01185070453662,0.442946942224407));
#8293=CARTESIAN_POINT('Ctrl Pts',(-0.7434896789142,2.0252389740354,0.449968489693904));
#8294=CARTESIAN_POINT('Ctrl Pts',(-0.757210497781547,2.03758018865051,0.456613790064557));
#8295=CARTESIAN_POINT('Ctrl Pts',(-0.784212996250565,2.06409791675152,0.472930935348685));
#8296=CARTESIAN_POINT('Ctrl Pts',(-0.797494675852236,2.0782744302374,0.48260278026216));
#8297=CARTESIAN_POINT('Ctrl Pts',(-0.836681005758732,2.12355691900123,0.516158131816815));
#8298=CARTESIAN_POINT('Ctrl Pts',(-0.896182585852569,2.21094275643085,0.595355277507264));
#8299=CARTESIAN_POINT('Ctrl Pts',(-0.855513836763132,2.30525374741687,0.834157953528382));
#8300=CARTESIAN_POINT('Ctrl Pts',(-0.871461544347677,2.16476446574775,1.17114947547002));
#8301=CARTESIAN_POINT('Ctrl Pts',(-0.851078494329128,2.08714594281885,1.88113490942174));
#8302=CARTESIAN_POINT('Ctrl Pts',(-0.960171640516334,2.62048011024944,3.90524368228786));
#8303=CARTESIAN_POINT('Ctrl Pts',(-1.01471821360994,2.88714719396474,4.91729806872092));
#8304=CARTESIAN_POINT('Ctrl Pts',(-0.756122116726382,1.99123488003664,0.437418104589145));
#8305=CARTESIAN_POINT('Ctrl Pts',(-0.783210386329394,2.00279389292871,0.444824007999292));
#8306=CARTESIAN_POINT('Ctrl Pts',(-0.800208231638349,2.01572545896257,0.45191620592843));
#8307=CARTESIAN_POINT('Ctrl Pts',(-0.839100929222879,2.04135001999309,0.469306351332938));
#8308=CARTESIAN_POINT('Ctrl Pts',(-0.855876640127936,2.05515935565254,0.479507251456902));
#8309=CARTESIAN_POINT('Ctrl Pts',(-0.901659126436405,2.09743509560194,0.512921496305464));
#8310=CARTESIAN_POINT('Ctrl Pts',(-0.967517342614003,2.18124934934319,0.592380084023409));
#8311=CARTESIAN_POINT('Ctrl Pts',(-0.925792690575991,2.27334178694742,0.833551809572156));
#8312=CARTESIAN_POINT('Ctrl Pts',(-0.941893505991024,2.13563738789839,1.17559361009553));
#8313=CARTESIAN_POINT('Ctrl Pts',(-0.919904922322079,2.059620547557,1.87921619787499));
#8314=CARTESIAN_POINT('Ctrl Pts',(-1.03791287100381,2.58688886524547,3.90897792081951));
#8315=CARTESIAN_POINT('Ctrl Pts',(-1.09691684534467,2.85052302408971,4.92385878229177));
#8316=CARTESIAN_POINT('Ctrl Pts',(-0.782031836648109,1.97163521946676,0.432270964917807));
#8317=CARTESIAN_POINT('Ctrl Pts',(-0.813483590415407,1.98191410595557,0.439436593762161));
#8318=CARTESIAN_POINT('Ctrl Pts',(-0.84159894363867,1.9919719381021,0.447142040399041));
#8319=CARTESIAN_POINT('Ctrl Pts',(-0.890292600007564,2.01540851568944,0.465150561998084));
#8320=CARTESIAN_POINT('Ctrl Pts',(-0.910818877295963,2.02836108547204,0.475353504711167));
#8321=CARTESIAN_POINT('Ctrl Pts',(-0.964001114797557,2.06759449875552,0.509103943793991));
#8322=CARTESIAN_POINT('Ctrl Pts',(-1.03677921234634,2.14756414106528,0.589171265733941));
#8323=CARTESIAN_POINT('Ctrl Pts',(-0.995242250119614,2.23746588244685,0.832845941625436));
#8324=CARTESIAN_POINT('Ctrl Pts',(-1.01088657190627,2.10271613932654,1.18057662559552));
#8325=CARTESIAN_POINT('Ctrl Pts',(-0.987303142181208,2.02858020108079,1.87704544720708));
#8326=CARTESIAN_POINT('Ctrl Pts',(-1.11408363234723,2.54899803660443,3.91318774436609));
#8327=CARTESIAN_POINT('Ctrl Pts',(-1.17747387743024,2.80920695436625,4.93125889294559));
#8328=CARTESIAN_POINT('Ctrl Pts',(-0.839274926056595,1.92174069775042,0.42063109541362));
#8329=CARTESIAN_POINT('Ctrl Pts',(-0.885216682947473,1.92820983935431,0.42785596226376));
#8330=CARTESIAN_POINT('Ctrl Pts',(-0.923799298973834,1.93580500436046,0.43608968753134));
#8331=CARTESIAN_POINT('Ctrl Pts',(-0.989053311622411,1.95533973655888,0.455135221582283));
#8332=CARTESIAN_POINT('Ctrl Pts',(-1.01571760434463,1.96650555038046,0.465752485399501));
#8333=CARTESIAN_POINT('Ctrl Pts',(-1.08359368001515,2.00084981179226,0.500615820276068));
#8334=CARTESIAN_POINT('Ctrl Pts',(-1.17087862137171,2.07292561440409,0.582388663728861));
#8335=CARTESIAN_POINT('Ctrl Pts',(-1.13169574755395,2.15845556559063,0.831299646861639));
#8336=CARTESIAN_POINT('Ctrl Pts',(-1.14545645979562,2.02989092569676,1.19133886215641));
#8337=CARTESIAN_POINT('Ctrl Pts',(-1.11871638107149,1.95997683016777,1.87233597629624));
#8338=CARTESIAN_POINT('Ctrl Pts',(-1.26267588829163,2.46522426313917,3.9225411575233));
#8339=CARTESIAN_POINT('Ctrl Pts',(-1.3346556419017,2.71784797962488,4.94764374813684));
#8340=CARTESIAN_POINT('Ctrl Pts',(-0.870608295543355,1.89144583660395,0.41413836558077));
#8341=CARTESIAN_POINT('Ctrl Pts',(-0.921681043967726,1.89603240691599,0.421393816355902));
#8342=CARTESIAN_POINT('Ctrl Pts',(-0.964204266133508,1.90366613840483,0.429936044193762));
#8343=CARTESIAN_POINT('Ctrl Pts',(-1.03607416577651,1.92169741707533,0.449519554732279));
#8344=CARTESIAN_POINT('Ctrl Pts',(-1.06564605728316,1.93190879415786,0.46040809762011));
#8345=CARTESIAN_POINT('Ctrl Pts',(-1.14084425687159,1.9639457216754,0.495945249269619));
#8346=CARTESIAN_POINT('Ctrl Pts',(-1.23571616066474,2.03197229602082,0.578814880013249));
#8347=CARTESIAN_POINT('Ctrl Pts',(-1.19869968544466,2.11532115323498,0.830459220044564));
#8348=CARTESIAN_POINT('Ctrl Pts',(-1.21103328176973,1.98998696063881,1.19711808321731));
#8349=CARTESIAN_POINT('Ctrl Pts',(-1.18273140010265,1.92241380573095,1.86979725605332));
#8350=CARTESIAN_POINT('Ctrl Pts',(-1.33509738289261,2.41934131831495,3.92768474713395));
#8351=CARTESIAN_POINT('Ctrl Pts',(-1.41128037428759,2.66780507460695,4.95662849267426));
#8352=CARTESIAN_POINT('Ctrl Pts',(-0.972743878351181,1.78451845229966,0.392641790839953));
#8353=CARTESIAN_POINT('Ctrl Pts',(-1.03259478584576,1.78919711631719,0.401022041139371));
#8354=CARTESIAN_POINT('Ctrl Pts',(-1.08420395089185,1.79536504883802,0.410568939028316));
#8355=CARTESIAN_POINT('Ctrl Pts',(-1.17325302865434,1.80961272055491,0.431758590827744));
#8356=CARTESIAN_POINT('Ctrl Pts',(-1.21069294137074,1.81769245975096,0.443401344738227));
#8357=CARTESIAN_POINT('Ctrl Pts',(-1.30523014987635,1.84319929185488,0.481117231765712));
#8358=CARTESIAN_POINT('Ctrl Pts',(-1.42317444831326,1.89928341412575,0.56769950700482));
#8359=CARTESIAN_POINT('Ctrl Pts',(-1.39486251696578,1.97603422469614,0.827833434953761));
#8360=CARTESIAN_POINT('Ctrl Pts',(-1.40183170305298,1.86070942817418,1.21522772045924));
#8361=CARTESIAN_POINT('Ctrl Pts',(-1.36891147911367,1.80070155218167,1.86183330396307));
#8362=CARTESIAN_POINT('Ctrl Pts',(-1.54582547390039,2.27061488620392,3.94449005911334));
#8363=CARTESIAN_POINT('Ctrl Pts',(-1.63428247129375,2.50557155321505,4.98581843668848));
#8364=CARTESIAN_POINT('Ctrl Pts',(-1.18126645019019,1.52266167675475,0.347076129535998));
#8365=CARTESIAN_POINT('Ctrl Pts',(-1.25491120988364,1.52672211755086,0.35706115327216));
#8366=CARTESIAN_POINT('Ctrl Pts',(-1.31934245352583,1.53122490290478,0.368210028086578));
#8367=CARTESIAN_POINT('Ctrl Pts',(-1.43207595607207,1.54081237523501,0.392580809600581));
#8368=CARTESIAN_POINT('Ctrl Pts',(-1.48037821497612,1.54589706221133,0.405802716300166));
#8369=CARTESIAN_POINT('Ctrl Pts',(-1.6045385856276,1.56156979433404,0.448195978819658));
#8370=CARTESIAN_POINT('Ctrl Pts',(-1.76987370268794,1.59458994335454,0.543892673541587));
#8371=CARTESIAN_POINT('Ctrl Pts',(-1.76779225140396,1.65792560173091,0.822163846213851));
#8372=CARTESIAN_POINT('Ctrl Pts',(-1.75970036706316,1.56389181408168,1.25453489118009));
#8373=CARTESIAN_POINT('Ctrl Pts',(-1.7178117248059,1.52118432412785,1.84451423433663));
#8374=CARTESIAN_POINT('Ctrl Pts',(-1.94113608473529,1.92885163142841,3.98359885566197));
#8375=CARTESIAN_POINT('Ctrl Pts',(-2.05279826469999,2.13268528507868,5.05314116632465));
#8376=CARTESIAN_POINT('Ctrl Pts',(-1.53498735543971,0.639265669939782,0.255693238429653));
#8377=CARTESIAN_POINT('Ctrl Pts',(-1.63229710717389,0.640840239215055,0.267592842701604));
#8378=CARTESIAN_POINT('Ctrl Pts',(-1.71848337316289,0.642619982942936,0.28077076148251));
#8379=CARTESIAN_POINT('Ctrl Pts',(-1.87121862018507,0.646456397574627,0.309434145066748));
#8380=CARTESIAN_POINT('Ctrl Pts',(-1.93776760121826,0.648513068478437,0.324919609870079));
#8381=CARTESIAN_POINT('Ctrl Pts',(-2.11187314668588,0.654898339359829,0.374463698820485));
#8382=CARTESIAN_POINT('Ctrl Pts',(-2.35791864709344,0.668529913802461,0.48590265488294));
#8383=CARTESIAN_POINT('Ctrl Pts',(-2.43607934991856,0.695156724334029,0.811459361206103));
#8384=CARTESIAN_POINT('Ctrl Pts',(-2.38339999112585,0.65435203360318,1.3442161767229));
#8385=CARTESIAN_POINT('Ctrl Pts',(-2.32344300871158,0.65893526730032,1.80579804181018));
#8386=CARTESIAN_POINT('Ctrl Pts',(-2.62940892158819,0.87222359471725,4.11187798927991));
#8387=CARTESIAN_POINT('Ctrl Pts',(-2.78239187802649,0.978867758425716,5.26491796301477));
#8388=CARTESIAN_POINT('Ctrl Pts',(-1.55981948629853,-0.635119406337025,
0.207940446878623));
#8389=CARTESIAN_POINT('Ctrl Pts',(-1.66566271534956,-0.628570920549495,
0.218156461207543));
#8390=CARTESIAN_POINT('Ctrl Pts',(-1.75855334381191,-0.623388999395207,
0.230528597357211));
#8391=CARTESIAN_POINT('Ctrl Pts',(-1.92160956649087,-0.615345284543986,
0.259010712356295));
#8392=CARTESIAN_POINT('Ctrl Pts',(-1.99177516070747,-0.612483490847054,
0.275120691205711));
#8393=CARTESIAN_POINT('Ctrl Pts',(-2.17295464238607,-0.606758798228607,
0.32819579039096));
#8394=CARTESIAN_POINT('Ctrl Pts',(-2.41804440185842,-0.606752166881108,
0.453326639309457));
#8395=CARTESIAN_POINT('Ctrl Pts',(-2.43617010235493,-0.6521438189962,0.829913494848455));
#8396=CARTESIAN_POINT('Ctrl Pts',(-2.40640007326682,-0.648482811521438,
1.33393904994846));
#8397=CARTESIAN_POINT('Ctrl Pts',(-2.33680654343507,-0.611814467890277,
1.81769090989211));
#8398=CARTESIAN_POINT('Ctrl Pts',(-2.64728012083351,-0.694656124853175,
4.33642879057052));
#8399=CARTESIAN_POINT('Ctrl Pts',(-2.80251690953272,-0.736076953334625,
5.59579773090973));
#8400=CARTESIAN_POINT('Ctrl Pts',(-1.12740994352231,-1.66684676448605,-0.33394812811065));
#8401=CARTESIAN_POINT('Ctrl Pts',(-1.20218497975398,-1.66280121258362,-0.328920940630832));
#8402=CARTESIAN_POINT('Ctrl Pts',(-1.26836360424601,-1.65891286285297,-0.322924734746304));
#8403=CARTESIAN_POINT('Ctrl Pts',(-1.38555932163535,-1.65156191650757,-0.308543452376831));
#8404=CARTESIAN_POINT('Ctrl Pts',(-1.43657641453265,-1.64809931989282,-0.300158375891887));
#8405=CARTESIAN_POINT('Ctrl Pts',(-1.56993233365928,-1.63851718288096,-0.270743589849933));
#8406=CARTESIAN_POINT('Ctrl Pts',(-1.75786273365139,-1.62257552018681,-0.194875791417539));
#8407=CARTESIAN_POINT('Ctrl Pts',(-1.81552545077254,-1.61728988341814,0.139286694474591));
#8408=CARTESIAN_POINT('Ctrl Pts',(-1.78480215258807,-1.75436231643264,1.28202653080859));
#8409=CARTESIAN_POINT('Ctrl Pts',(-1.74010995169247,-1.49311413100785,1.76049274003238));
#8410=CARTESIAN_POINT('Ctrl Pts',(-1.97754370172091,-1.77258139649552,4.47328304687103));
#8411=CARTESIAN_POINT('Ctrl Pts',(-2.09626057673513,-1.91231502923936,5.82967820029035));
#8412=CARTESIAN_POINT('Ctrl Pts',(-0.926223314657288,-1.96091097280515,
-0.541693865268775));
#8413=CARTESIAN_POINT('Ctrl Pts',(-0.984018071526327,-1.95824883675719,
-0.538657402321377));
#8414=CARTESIAN_POINT('Ctrl Pts',(-1.03437512833949,-1.95677690808437,-0.535981428508515));
#8415=CARTESIAN_POINT('Ctrl Pts',(-1.12246541858152,-1.95538323056725,-0.529862372785458));
#8416=CARTESIAN_POINT('Ctrl Pts',(-1.16019865201039,-1.95546148172295,-0.526419290875264));
#8417=CARTESIAN_POINT('Ctrl Pts',(-1.25783998231182,-1.95677615255014,-0.512707253449085));
#8418=CARTESIAN_POINT('Ctrl Pts',(-1.39088916297386,-1.96372516364498,-0.471752011814338));
#8419=CARTESIAN_POINT('Ctrl Pts',(-1.45483533670798,-1.94043747552034,-0.156472359078926));
#8420=CARTESIAN_POINT('Ctrl Pts',(-1.4273322359071,-2.13715396672353,1.25933958659207));
#8421=CARTESIAN_POINT('Ctrl Pts',(-1.39431039113026,-1.78253606424231,1.73454514155372));
#8422=CARTESIAN_POINT('Ctrl Pts',(-1.58712300635246,-2.12543363371906,4.51609007311326));
#8423=CARTESIAN_POINT('Ctrl Pts',(-1.68352931396356,-2.29688241845744,5.90686253889303));
#8424=CARTESIAN_POINT('Ctrl Pts',(-0.831033703358396,-2.07843818178316,
-0.630012264258826));
#8425=CARTESIAN_POINT('Ctrl Pts',(-0.879049716499571,-2.07644533609931,
-0.627860917750753));
#8426=CARTESIAN_POINT('Ctrl Pts',(-0.919357236259594,-2.0773816747172,-0.627614097704757));
#8427=CARTESIAN_POINT('Ctrl Pts',(-0.988634521492961,-2.08127676299302,
-0.627367873802893));
#8428=CARTESIAN_POINT('Ctrl Pts',(-1.01773827379653,-2.08413777877135,-0.627101872232342));
#8429=CARTESIAN_POINT('Ctrl Pts',(-1.09367316423203,-2.0934222822336,-0.622868386435616));
#8430=CARTESIAN_POINT('Ctrl Pts',(-1.19912115840979,-2.11253575958608,-0.598892873514399));
#8431=CARTESIAN_POINT('Ctrl Pts',(-1.26189975061418,-2.08320648253378,-0.29167495335917));
#8432=CARTESIAN_POINT('Ctrl Pts',(-1.23728891476467,-2.30636956078287,1.24865286321631));
#8433=CARTESIAN_POINT('Ctrl Pts',(-1.20975659990649,-1.9092955208908,1.72242003999097));
#8434=CARTESIAN_POINT('Ctrl Pts',(-1.37830377470341,-2.27981464829971,4.53459716702753));
#8435=CARTESIAN_POINT('Ctrl Pts',(-1.46257736210187,-2.46507421200416,5.94068573054581));
#8436=CARTESIAN_POINT('Ctrl Pts',(-0.802189155181895,-2.11135951347012,
-0.655386699220973));
#8437=CARTESIAN_POINT('Ctrl Pts',(-0.844968049159746,-2.11176245810967,
-0.655147543128749));
#8438=CARTESIAN_POINT('Ctrl Pts',(-0.881347329878525,-2.11286205426433,
-0.655675707822693));
#8439=CARTESIAN_POINT('Ctrl Pts',(-0.943643564869835,-2.1189050863676,-0.657677380944225));
#8440=CARTESIAN_POINT('Ctrl Pts',(-0.969615924965823,-2.12305085998313,
-0.658735304744555));
#8441=CARTESIAN_POINT('Ctrl Pts',(-1.03759745113776,-2.13522376626956,-0.657785314295618));
#8442=CARTESIAN_POINT('Ctrl Pts',(-1.13381828701755,-2.15851192060178,-0.639390285998029));
#8443=CARTESIAN_POINT('Ctrl Pts',(-1.19548946707266,-2.12766202003198,-0.334629662703165));
#8444=CARTESIAN_POINT('Ctrl Pts',(-1.17205641391687,-2.35907805362163,1.24520008021314));
#8445=CARTESIAN_POINT('Ctrl Pts',(-1.14629633434146,-1.94855675477884,1.71851978908282));
#8446=CARTESIAN_POINT('Ctrl Pts',(-1.30642921682625,-2.32760080248807,4.54028346179782));
#8447=CARTESIAN_POINT('Ctrl Pts',(-1.38649565806865,-2.51712282634269,5.95116529815532));
#8448=CARTESIAN_POINT('Ctrl Pts',(-0.750270703341817,-2.16469336756593,
-0.698005506409526));
#8449=CARTESIAN_POINT('Ctrl Pts',(-0.779180880294943,-2.17008911134309,
-0.702137410769216));
#8450=CARTESIAN_POINT('Ctrl Pts',(-0.805259944600144,-2.17473133937629,
-0.706020008340769));
#8451=CARTESIAN_POINT('Ctrl Pts',(-0.850952548648154,-2.18634411089286,
-0.713468943522156));
#8452=CARTESIAN_POINT('Ctrl Pts',(-0.870564274192815,-2.19284011216689,
-0.716955000844861));
#8453=CARTESIAN_POINT('Ctrl Pts',(-0.92287609871942,-2.21102736774318,-0.722617838448501));
#8454=CARTESIAN_POINT('Ctrl Pts',(-1.00140633934313,-2.24219888591264,-0.714762176197879));
#8455=CARTESIAN_POINT('Ctrl Pts',(-1.05900417848943,-2.20968421260698,-0.414206833501021));
#8456=CARTESIAN_POINT('Ctrl Pts',(-1.03846697548192,-2.45593705456045,1.23863507528772));
#8457=CARTESIAN_POINT('Ctrl Pts',(-1.01605081023492,-2.02055563208133,1.71118347213564));
#8458=CARTESIAN_POINT('Ctrl Pts',(-1.15874762579683,-2.41518155152528,4.5506479750096));
#8459=CARTESIAN_POINT('Ctrl Pts',(-1.23009603357779,-2.61249451124725,5.97038022644657));
#8460=CARTESIAN_POINT('Ctrl Pts',(-0.727196799678239,-2.18510588997478,
-0.715249878635932));
#8461=CARTESIAN_POINT('Ctrl Pts',(-0.751996432229936,-2.19190036055526,
-0.72079129757658));
#8462=CARTESIAN_POINT('Ctrl Pts',(-0.767554626774586,-2.20083806947899,
-0.728359423145555));
#8463=CARTESIAN_POINT('Ctrl Pts',(-0.803714207648251,-2.21571517392158,
-0.738800349027096));
#8464=CARTESIAN_POINT('Ctrl Pts',(-0.819704284070147,-2.22328723433143,
-0.74301880671063));
#8465=CARTESIAN_POINT('Ctrl Pts',(-0.864230459395346,-2.24502948518084,
-0.75253343474138));
#8466=CARTESIAN_POINT('Ctrl Pts',(-0.934297263060947,-2.2799096902078,-0.7496366539141));
#8467=CARTESIAN_POINT('Ctrl Pts',(-0.988929173447722,-2.24725086768378,
-0.450829294954882));
#8468=CARTESIAN_POINT('Ctrl Pts',(-0.970110037894779,-2.50008756266051,
1.23552285336547));
#8469=CARTESIAN_POINT('Ctrl Pts',(-0.949265551693421,-2.05329327549576,
1.70774740609662));
#8470=CARTESIAN_POINT('Ctrl Pts',(-1.08294059264457,-2.45497614637412,4.55532619345109));
#8471=CARTESIAN_POINT('Ctrl Pts',(-1.14977811312014,-2.6558175818133,5.97911558712832));
#8472=CARTESIAN_POINT('Ctrl Pts',(-0.702115983406221,-2.20638655315364,
-0.733077278675661));
#8473=CARTESIAN_POINT('Ctrl Pts',(-0.716363558875554,-2.21606425150485,
-0.741082008876944));
#8474=CARTESIAN_POINT('Ctrl Pts',(-0.728879024743867,-2.22470405259074,
-0.748402460471691));
#8475=CARTESIAN_POINT('Ctrl Pts',(-0.753970958678759,-2.24174313211217,
-0.761031975850284));
#8476=CARTESIAN_POINT('Ctrl Pts',(-0.766547426745338,-2.2501424105477,-0.766341039634129));
#8477=CARTESIAN_POINT('Ctrl Pts',(-0.804368334242476,-2.27497946187874,
-0.77925114926931));
#8478=CARTESIAN_POINT('Ctrl Pts',(-0.866762185093035,-2.31298250874708,
-0.780771071612633));
#8479=CARTESIAN_POINT('Ctrl Pts',(-0.91728786841608,-2.28106277184544,-0.48323233060136));
#8480=CARTESIAN_POINT('Ctrl Pts',(-0.900513390701948,-2.5393767912029,1.23264173440205));
#8481=CARTESIAN_POINT('Ctrl Pts',(-0.881097635332569,-2.08249924676472,
1.70463407531396));
#8482=CARTESIAN_POINT('Ctrl Pts',(-1.00546923154467,-2.49045336588863,4.55947907209826));
#8483=CARTESIAN_POINT('Ctrl Pts',(-1.06765502965072,-2.69443042545058,5.98690157049041));
#8484=CARTESIAN_POINT('Ctrl Pts',(-0.696096587500936,-2.21149391231656,
-0.737355854685196));
#8485=CARTESIAN_POINT('Ctrl Pts',(-0.707811669270502,-2.22186358533275,
-0.745951779589031));
#8486=CARTESIAN_POINT('Ctrl Pts',(-0.719596880256494,-2.23043188853757,
-0.753212789429964));
#8487=CARTESIAN_POINT('Ctrl Pts',(-0.742032578926081,-2.24798984207791,
-0.766367566287849));
#8488=CARTESIAN_POINT('Ctrl Pts',(-0.753789780987384,-2.2565876528396,-0.771938375535768));
#8489=CARTESIAN_POINT('Ctrl Pts',(-0.790001424205787,-2.28216745628623,
-0.785663400756013));
#8490=CARTESIAN_POINT('Ctrl Pts',(-0.850553766380736,-2.3209199851965,-0.788243331860281));
#8491=CARTESIAN_POINT('Ctrl Pts',(-0.900093955208486,-2.28917762884424,
-0.491009059156515));
#8492=CARTESIAN_POINT('Ctrl Pts',(-0.883810195375669,-2.54880620605307,
1.23195026585083));
#8493=CARTESIAN_POINT('Ctrl Pts',(-0.864737335405965,-2.08950867986927,
1.70388687592613));
#8494=CARTESIAN_POINT('Ctrl Pts',(-0.986876104880693,-2.49896789857211,
4.56047576297358));
#8495=CARTESIAN_POINT('Ctrl Pts',(-1.04794548961806,-2.70369750792353,5.98877020649731));
#8496=CARTESIAN_POINT('Ctrl Pts',(-0.690077191595652,-2.21660127147949,
-0.741634430694731));
#8497=CARTESIAN_POINT('Ctrl Pts',(-0.699259779665451,-2.22766291916066,
-0.750821550301118));
#8498=CARTESIAN_POINT('Ctrl Pts',(-0.710314735769122,-2.23615972448439,
-0.758023118388237));
#8499=CARTESIAN_POINT('Ctrl Pts',(-0.730094199173403,-2.25423655204365,
-0.771703156725414));
#8500=CARTESIAN_POINT('Ctrl Pts',(-0.74103213522943,-2.2630328951315,-0.777535711437408));
#8501=CARTESIAN_POINT('Ctrl Pts',(-0.775634514169098,-2.28935545069372,
-0.792075652242716));
#8502=CARTESIAN_POINT('Ctrl Pts',(-0.834345347668438,-2.32885746164593,
-0.795715592107929));
#8503=CARTESIAN_POINT('Ctrl Pts',(-0.882900042000892,-2.29729248584304,
-0.49878578771167));
#8504=CARTESIAN_POINT('Ctrl Pts',(-0.86710700004939,-2.55823562090324,1.23125879729961));
#8505=CARTESIAN_POINT('Ctrl Pts',(-0.84837703547936,-2.09651811297381,1.70313967653829));
#8506=CARTESIAN_POINT('Ctrl Pts',(-0.968282978216717,-2.50748243125559,
4.5614724538489));
#8507=CARTESIAN_POINT('Ctrl Pts',(-1.02823594958539,-2.71296459039648,5.99063884250421));
#8508=CARTESIAN_POINT('Ctrl Pts',(-0.684057795690368,-2.22170863064241,
-0.745913006704267));
#8509=CARTESIAN_POINT('Ctrl Pts',(-0.690707890060399,-2.23346225298856,
-0.755691321013205));
#8510=CARTESIAN_POINT('Ctrl Pts',(-0.701032591281749,-2.24188756043121,
-0.762833447346509));
#8511=CARTESIAN_POINT('Ctrl Pts',(-0.718155819420725,-2.26048326200939,
-0.777038747162979));
#8512=CARTESIAN_POINT('Ctrl Pts',(-0.728274489471476,-2.26947813742341,
-0.783133047339048));
#8513=CARTESIAN_POINT('Ctrl Pts',(-0.76126760413241,-2.29654344510122,-0.79848790372942));
#8514=CARTESIAN_POINT('Ctrl Pts',(-0.818136928956139,-2.33679493809536,
-0.803187852355577));
#8515=CARTESIAN_POINT('Ctrl Pts',(-0.865706128793299,-2.30540734284184,
-0.506562516266825));
#8516=CARTESIAN_POINT('Ctrl Pts',(-0.85040380472311,-2.56766503575341,1.23056732874839));
#8517=CARTESIAN_POINT('Ctrl Pts',(-0.832016735552756,-2.10352754607836,
1.70239247715045));
#8518=CARTESIAN_POINT('Ctrl Pts',(-0.949689851552741,-2.51599696393908,
4.56246914472422));
#8519=CARTESIAN_POINT('Ctrl Pts',(-1.00852640955273,-2.72223167286943,5.99250747851111));
#8520=CARTESIAN_POINT('Ctrl Pts',(-0.727994297108744,2.01185070453662,0.442946942224407));
#8521=CARTESIAN_POINT('Ctrl Pts',(-0.756122116726382,1.99123488003664,0.437418104589145));
#8522=CARTESIAN_POINT('Ctrl Pts',(-0.782031836648109,1.97163521946676,0.432270964917807));
#8523=CARTESIAN_POINT('Ctrl Pts',(-0.839274926056595,1.92174069775042,0.42063109541362));
#8524=CARTESIAN_POINT('Ctrl Pts',(-0.870608295543355,1.89144583660395,0.41413836558077));
#8525=CARTESIAN_POINT('Ctrl Pts',(-0.972743878351181,1.78451845229966,0.392641790839953));
#8526=CARTESIAN_POINT('Ctrl Pts',(-1.18126645019019,1.52266167675475,0.347076129535998));
#8527=CARTESIAN_POINT('Ctrl Pts',(-1.53498735543971,0.639265669939782,0.255693238429653));
#8528=CARTESIAN_POINT('Ctrl Pts',(-1.55981948629853,-0.635119406337025,
0.207940446878623));
#8529=CARTESIAN_POINT('Ctrl Pts',(-1.12740994352231,-1.66684676448605,-0.33394812811065));
#8530=CARTESIAN_POINT('Ctrl Pts',(-0.926223314657288,-1.96091097280515,
-0.541693865268775));
#8531=CARTESIAN_POINT('Ctrl Pts',(-0.831033703358396,-2.07843818178316,
-0.630012264258826));
#8532=CARTESIAN_POINT('Ctrl Pts',(-0.802189155181895,-2.11135951347012,
-0.655386699220973));
#8533=CARTESIAN_POINT('Ctrl Pts',(-0.750270703341817,-2.16469336756593,
-0.698005506409526));
#8534=CARTESIAN_POINT('Ctrl Pts',(-0.727196799678239,-2.18510588997478,
-0.715249878635932));
#8535=CARTESIAN_POINT('Ctrl Pts',(-0.702115983406221,-2.20638655315364,
-0.733077278675661));
#8536=CARTESIAN_POINT('Ctrl Pts',(0.659271636402115,-2.20797341313062,-0.733615248144905));
#8537=CARTESIAN_POINT('Ctrl Pts',(0.688741599673399,-2.18884461440235,-0.715066614712218));
#8538=CARTESIAN_POINT('Ctrl Pts',(0.716110405250753,-2.17050918390374,-0.697158627068817));
#8539=CARTESIAN_POINT('Ctrl Pts',(0.778660752164165,-2.12292738670468,-0.652827457018663));
#8540=CARTESIAN_POINT('Ctrl Pts',(0.813842293500224,-2.09368102000424,-0.626404274611909));
#8541=CARTESIAN_POINT('Ctrl Pts',(0.931106021146458,-1.98957551560013,-0.534361935246614));
#8542=CARTESIAN_POINT('Ctrl Pts',(1.18406543634588,-1.730623162451,-0.317288233189011));
#8543=CARTESIAN_POINT('Ctrl Pts',(1.73954108876089,-0.834935055158652,0.260240208670035));
#8544=CARTESIAN_POINT('Ctrl Pts',(1.50483813073412,0.631311261168851,0.214373343671987));
#8545=CARTESIAN_POINT('Ctrl Pts',(1.17421787518377,1.51027938732999,0.327867611342599));
#8546=CARTESIAN_POINT('Ctrl Pts',(0.984539432817892,1.76927562780201,0.382267003222443));
#8547=CARTESIAN_POINT('Ctrl Pts',(0.890953652152375,1.87521288438599,0.407376035482852));
#8548=CARTESIAN_POINT('Ctrl Pts',(0.862127555401802,1.90526537450686,0.414881478622355));
#8549=CARTESIAN_POINT('Ctrl Pts',(0.809213688843184,1.95485049726767,0.428163896340092));
#8550=CARTESIAN_POINT('Ctrl Pts',(0.785125919035142,1.97438312990761,0.433940870918327));
#8551=CARTESIAN_POINT('Ctrl Pts',(0.75882613465659,1.99498418109402,0.440088471899081));
#8552=CARTESIAN_POINT('Ctrl Pts',(0.61792520182358,-2.21908674315933,-0.743263446095683));
#8553=CARTESIAN_POINT('Ctrl Pts',(0.644352176120828,-2.19790078138826,-0.722599686144637));
#8554=CARTESIAN_POINT('Ctrl Pts',(0.67245099654098,-2.17841649556283,-0.703506077069832));
#8555=CARTESIAN_POINT('Ctrl Pts',(0.732777941849835,-2.12696901237679,-0.655650529970574));
#8556=CARTESIAN_POINT('Ctrl Pts',(0.766926178449336,-2.09580392694083,-0.627788593081154));
#8557=CARTESIAN_POINT('Ctrl Pts',(0.875310591233489,-1.9916075219946,-0.536630424504177));
#8558=CARTESIAN_POINT('Ctrl Pts',(1.11345238024273,-1.73199983388447,-0.321672947776179));
#8559=CARTESIAN_POINT('Ctrl Pts',(1.64242827968993,-0.833987587696936,0.250519684354253));
#8560=CARTESIAN_POINT('Ctrl Pts',(1.40846733439218,0.630797819335539,0.205965638044435));
#8561=CARTESIAN_POINT('Ctrl Pts',(1.10077998230897,1.50724504837832,0.319609437270495));
#8562=CARTESIAN_POINT('Ctrl Pts',(0.925015713853582,1.76581771190577,0.374767555653079));
#8563=CARTESIAN_POINT('Ctrl Pts',(0.840248343329561,1.87184843837935,0.400642962420894));
#8564=CARTESIAN_POINT('Ctrl Pts',(0.812938867144869,1.90394476257158,0.408933347684434));
#8565=CARTESIAN_POINT('Ctrl Pts',(0.763385636289497,1.95828565642554,0.424519491284023));
#8566=CARTESIAN_POINT('Ctrl Pts',(0.738713171383645,1.97922293213278,0.430999419793219));
#8567=CARTESIAN_POINT('Ctrl Pts',(0.71641345193502,2.00306033624654,0.43903178744399));
#8568=CARTESIAN_POINT('Ctrl Pts',(0.578413112853439,-2.22922067020075,-0.752016406747418));
#8569=CARTESIAN_POINT('Ctrl Pts',(0.601375181333526,-2.2085902915996,-0.731837120580121));
#8570=CARTESIAN_POINT('Ctrl Pts',(0.625083178151713,-2.1856765522533,-0.709704051784969));
#8571=CARTESIAN_POINT('Ctrl Pts',(0.680534355315839,-2.13141826171172,-0.659511795595207));
#8572=CARTESIAN_POINT('Ctrl Pts',(0.711846837590927,-2.10020386040361,-0.631484831390827));
#8573=CARTESIAN_POINT('Ctrl Pts',(0.811507639675788,-1.99417026742192,-0.539776515843155));
#8574=CARTESIAN_POINT('Ctrl Pts',(1.03372266488389,-1.73254152522917,-0.325850193009682));
#8575=CARTESIAN_POINT('Ctrl Pts',(1.53127156753279,-0.830973428311251,0.241135105548311));
#8576=CARTESIAN_POINT('Ctrl Pts',(1.30085568288103,0.630340204438192,0.198818031645365));
#8577=CARTESIAN_POINT('Ctrl Pts',(1.01810271503059,1.50465521233732,0.312467811846169));
#8578=CARTESIAN_POINT('Ctrl Pts',(0.857334118785819,1.76386762223289,0.368428666762519));
#8579=CARTESIAN_POINT('Ctrl Pts',(0.78155666968714,1.87159907773769,0.395307180420611));
#8580=CARTESIAN_POINT('Ctrl Pts',(0.757065328158198,1.90386377133213,0.404083032673294));
#8581=CARTESIAN_POINT('Ctrl Pts',(0.713279043068301,1.96152421672419,0.421275226219526));
#8582=CARTESIAN_POINT('Ctrl Pts',(0.694408948786436,1.98672317562875,0.429617466750342));
#8583=CARTESIAN_POINT('Ctrl Pts',(0.675595555703038,2.01043414060386,0.438054881186564));
#8584=CARTESIAN_POINT('Ctrl Pts',(0.484667248169441,-2.24873144231966,-0.768752519199514));
#8585=CARTESIAN_POINT('Ctrl Pts',(0.499263559977936,-2.22676938991923,-0.747254373881297));
#8586=CARTESIAN_POINT('Ctrl Pts',(0.517347205558078,-2.2013442271616,-0.72306314557349));
#8587=CARTESIAN_POINT('Ctrl Pts',(0.562501385944811,-2.14268923121016,-0.669525412751474));
#8588=CARTESIAN_POINT('Ctrl Pts',(0.588495228268016,-2.1097580836369,-0.640439651710897));
#8589=CARTESIAN_POINT('Ctrl Pts',(0.671907951555745,-1.99936824632121,-0.546744019326435));
#8590=CARTESIAN_POINT('Ctrl Pts',(0.860458183403648,-1.73220299330618,-0.333599357506599));
#8591=CARTESIAN_POINT('Ctrl Pts',(1.28761946296484,-0.82167003983125,0.223492883033832));
#8592=CARTESIAN_POINT('Ctrl Pts',(1.06874175474892,0.629573965394587,0.187047571124311));
#8593=CARTESIAN_POINT('Ctrl Pts',(0.838882654280354,1.50036400648842,0.300429483900691));
#8594=CARTESIAN_POINT('Ctrl Pts',(0.709692698625708,1.76198844478515,0.35790240654932));
#8595=CARTESIAN_POINT('Ctrl Pts',(0.650438281621903,1.87358846498145,0.386769940805024));
#8596=CARTESIAN_POINT('Ctrl Pts',(0.631576902757888,1.90758643855488,0.396414297712157));
#8597=CARTESIAN_POINT('Ctrl Pts',(0.599250028578431,1.97026397815021,0.416053975731359));
#8598=CARTESIAN_POINT('Ctrl Pts',(0.586862639012177,1.99858438134419,0.425925157829899));
#8599=CARTESIAN_POINT('Ctrl Pts',(0.577269402593871,2.02479272755821,0.4361738855768));
#8600=CARTESIAN_POINT('Ctrl Pts',(0.430433472455583,-2.25810828739715,-0.776735670999875));
#8601=CARTESIAN_POINT('Ctrl Pts',(0.441142659987375,-2.23546116045154,-0.754686317264067));
#8602=CARTESIAN_POINT('Ctrl Pts',(0.457465141268849,-2.20940178501477,-0.73005917020803));
#8603=CARTESIAN_POINT('Ctrl Pts',(0.49784111928228,-2.14879994472271,-0.6751892687788));
#8604=CARTESIAN_POINT('Ctrl Pts',(0.521061756062048,-2.11477733719034,-0.645417254845513));
#8605=CARTESIAN_POINT('Ctrl Pts',(0.596111214993403,-2.00200347979317,-0.550565431470738));
#8606=CARTESIAN_POINT('Ctrl Pts',(0.766923417282245,-1.73132277003849,-0.337171276770013));
#8607=CARTESIAN_POINT('Ctrl Pts',(1.15512407055405,-0.815380810736932,0.215235239325296));
#8608=CARTESIAN_POINT('Ctrl Pts',(0.944239478127948,0.62926534124833,0.182424717002325));
#8609=CARTESIAN_POINT('Ctrl Pts',(0.742339860808505,1.49866263668053,0.295532781379539));
#8610=CARTESIAN_POINT('Ctrl Pts',(0.629732873533361,1.76205935701027,0.353715035226682));
#8611=CARTESIAN_POINT('Ctrl Pts',(0.578879971189629,1.87570231243507,0.383501913897822));
#8612=CARTESIAN_POINT('Ctrl Pts',(0.562978200284109,1.91072732401012,0.393541872195484));
#8613=CARTESIAN_POINT('Ctrl Pts',(0.535732535202634,1.97542210268776,0.414059717497785));
#8614=CARTESIAN_POINT('Ctrl Pts',(0.525173044170984,2.00465231639401,0.424497646198583));
#8615=CARTESIAN_POINT('Ctrl Pts',(0.519761145716687,2.03177751015524,0.435269796224461));
#8616=CARTESIAN_POINT('Ctrl Pts',(0.245649615198437,-2.28510319968369,-0.799530413123893));
#8617=CARTESIAN_POINT('Ctrl Pts',(0.25410794029635,-2.25959967117196,-0.775333485638888));
#8618=CARTESIAN_POINT('Ctrl Pts',(0.265299441192239,-2.23038657292995,-0.748467861776755));
#8619=CARTESIAN_POINT('Ctrl Pts',(0.291746604990643,-2.16474759326788,-0.690504441094994));
#8620=CARTESIAN_POINT('Ctrl Pts',(0.307002267893157,-2.12832171184783,-0.659406644275366));
#8621=CARTESIAN_POINT('Ctrl Pts',(0.356762215226653,-2.0085344272444,-0.561422824075376));
#8622=CARTESIAN_POINT('Ctrl Pts',(0.472253944397446,-1.72692129666452,-0.34669346471098));
#8623=CARTESIAN_POINT('Ctrl Pts',(0.735753561819239,-0.792887990099984,
0.192835276962389));
#8624=CARTESIAN_POINT('Ctrl Pts',(0.553783338443205,0.628618960254936,0.17235011378217));
#8625=CARTESIAN_POINT('Ctrl Pts',(0.438833025023328,1.49489041722422,0.284227796582276));
#8626=CARTESIAN_POINT('Ctrl Pts',(0.377492336492933,1.76381162070953,0.344125797926122));
#8627=CARTESIAN_POINT('Ctrl Pts',(0.351538418737965,1.8829730121852,0.37595069458274));
#8628=CARTESIAN_POINT('Ctrl Pts',(0.343673183904681,1.9201436076326,0.386871642799062));
#8629=CARTESIAN_POINT('Ctrl Pts',(0.330636379395819,1.98967791540386,0.409319531029582));
#8630=CARTESIAN_POINT('Ctrl Pts',(0.325464809720242,2.02204162772773,0.420846471043781));
#8631=CARTESIAN_POINT('Ctrl Pts',(0.322200834117333,2.05214832530591,0.432666753525073));
#8632=CARTESIAN_POINT('Ctrl Pts',(-0.0314173822611455,-2.3086808018612,
-0.818872643126373));
#8633=CARTESIAN_POINT('Ctrl Pts',(-0.0282408989454367,-2.28123150971111,
-0.793872086818494));
#8634=CARTESIAN_POINT('Ctrl Pts',(-0.0243068448003626,-2.24986526176528,
-0.766134430975332));
#8635=CARTESIAN_POINT('Ctrl Pts',(-0.0153493188756641,-2.17965247934813,
-0.70645428214117));
#8636=CARTESIAN_POINT('Ctrl Pts',(-0.0103258470960395,-2.14080594487681,
-0.674511789150171));
#8637=CARTESIAN_POINT('Ctrl Pts',(0.0057401086583886,-2.0135763492736,-0.574281097339509));
#8638=CARTESIAN_POINT('Ctrl Pts',(0.0418541818294669,-1.7163571893102,-0.356206862367534));
#8639=CARTESIAN_POINT('Ctrl Pts',(0.118234666166404,-0.75323054030673,0.169296577179047));
#8640=CARTESIAN_POINT('Ctrl Pts',(-0.0120230073280159,0.628502429451415,
0.169034533877436));
#8641=CARTESIAN_POINT('Ctrl Pts',(-0.0028519703425904,1.49341249786208,
0.278181477562435));
#8642=CARTESIAN_POINT('Ctrl Pts',(0.00820878906999322,1.77025337770555,
0.339267819304988));
#8643=CARTESIAN_POINT('Ctrl Pts',(0.0135125751088321,1.89391894710244,0.371929711651866));
#8644=CARTESIAN_POINT('Ctrl Pts',(0.0152427381772027,1.9326816584806,0.383170129346759));
#8645=CARTESIAN_POINT('Ctrl Pts',(0.0183917031749328,2.00543616996785,0.406312851025367));
#8646=CARTESIAN_POINT('Ctrl Pts',(0.0198105051042921,2.03942797007694,0.418215155009081));
#8647=CARTESIAN_POINT('Ctrl Pts',(0.0209557115058818,2.07110800400445,0.430426225035683));
#8648=CARTESIAN_POINT('Ctrl Pts',(-0.303340001332385,-2.28554146000143,
-0.799674520856646));
#8649=CARTESIAN_POINT('Ctrl Pts',(-0.305727713871388,-2.25858634129299,
-0.776092607397705));
#8650=CARTESIAN_POINT('Ctrl Pts',(-0.309498006655332,-2.22788316253218,
-0.74982908842203));
#8651=CARTESIAN_POINT('Ctrl Pts',(-0.319132349284098,-2.15904607313926,
-0.693093543639175));
#8652=CARTESIAN_POINT('Ctrl Pts',(-0.324996399128921,-2.12091216250714,
-0.662621517831993));
#8653=CARTESIAN_POINT('Ctrl Pts',(-0.344722079111205,-1.99546241515391,
-0.566624736466126));
#8654=CARTESIAN_POINT('Ctrl Pts',(-0.39270756086703,-1.70037085861998,-0.356308357957103));
#8655=CARTESIAN_POINT('Ctrl Pts',(-0.508014649466501,-0.707972072187663,
0.165694416040407));
#8656=CARTESIAN_POINT('Ctrl Pts',(-0.578768308491477,0.630473909756479,
0.186026263872205));
#8657=CARTESIAN_POINT('Ctrl Pts',(-0.444743832527162,1.49902935824771,0.290378356350859));
#8658=CARTESIAN_POINT('Ctrl Pts',(-0.36240006617382,1.76899153671577,0.34755158627477));
#8659=CARTESIAN_POINT('Ctrl Pts',(-0.326394013529115,1.88879388446686,0.378147657030727));
#8660=CARTESIAN_POINT('Ctrl Pts',(-0.315252967736208,1.92619821013674,0.388681256581712));
#8661=CARTESIAN_POINT('Ctrl Pts',(-0.29624558878376,1.99625848714851,0.410407325120242));
#8662=CARTESIAN_POINT('Ctrl Pts',(-0.28837925562422,2.0289144384904,0.421599794107786));
#8663=CARTESIAN_POINT('Ctrl Pts',(-0.282926663342717,2.05935180575147,0.433116223232888));
#8664=CARTESIAN_POINT('Ctrl Pts',(-0.482717249043253,-2.25819411842784,
-0.776762767983743));
#8665=CARTESIAN_POINT('Ctrl Pts',(-0.487938179290681,-2.2334149683808,-0.755616716098716));
#8666=CARTESIAN_POINT('Ctrl Pts',(-0.497644830231284,-2.20517206759215,
-0.731857108853103));
#8667=CARTESIAN_POINT('Ctrl Pts',(-0.522771327511698,-2.13967516065949,
-0.678790412311526));
#8668=CARTESIAN_POINT('Ctrl Pts',(-0.537473003673704,-2.10296732294284,
-0.649948234129878));
#8669=CARTESIAN_POINT('Ctrl Pts',(-0.585150634996006,-1.98110586366165,
-0.558117439313908));
#8670=CARTESIAN_POINT('Ctrl Pts',(-0.693620003944606,-1.68783605024216,
-0.351712692797591));
#8671=CARTESIAN_POINT('Ctrl Pts',(-0.940480788171412,-0.677077724061996,
0.173199261644553));
#8672=CARTESIAN_POINT('Ctrl Pts',(-0.97063288126458,0.632959545425963,0.206412625501304));
#8673=CARTESIAN_POINT('Ctrl Pts',(-0.748560968540318,1.50589930841308,0.306438168265995));
#8674=CARTESIAN_POINT('Ctrl Pts',(-0.615879975477608,1.77106853686099,0.359728431568985));
#8675=CARTESIAN_POINT('Ctrl Pts',(-0.555597005901313,1.88560141298346,0.387425994909594));
#8676=CARTESIAN_POINT('Ctrl Pts',(-0.536642571866133,1.92092974003847,0.396822365881735));
#8677=CARTESIAN_POINT('Ctrl Pts',(-0.503849081308071,1.98629851556957,0.416178147998605));
#8678=CARTESIAN_POINT('Ctrl Pts',(-0.490850751074058,2.01590958901335,0.42610867609583));
#8679=CARTESIAN_POINT('Ctrl Pts',(-0.483460190448126,2.04352045387132,0.436434541504803));
#8680=CARTESIAN_POINT('Ctrl Pts',(-0.535122249822766,-2.24861065310976,
-0.768711290071221));
#8681=CARTESIAN_POINT('Ctrl Pts',(-0.544386065326103,-2.22435128346185,
-0.748181546897166));
#8682=CARTESIAN_POINT('Ctrl Pts',(-0.556069346787389,-2.19656428252627,
-0.724909286887801));
#8683=CARTESIAN_POINT('Ctrl Pts',(-0.586617937824443,-2.13256550519572,
-0.673308938960451));
#8684=CARTESIAN_POINT('Ctrl Pts',(-0.60447551236208,-2.09669788515125,-0.645225052510282));
#8685=CARTESIAN_POINT('Ctrl Pts',(-0.661557139467207,-1.97619182968049,
-0.554820835846972));
#8686=CARTESIAN_POINT('Ctrl Pts',(-0.789756007646332,-1.68356693738953,
-0.349402173269139));
#8687=CARTESIAN_POINT('Ctrl Pts',(-1.07843269306975,-0.667287858514046,
0.177401954588956));
#8688=CARTESIAN_POINT('Ctrl Pts',(-1.0957220050057,0.633955928222572,0.214481840066507));
#8689=CARTESIAN_POINT('Ctrl Pts',(-0.845233053773825,1.50863217594755,0.31294346437501));
#8690=CARTESIAN_POINT('Ctrl Pts',(-0.696293823224026,1.77226476705733,0.364781383344869));
#8691=CARTESIAN_POINT('Ctrl Pts',(-0.627840479838743,1.88480513476898,0.391276365253756));
#8692=CARTESIAN_POINT('Ctrl Pts',(-0.606025410691918,1.91910593603232,0.400204029627378));
#8693=CARTESIAN_POINT('Ctrl Pts',(-0.568321166075389,1.98246574013251,0.418551750175928));
#8694=CARTESIAN_POINT('Ctrl Pts',(-0.553531013518828,2.01118050076025,0.427859092585566));
#8695=CARTESIAN_POINT('Ctrl Pts',(-0.541996308120385,2.03782662093294,0.437615055910794));
#8696=CARTESIAN_POINT('Ctrl Pts',(-0.625157421133574,-2.22850835288648,
-0.751779880336404));
#8697=CARTESIAN_POINT('Ctrl Pts',(-0.643198204298971,-2.20549512195701,
-0.732540780497589));
#8698=CARTESIAN_POINT('Ctrl Pts',(-0.661262937412872,-2.18012606151544,
-0.711312968712901));
#8699=CARTESIAN_POINT('Ctrl Pts',(-0.703685927254341,-2.11997692152139,
-0.663130316668528));
#8700=CARTESIAN_POINT('Ctrl Pts',(-0.727630020765335,-2.08536700854041,
-0.636190070969083));
#8701=CARTESIAN_POINT('Ctrl Pts',(-0.803196100863328,-1.96742545227621,
-0.548127280298104));
#8702=CARTESIAN_POINT('Ctrl Pts',(-0.969263459319354,-1.67509507046269,
-0.343033484665578));
#8703=CARTESIAN_POINT('Ctrl Pts',(-1.3351804276078,-0.649582942545325,0.189664540041531));
#8704=CARTESIAN_POINT('Ctrl Pts',(-1.32924436622618,0.636321705841845,0.233172344394706));
#8705=CARTESIAN_POINT('Ctrl Pts',(-1.02476341475204,1.51498313972033,0.32826993314193));
#8706=CARTESIAN_POINT('Ctrl Pts',(-0.844800320913521,1.77665039276789,0.377047937830644));
#8707=CARTESIAN_POINT('Ctrl Pts',(-0.760270296219191,1.8853751426705,0.400977437458074));
#8708=CARTESIAN_POINT('Ctrl Pts',(-0.733002208358569,1.91793191320118,0.40887735354773));
#8709=CARTESIAN_POINT('Ctrl Pts',(-0.684237135434597,1.97616099893046,0.424554174089159));
#8710=CARTESIAN_POINT('Ctrl Pts',(-0.663152360845496,2.00164490486107,0.432258567956545));
#8711=CARTESIAN_POINT('Ctrl Pts',(-0.642451760739148,2.0256055237662,0.440124901353478));
#8712=CARTESIAN_POINT('Ctrl Pts',(-0.662787591664868,-2.21798951798128,
-0.742899948514108));
#8713=CARTESIAN_POINT('Ctrl Pts',(-0.684227807320602,-2.19428428579787,
-0.723185530072858));
#8714=CARTESIAN_POINT('Ctrl Pts',(-0.707579916934549,-2.17272271556226,
-0.70480881929824));
#8715=CARTESIAN_POINT('Ctrl Pts',(-0.755884720044826,-2.11530942842234,
-0.658896907127643));
#8716=CARTESIAN_POINT('Ctrl Pts',(-0.783017690217223,-2.08043102746701,
-0.6321636107669));
#8717=CARTESIAN_POINT('Ctrl Pts',(-0.86842855778825,-1.96357310885311,-0.544730328216172));
#8718=CARTESIAN_POINT('Ctrl Pts',(-1.05263490729065,-1.67089231638848,-0.338975315590469));
#8719=CARTESIAN_POINT('Ctrl Pts',(-1.45397625724751,-0.641667892124555,
0.197724432549703));
#8720=CARTESIAN_POINT('Ctrl Pts',(-1.43767760370553,0.637691100664509,0.243793634157702));
#8721=CARTESIAN_POINT('Ctrl Pts',(-1.10762169049674,1.51860123595864,0.337091105799836));
#8722=CARTESIAN_POINT('Ctrl Pts',(-0.912892970856598,1.77983978828212,0.384261540540535));
#8723=CARTESIAN_POINT('Ctrl Pts',(-0.819535547118983,1.88685926629191,0.406882914805638));
#8724=CARTESIAN_POINT('Ctrl Pts',(-0.789550369802465,1.91923182963928,0.414202397998325));
#8725=CARTESIAN_POINT('Ctrl Pts',(-0.735281852441235,1.97402756672399,0.428189123140004));
#8726=CARTESIAN_POINT('Ctrl Pts',(-0.708635387218036,1.99503295469115,0.434057942919363));
#8727=CARTESIAN_POINT('Ctrl Pts',(-0.684371095685652,2.01907825953783,0.441454232390172));
#8728=CARTESIAN_POINT('Ctrl Pts',(-0.702115983406221,-2.20638655315364,
-0.733077278675661));
#8729=CARTESIAN_POINT('Ctrl Pts',(-0.727196799678239,-2.18510588997478,
-0.715249878635932));
#8730=CARTESIAN_POINT('Ctrl Pts',(-0.750270703341817,-2.16469336756593,
-0.698005506409526));
#8731=CARTESIAN_POINT('Ctrl Pts',(-0.802189155181895,-2.11135951347012,
-0.655386699220973));
#8732=CARTESIAN_POINT('Ctrl Pts',(-0.831033703358396,-2.07843818178316,
-0.630012264258826));
#8733=CARTESIAN_POINT('Ctrl Pts',(-0.926223314657288,-1.96091097280515,
-0.541693865268775));
#8734=CARTESIAN_POINT('Ctrl Pts',(-1.12740994352231,-1.66684676448605,-0.33394812811065));
#8735=CARTESIAN_POINT('Ctrl Pts',(-1.55981948629853,-0.635119406337025,
0.207940446878623));
#8736=CARTESIAN_POINT('Ctrl Pts',(-1.53498735543971,0.639265669939783,0.255693238429653));
#8737=CARTESIAN_POINT('Ctrl Pts',(-1.18126645019019,1.52266167675475,0.347076129535998));
#8738=CARTESIAN_POINT('Ctrl Pts',(-0.972743878351181,1.78451845229966,0.392641790839953));
#8739=CARTESIAN_POINT('Ctrl Pts',(-0.870608295543355,1.89144583660395,0.41413836558077));
#8740=CARTESIAN_POINT('Ctrl Pts',(-0.839274926056595,1.92174069775042,0.42063109541362));
#8741=CARTESIAN_POINT('Ctrl Pts',(-0.782031836648109,1.97163521946676,0.432270964917807));
#8742=CARTESIAN_POINT('Ctrl Pts',(-0.756122116726382,1.99123488003664,0.437418104589145));
#8743=CARTESIAN_POINT('Ctrl Pts',(-0.727994297108744,2.01185070453662,0.442946942224407));
#8744=CARTESIAN_POINT('',(3.74387775953057E-22,0.0484372458066682,0.058447327651679));
#8745=UNCERTAINTY_MEASURE_WITH_UNIT(LENGTH_MEASURE(0.000393700787401575),
#8752,'DISTANCE_ACCURACY_VALUE',
'Maximum model space distance between geometric entities at asserted c
onnectivities');
#8746=UNCERTAINTY_MEASURE_WITH_UNIT(LENGTH_MEASURE(0.000393700787401575),
#8752,'DISTANCE_ACCURACY_VALUE',
'Maximum model space distance between geometric entities at asserted c
onnectivities');
#8747=UNCERTAINTY_MEASURE_WITH_UNIT(LENGTH_MEASURE(0.000393700787401575),
#8752,'DISTANCE_ACCURACY_VALUE',
'Maximum model space distance between geometric entities at asserted c
onnectivities');
#8748=(
GEOMETRIC_REPRESENTATION_CONTEXT(3)
GLOBAL_UNCERTAINTY_ASSIGNED_CONTEXT((#8745))
GLOBAL_UNIT_ASSIGNED_CONTEXT((#8752,#8756,#8757))
REPRESENTATION_CONTEXT('','3D')
);
#8749=(
GEOMETRIC_REPRESENTATION_CONTEXT(3)
GLOBAL_UNCERTAINTY_ASSIGNED_CONTEXT((#8746))
GLOBAL_UNIT_ASSIGNED_CONTEXT((#8752,#8756,#8757))
REPRESENTATION_CONTEXT('','3D')
);
#8750=(
GEOMETRIC_REPRESENTATION_CONTEXT(3)
GLOBAL_UNCERTAINTY_ASSIGNED_CONTEXT((#8747))
GLOBAL_UNIT_ASSIGNED_CONTEXT((#8752,#8756,#8757))
REPRESENTATION_CONTEXT('','3D')
);
#8751=DIMENSIONAL_EXPONENTS(1.,0.,0.,0.,0.,0.,0.);
#8752=(
CONVERSION_BASED_UNIT('inch',#8755)
LENGTH_UNIT()
NAMED_UNIT(#8751)
);
#8753=(
LENGTH_UNIT()
NAMED_UNIT(*)
SI_UNIT(.MILLI.,.METRE.)
);
#8754=(
LENGTH_UNIT()
NAMED_UNIT(*)
SI_UNIT($,.METRE.)
);
#8755=LENGTH_MEASURE_WITH_UNIT(LENGTH_MEASURE(25.4),#8753);
#8756=(
NAMED_UNIT(*)
PLANE_ANGLE_UNIT()
SI_UNIT($,.RADIAN.)
);
#8757=(
NAMED_UNIT(*)
SI_UNIT($,.STERADIAN.)
SOLID_ANGLE_UNIT()
);
#8758=SHAPE_DEFINITION_REPRESENTATION(#8760,#8763);
#8759=SHAPE_DEFINITION_REPRESENTATION(#8761,#8764);
#8760=PRODUCT_DEFINITION_SHAPE('',$,#8766);
#8761=PRODUCT_DEFINITION_SHAPE('',$,#8767);
#8762=PRODUCT_DEFINITION_SHAPE($,$,#14);
#8763=SHAPE_REPRESENTATION('',(#1375,#1433),#8748);
#8764=SHAPE_REPRESENTATION('',(#1376),#8749);
#8765=PRODUCT_DEFINITION_CONTEXT('part definition',#8773,'design');
#8766=PRODUCT_DEFINITION('chassis v1','chassis v1 v6',#8768,#8765);
#8767=PRODUCT_DEFINITION('MOUNTING SYSTEM V2','MOUNTING SYSTEM V2 v3',#8769,
#8765);
#8768=PRODUCT_DEFINITION_FORMATION('',$,#8775);
#8769=PRODUCT_DEFINITION_FORMATION('',$,#8776);
#8770=PRODUCT_RELATED_PRODUCT_CATEGORY('chassis v1 v6','chassis v1 v6',
(#8775));
#8771=PRODUCT_RELATED_PRODUCT_CATEGORY('MOUNTING SYSTEM V2 v3',
'MOUNTING SYSTEM V2 v3',(#8776));
#8772=APPLICATION_PROTOCOL_DEFINITION('international standard',
'automotive_design',2009,#8773);
#8773=APPLICATION_CONTEXT(
'Core Data for Automotive Mechanical Design Process');
#8774=PRODUCT_CONTEXT('part definition',#8773,'mechanical');
#8775=PRODUCT('chassis v1','chassis v1 v6',$,(#8774));
#8776=PRODUCT('MOUNTING SYSTEM V2','MOUNTING SYSTEM V2 v3',$,(#8774));
#8777=PRESENTATION_STYLE_ASSIGNMENT((#8778));
#8778=SURFACE_STYLE_USAGE(.BOTH.,#8779);
#8779=SURFACE_SIDE_STYLE('',(#8780));
#8780=SURFACE_STYLE_FILL_AREA(#8781);
#8781=FILL_AREA_STYLE('Steel - Satin',(#8782));
#8782=FILL_AREA_STYLE_COLOUR('Steel - Satin',#8783);
#8783=COLOUR_RGB('Steel - Satin',0.627450980392157,0.627450980392157,0.627450980392157);
ENDSEC;
END-ISO-10303-21;
